s,t,expected s-t distance,standard deviation of s-t distance,s,t,entropy,frequency of mode
0,0,0.0,0.0,0,0,-0.0,1.0
0,1,inf,,0,1,-0.0,1.0
0,2,57.29085296178912,7.79940549123893,0,2,0.08758318293036699,0.9826388888888888
0,3,83.48426458237518,9.510647785464338,0,3,0.5561835148125577,0.7810185185185186
0,4,46.71470003438656,6.085739778683263,0,4,-0.0,1.0
0,5,87.26405170939339,10.31120035424989,0,5,0.5598049024018398,0.7810185185185186
0,6,inf,,0,6,-0.0,1.0
0,7,89.5465922997593,10.461250822694193,0,7,0.5723202517139355,0.7798611111111111
0,8,41.07479475790296,7.607160727731954,0,8,-0.0,1.0
0,9,77.67912701403222,9.123827013602366,0,9,0.5561835148125577,0.7810185185185186
0,10,11.235960817819418,1.3761329937581739,0,10,-0.0,1.0
0,11,63.62444440951173,7.8868510539104415,0,11,0.3389372451514587,0.8960648148148148
0,12,39.22168995148843,5.335022697101657,0,12,-0.0,1.0
0,13,inf,,0,13,-0.0,1.0
0,14,19.411079809284733,2.506133031694116,0,14,-0.0,1.0
0,15,65.03351740793757,7.545500510842352,0,15,0.5509112244639218,0.7814814814814814
0,16,21.822858184791613,2.335148427117533,0,16,-0.0,1.0
0,17,95.82739219288881,10.883439110177271,0,17,1.3284807957263627,0.4162037037037037
0,18,27.08194198884021,3.474528279793039,0,18,-0.0,1.0
0,19,54.62898099319667,6.850927475307992,0,19,0.0021691886415661126,0.9997685185185186
0,20,87.78082166821314,9.846799522058525,0,20,0.6693162285178402,0.767824074074074
0,21,50.00199520009491,6.48168494438409,0,21,0.0021691886415661126,0.9997685185185186
0,22,90.92750042304151,10.049963915916214,0,22,0.6693162285178402,0.767824074074074
0,23,78.3916414526945,8.236949844107064,0,23,0.9993981384836712,0.5037037037037037
0,24,68.05422885871995,7.468571355288851,0,24,0.8994581925272062,0.6643518518518519
0,25,34.98746209518055,4.2869324108473235,0,25,-0.0,1.0
0,26,58.529253141585656,7.193615090555316,0,26,0.02977833820046416,0.9958333333333333
0,27,39.705214510766254,5.755030827325609,0,27,0.25421153927637286,0.9356481481481481
0,28,72.00669216840734,7.838638057254797,0,28,0.9993981384836712,0.5037037037037037
0,29,100.50575888679869,10.279897606196542,0,29,1.4899334386188463,0.575
0,30,30.29353454776859,2.9672536402577285,0,30,-0.0,1.0
0,31,34.53177373870833,3.7134753272229992,0,31,0.23629183010932076,0.9365740740740741
0,32,47.79910032427084,6.231731037187988,0,32,0.0021691886415661126,0.9997685185185186
0,33,91.40842426676636,9.130088690408416,0,33,1.2028789780311153,0.6236111111111111
0,34,105.9638583914722,10.97099940615252,0,34,1.4899334386188463,0.575
0,35,59.846680293423425,7.215504270692046,0,35,0.029735286559238017,0.9956018518518519
0,36,97.73288774160673,10.248647509249583,0,36,1.2080438136038716,0.6231481481481481
0,37,66.04086998640295,7.656551267946412,0,37,0.9192287702927547,0.6219907407407408
0,38,82.1303257635067,8.507469902185719,0,38,0.9752473759954916,0.6752314814814815
0,39,90.99296085351389,12.108865229841308,0,39,0.09805712680063995,0.98125
0,40,60.30082464198379,7.74118129089719,0,40,0.07349261238414403,0.9877314814814815
0,41,92.97248473240529,9.574556311219887,0,41,0.9935622468052395,0.6731481481481482
0,42,69.82257916629614,8.067679789360845,0,42,0.049352459168815616,0.993287037037037
0,43,108.49817008768734,12.011162495551204,0,43,1.2080438136038716,0.6231481481481481
0,44,77.39221506358798,9.015957693861024,0,44,1.0976019782538302,0.5877314814814815
0,45,76.26807921040748,9.670655517804427,0,45,0.09805712680063995,0.98125
0,46,103.38353826734914,11.086281098457656,0,46,0.9935622468052395,0.6731481481481482
0,47,71.0955932029954,8.876117772177803,0,47,0.07922851681266488,0.987037037037037
0,48,76.62276318120132,9.21783475633603,0,48,0.049352459168815616,0.993287037037037
0,49,78.23743108361099,9.763268457576457,0,49,0.35030381741880096,0.8979166666666667
0,50,82.75870491581725,10.11164596622823,0,50,0.35030381741880096,0.8979166666666667
0,51,75.22273619068541,9.338374472461322,0,51,0.08974298366527932,0.9863425925925926
0,52,80.19932445048381,9.94961469382196,0,52,0.65278041587046,0.6587962962962963
0,53,85.40926494552787,10.236658531224654,0,53,1.324686433728612,0.4710648148148148
0,54,81.18262514162042,9.858264038492642,0,54,0.14678925048674699,0.9761574074074074
0,55,85.15223218209256,10.407687397309783,0,55,0.049352459168815616,0.993287037037037
0,56,83.37728170178018,10.10178603172788,0,56,0.24713660263311055,0.9527777777777777
0,57,90.24961460392156,11.522422185811195,0,57,0.09805712680063995,0.98125
0,58,131.03520429262994,17.576413320448946,0,58,0.867448146350278,0.6206018518518519
0,59,96.68796985904638,12.229675043629397,0,59,1.324686433728612,0.4710648148148148
0,60,93.89768049976875,11.128592518623963,0,60,0.7485564804009073,0.7476851851851852
0,61,100.03611539812293,13.038086732297057,0,61,0.24713660263311055,0.9527777777777777
0,62,93.27512590095405,11.75297302256893,0,62,0.867448146350278,0.6206018518518519
0,63,105.4966952927941,13.817712970514712,0,63,0.867448146350278,0.6206018518518519
0,64,101.49517222046767,13.009299911253278,0,64,0.867448146350278,0.6206018518518519
0,65,113.13957551505803,14.329739267395576,0,65,0.867448146350278,0.6206018518518519
0,66,138.96436506237455,23.70222577499688,0,66,0.867448146350278,0.6206018518518519
1,0,22.44482109569443,3.3712518100436175,1,0,-0.0,1.0
1,1,0.0,0.0,1,1,-0.0,1.0
1,2,56.99802461711586,8.229385211338656,1,2,0.08758318293036699,0.9826388888888888
1,3,83.19143623770144,9.764226442786237,1,3,0.5561835148125577,0.7810185185185186
1,4,46.42187168971296,6.484601017325503,1,4,-0.0,1.0
1,5,86.97122336471999,10.556216211258876,1,5,0.5598049024018398,0.7810185185185186
1,6,inf,,1,6,-0.0,1.0
1,7,89.25376395508538,10.70889727955073,1,7,0.5723202517139355,0.7798611111111111
1,8,40.78196641322906,7.911317415839773,1,8,-0.0,1.0
1,9,77.38629866935871,9.410734109913394,1,9,0.5561835148125577,0.7810185185185186
1,10,10.943132473145845,2.896514614858379,1,10,-0.0,1.0
1,11,63.331616064837945,8.256187614605835,1,11,0.3389372451514587,0.8960648148148148
1,12,38.92886160681488,5.858872706934496,1,12,-0.0,1.0
1,13,inf,,1,13,-0.0,1.0
1,14,19.118251464611127,3.6264234167176523,1,14,-0.0,1.0
1,15,64.74068906326416,7.883160885643039,1,15,0.5509112244639218,0.7814814814814814
1,16,21.53002984011799,3.2607855935678067,1,16,-0.0,1.0
1,17,95.53456384821543,11.078500224391572,1,17,1.3284807957263627,0.4162037037037037
1,18,26.78911364416664,4.348929115237933,1,18,-0.0,1.0
1,19,54.33615264852305,7.1722432358186605,1,19,0.0021691886415661126,0.9997685185185186
1,20,87.48799332353906,10.08843770040089,1,20,0.6693162285178402,0.767824074074074
1,21,49.70916685542131,6.826430257877028,1,21,0.0021691886415661126,0.9997685185185186
1,22,90.6346720783682,10.291394995111295,1,22,0.6693162285178402,0.767824074074074
1,23,78.09881310802089,8.516955222593461,1,23,0.9993981384836712,0.5037037037037037
1,24,67.76140051404629,7.78863200529742,1,24,0.8994581925272062,0.6643518518518519
1,25,34.69463375050694,5.0386329389058195,1,25,-0.0,1.0
1,26,58.23642479691199,7.49847845925779,1,26,0.02977833820046416,0.9958333333333333
1,27,39.41238616609258,6.283819185170495,1,27,0.25421153927637286,0.9356481481481481
1,28,71.7138638237337,8.12830674117171,1,28,0.9993981384836712,0.5037037037037037
1,29,100.21293054212492,10.485571075666934,1,29,1.4899334386188463,0.575
1,30,30.000706203094847,3.6325435827809813,1,30,-0.0,1.0
1,31,34.238945394034744,4.329701298340097,1,31,0.23629183010932076,0.9365740740740741
1,32,47.506271979597045,6.671376540583522,1,32,0.0021691886415661126,0.9997685185185186
1,33,91.11559592209277,9.386009549024928,1,33,1.2028789780311153,0.6236111111111111
1,34,105.67103004679855,11.142672291465097,1,34,1.4899334386188463,0.575
1,35,59.55385194874987,7.5502121337384605,1,35,0.029735286559238017,0.9956018518518519
1,36,97.44005939693291,10.471458943945647,1,36,1.2080438136038716,0.6231481481481481
1,37,65.7480416417292,7.924400574667768,1,37,0.9192287702927547,0.6219907407407408
1,38,81.83749741883365,8.772131367929482,1,38,0.9752473759954916,0.6752314814814815
1,39,90.7001325088402,12.216198107494318,1,39,0.09805712680063995,0.98125
1,40,60.00799629731013,8.09192536162237,1,40,0.07349261238414403,0.9877314814814815
1,41,92.67965638773144,9.819764342194059,1,41,0.9935622468052395,0.6731481481481482
1,42,69.52975082162274,8.386101947042992,1,42,0.049352459168815616,0.993287037037037
1,43,108.20534174301416,12.220325941372531,1,43,1.2080438136038716,0.6231481481481481
1,44,77.09938671891423,9.267534852611584,1,44,1.0976019782538302,0.5877314814814815
1,45,75.97525086573377,9.911360351707632,1,45,0.09805712680063995,0.98125
1,46,103.09070992267597,11.258335122567185,1,46,0.9935622468052395,0.6731481481481482
1,47,70.80276485832184,9.176645652752464,1,47,0.07922851681266488,0.987037037037037
1,48,76.329934836528,9.530101119410894,1,48,0.049352459168815616,0.993287037037037
1,49,77.94460273893733,10.013215297139745,1,49,0.35030381741880096,0.8979166666666667
1,50,82.46587657114357,10.344209895652961,1,50,0.35030381741880096,0.8979166666666667
1,51,74.92990784601137,9.61271149888054,1,51,0.08974298366527932,0.9863425925925926
1,52,79.9064961058103,10.196459007702755,1,52,0.65278041587046,0.6587962962962963
1,53,85.11643660085409,10.430748677072309,1,53,1.324686433728612,0.4710648148148148
1,54,80.8897967969467,10.113730034188325,1,54,0.14678925048674699,0.9761574074074074
1,55,84.85940383741907,10.710604157613515,1,55,0.049352459168815616,0.993287037037037
1,56,83.08445335710631,10.342566460482653,1,56,0.24713660263311055,0.9527777777777777
1,57,89.95678625924792,11.711943052666475,1,57,0.09805712680063995,0.98125
1,58,130.74237594795605,17.72010091788731,1,58,0.867448146350278,0.6206018518518519
1,59,96.39514151437265,12.388028436483362,1,59,1.324686433728612,0.4710648148148148
1,60,93.60485215509475,11.344196579200236,1,60,0.7485564804009073,0.7476851851851852
1,61,99.7432870534492,13.20602864510788,1,61,0.24713660263311055,0.9527777777777777
1,62,92.98229755628002,11.98544350280866,1,62,0.867448146350278,0.6206018518518519
1,63,105.20386694811998,14.002438105426572,1,63,0.867448146350278,0.6206018518518519
1,64,101.20234387579379,13.236612198033031,1,64,0.867448146350278,0.6206018518518519
1,65,112.84674717038426,14.501261455129882,1,65,0.867448146350278,0.6206018518518519
1,66,138.67153671770183,23.79841815699213,1,66,0.867448146350278,0.6206018518518519
2,0,82.72417639132193,9.97642610859568,2,0,0.032728967872544736,0.9956018518518519
2,1,inf,,2,1,-0.0,1.0
2,2,0.0,0.0,2,2,-0.0,1.0
2,3,31.837347015604294,5.5251354135518405,2,3,-0.0,1.0
2,4,46.122536619807974,6.112996126146936,2,4,-0.0,1.0
2,5,35.620100685865744,6.491897338026738,2,5,0.0021691886415661126,0.9997685185185186
2,6,inf,,2,6,-0.0,1.0
2,7,37.911167325555496,6.655379268498079,2,7,0.007913507739646365,0.9990740740740741
2,8,101.06014075112499,13.421643543575827,2,8,0.03330813734423246,0.9956018518518519
2,9,26.032209447261558,5.080049203638751,2,9,-0.0,1.0
2,10,71.22248776877319,9.886133148005857,2,10,0.032728967872544736,0.9956018518518519
2,11,6.938686278456005,1.8794156916634268,2,11,-0.0,1.0
2,12,38.62952653690975,5.2717768218784595,2,12,-0.0,1.0
2,13,inf,,2,13,-0.0,1.0
2,14,62.21647094726625,8.899338297245846,2,14,0.032728967872544736,0.9956018518518519
2,15,13.384488926134257,2.9276304887926043,2,15,-0.0,1.0
2,16,81.80820417801404,10.6747077460482,2,16,0.03330813734423246,0.9956018518518519
2,17,44.250872456085624,6.957903958845216,2,17,0.6988991112162918,0.5270833333333333
2,18,69.74285281517115,9.67224962725301,2,18,0.14374937187015435,0.975
2,19,22.235033127532343,3.3422196906233803,2,19,-0.0,1.0
2,20,36.22731189518749,5.9925425436557225,2,20,0.05766788933321316,0.9909722222222223
2,21,27.931715655460618,4.006427747296904,2,21,-0.0,1.0
2,22,39.373990650016324,6.2070900962509175,2,22,0.05766788933321316,0.9909722222222223
2,23,31.889725847650528,4.46732605380169,2,23,0.0040174222145676316,0.999537037037037
2,24,19.741019985414393,3.4910649435424617,2,24,0.0021691886415661126,0.9997685185185186
2,25,74.93495333019447,9.568897804925912,2,25,1.177069855160215,0.5078703703703704
2,26,36.456049950930506,4.865453877671711,2,26,0.028871307913804854,0.9958333333333333
2,27,82.71071951348408,12.123461166664027,2,27,0.16414973837602387,0.9719907407407408
2,28,25.504776563363425,3.936291271780083,2,28,0.0040174222145676316,0.999537037037037
2,29,53.697625277282555,7.700455954426786,2,29,1.3640501558597957,0.32013888888888886
2,30,90.27888054099067,11.273172604044383,2,30,0.03330813734423246,0.9956018518518519
2,31,93.8040655180624,11.71364954234751,2,31,0.7181552100049243,0.756712962962963
2,32,66.10283518441675,9.085890047075145,2,32,0.9937349000387989,0.5770833333333333
2,33,45.70944634846758,6.425821252649182,2,33,0.6970975906581609,0.5055555555555555
2,34,59.155724781955975,8.415379652947552,2,34,1.3640501558597957,0.32013888888888886
2,35,37.21371475607634,4.766939219233378,2,35,0.5418921994063981,0.767824074074074
2,36,52.03155063581946,7.679133952398386,2,36,0.7085337277572389,0.5046296296296297
2,37,43.97692117193283,5.503013667620008,2,37,0.9717670629080739,0.5784722222222223
2,38,38.447458954534724,5.838524755780393,2,38,0.07273785580280635,0.9886574074074074
2,39,98.23289831460421,13.972161799919355,2,39,1.1339750631541854,0.5622685185185186
2,40,54.33809381670372,7.1397043147276005,2,40,0.9717670629080739,0.5784722222222223
2,41,49.1265894092987,6.575393525661305,2,41,0.14179861036712788,0.9712962962962963
2,42,47.19995993529412,5.789515810407377,2,42,0.5452332206726401,0.767824074074074
2,43,62.79683298190047,9.692663838495307,2,43,0.7085337277572389,0.5046296296296297
2,44,55.52537049282404,7.088406158652326,2,44,0.9863086140273539,0.5770833333333333
2,45,83.50801667149778,11.526780546536234,2,45,1.1339750631541854,0.5622685185185186
2,46,59.537642944243174,8.13024853114069,2,46,0.14179861036712788,0.9712962962962963
2,47,65.13286237771526,8.296834552623139,2,47,0.9771312526037228,0.5777777777777777
2,48,53.93973152402077,6.944290984013572,2,48,0.6051945898075727,0.7601851851851852
2,49,72.69666490162943,9.716515982159297,2,49,1.0038700011776645,0.5756944444444444
2,50,77.21793873383567,10.087555383300849,2,50,1.0038700011776645,0.5756944444444444
2,51,69.20564303699754,8.7778273404185,2,51,1.0598440821180768,0.5729166666666666
2,52,77.75790338116227,10.448138139468874,2,52,1.0271524292450114,0.5743055555555555
2,53,63.245345127759315,8.251820238624179,2,53,1.479349367058118,0.40347222222222223
2,54,73.91526787671289,9.41723750168607,2,54,1.8336816015533763,0.36342592592592593
2,55,62.469200524912125,8.248680404419435,2,55,0.6051945898075727,0.7601851851851852
2,56,73.34695334203244,9.427295356824084,2,56,1.8715386817322408,0.3277777777777778
2,57,97.48955206501172,13.247410500480317,2,57,1.1339750631541854,0.5622685185185186
2,58,127.69626722635665,17.8532826580065,2,58,1.7490505272549441,0.44930555555555557
2,59,74.5240500412778,10.339267816049386,2,59,1.479349367058118,0.40347222222222223
2,60,87.46472121584034,10.847300006430473,2,60,2.020677430768224,0.3386574074074074
2,61,90.00578703837527,12.479856426439701,2,61,1.8715386817322408,0.3277777777777778
2,62,89.93618883468045,12.089992961403755,2,62,1.7490505272549441,0.44930555555555557
2,63,102.15775822652101,14.048641919142483,2,63,1.7490505272549441,0.44930555555555557
2,64,98.15623515419428,13.343094929418049,2,64,1.7490505272549441,0.44930555555555557
2,65,109.8006384487851,14.543760437946872,2,65,1.7490505272549441,0.44930555555555557
2,66,135.62542799610145,23.892045830045767,2,66,1.7490505272549441,0.44930555555555557
3,0,87.77232918169202,10.361521352846337,3,0,0.03388730681592018,0.9956018518518519
3,1,inf,,3,1,-0.0,1.0
3,2,32.03999206373852,5.799817994372682,3,2,-0.0,1.0
3,3,0.0,0.0,3,3,-0.0,1.0
3,4,51.173130901875076,6.883647571335274,3,4,-0.0,1.0
3,5,16.08914762659952,3.1233103120328476,3,5,0.0021691886415661126,0.9997685185185186
3,6,inf,,3,6,-0.0,1.0
3,7,18.38021426628936,3.3306959634139477,3,7,0.007392827050184505,0.9990740740740741
3,8,106.10829354149531,13.84315643812748,3,8,0.03446647628760789,0.9956018518518519
3,9,6.497337904240736,1.3367318589894066,3,9,-0.0,1.0
3,10,76.27064055914337,10.355817188234935,3,10,0.03388730681592018,0.9956018518518519
3,11,24.176503415643598,4.705583209465693,3,11,-0.0,1.0
3,12,43.68012081897692,6.128739940253604,3,12,-0.0,1.0
3,13,inf,,3,13,-0.0,1.0
3,14,67.26462373763663,9.4364882056221,3,14,0.03388730681592018,0.9956018518518519
3,15,18.435083208201384,3.979944428498399,3,15,-0.0,1.0
3,16,86.85635696838429,11.128952697951075,3,16,0.03446647628760789,0.9956018518518519
3,17,24.72222714825232,3.654957542221338,3,17,0.6915773216937109,0.5280092592592592
3,18,74.79100560554161,10.202659276016997,3,18,0.1456106337780766,0.975
3,19,27.285627409599556,4.4760549545453205,3,19,-0.0,1.0
3,20,16.71649531020833,3.090119634199919,3,20,0.04701283910665823,0.9921296296296296
3,21,32.98230993752786,5.130364387067674,3,21,-0.0,1.0
3,22,19.863174065036986,3.3254308390323075,3,22,0.04701283910665823,0.9921296296296296
3,23,36.93954280726149,5.310517749232604,3,23,0.006186503651555,0.9993055555555556
3,24,24.79161426748146,4.458105247401398,3,24,0.0021691886415661126,0.9997685185185186
3,25,79.9831061205647,10.320002728748534,3,25,1.1800963985033555,0.5078703703703704
3,26,41.506471675569365,5.915169539339159,3,26,0.031039529922094054,0.9956018518518519
3,27,87.75887230385433,12.583381983255684,3,27,0.16601100028394614,0.9719907407407408
3,28,30.554593522974507,4.815682538875629,3,28,0.006186503651555,0.9993055555555556
3,29,35.24034762024769,5.2860894549436885,3,29,1.0947576347931594,0.3696759259259259
3,30,95.32703333136116,11.728665089441016,3,30,0.03446647628760789,0.9956018518518519
3,31,98.8522183084331,12.180172393558507,3,31,0.7190392574608893,0.756712962962963
3,32,71.15098797478701,10.20996698751863,3,32,0.9969926207110339,0.5770833333333333
3,33,28.366681042407325,4.992474063906548,3,33,0.07867299865561847,0.9881944444444445
3,34,40.698447124921216,6.032905073987872,3,34,1.0947576347931594,0.3696759259259259
3,35,42.261867546446766,5.86455139859833,3,35,0.5452332206726401,0.767824074074074
3,36,34.589332407944546,6.085509332786068,3,36,0.12383520437184826,0.9787037037037037
3,37,49.0250739623032,6.551184615102788,3,37,0.9750269907987075,0.5784722222222223
3,38,43.25108296822453,6.217555384420487,3,38,0.18125616290642066,0.9592592592592593
3,39,103.27395726490299,14.92114904888487,3,39,1.143284125188441,0.5618055555555556
3,40,59.386246607074106,8.195372778752597,3,40,0.9750269907987075,0.5784722222222223
3,41,44.806111098548584,6.860172488407595,3,41,0.25779424340522283,0.9372685185185186
3,42,52.208118387034766,6.829002221022099,3,42,0.5963821198507754,0.7625
3,43,45.35461475402542,8.287791633440307,3,43,0.12383520437184826,0.9787037037037037
3,44,60.54835394917375,8.015877647805937,3,44,1.014499219401693,0.5745370370370371
3,45,88.54907562179643,12.486894187434277,3,45,1.143284125188441,0.5618055555555556
3,46,55.21716463349294,8.434576287637276,3,46,0.25779424340522283,0.9372685185185186
3,47,70.18101516808561,9.264242100049563,3,47,0.9803911804943564,0.5777777777777777
3,48,57.1015164532894,7.544034229964555,3,48,0.9795955346022653,0.4537037037037037
3,49,77.74421928887041,10.686606762420027,3,49,1.0089961043951752,0.5756944444444444
3,50,82.26549312107653,11.064471832795151,3,50,1.0089961043951752,0.5756944444444444
3,51,74.1508811457292,9.630570838408884,3,51,1.1221565956407362,0.5664351851851852
3,52,82.79669934518533,11.413862559096966,3,52,1.0367233319067333,0.5738425925925926
3,53,66.89846960743522,8.857303773432351,3,53,1.5811931351095403,0.3597222222222222
3,54,78.06654960079408,10.087450202288798,3,54,1.884535120515873,0.30671296296296297
3,55,65.63098545418048,8.89245820995288,3,55,0.9795955346022653,0.4537037037037037
3,56,77.11323784647955,10.047314823784033,3,56,1.8851579179297895,0.33402777777777776
3,57,102.53061101531006,14.22459230125159,3,57,1.143284125188441,0.5618055555555556
3,58,132.30613224513402,18.628524608202202,3,58,1.8218962519183708,0.42083333333333334
3,59,78.17717452095367,10.97839733784636,3,59,1.5811931351095403,0.3597222222222222
3,60,91.6335561443822,11.57709011453244,3,60,2.0503983829467676,0.28541666666666665
3,61,93.77207154282168,13.143126750449253,3,61,1.8851579179297895,0.33402777777777776
3,62,94.54605385345819,12.903814001914476,3,62,1.8218962519183708,0.42083333333333334
3,63,106.76762324529857,14.81179418795079,3,63,1.8218962519183708,0.42083333333333334
3,64,102.76610017297257,14.190607678615251,3,64,1.8218962519183708,0.42083333333333334
3,65,114.4105034675623,15.316063656316151,3,65,1.8218962519183708,0.42083333333333334
3,66,140.23529301487994,24.550393321168436,3,66,1.8218962519183708,0.42083333333333334
4,0,36.68285882252772,6.574636220795224,4,0,0.011409820297409662,0.9986111111111111
4,1,inf,,4,1,-0.0,1.0
4,2,27.947426909766214,6.357922164848687,4,2,0.08758318293036699,0.9826388888888888
4,3,54.14083853035199,7.823328058323438,4,3,0.5561835148125577,0.7810185185185186
4,4,0.0,0.0,4,4,-0.0,1.0
4,5,57.92062565737032,8.72937699072753,4,5,0.5598049024018398,0.7810185185185186
4,6,inf,,4,6,-0.0,1.0
4,7,60.20316624773601,8.88574641845658,4,7,0.5723202517139355,0.7798611111111111
4,8,55.020004140062525,10.436627720567364,4,8,0.011409820297409662,0.9986111111111111
4,9,48.33570096200915,7.376023532773041,4,9,0.5561835148125577,0.7810185185185186
4,10,25.18117019997919,6.306925731384576,4,10,0.011409820297409662,0.9986111111111111
4,11,34.2810183574884,6.292726610385752,4,11,0.3389372451514587,0.8960648148148148
4,12,9.878263899465283,2.4348243595809365,4,12,-0.0,1.0
4,13,inf,,4,13,-0.0,1.0
4,14,16.175153378472263,5.368144121931052,4,14,0.011409820297409662,0.9986111111111111
4,15,35.69009135591429,5.344149123486571,4,15,0.5509112244639218,0.7814814814814814
4,16,35.7680675669514,6.86370609169017,4,16,0.011409820297409662,0.9986111111111111
4,17,66.48396614086573,9.282817548507257,4,17,1.3284807957263627,0.4162037037037037
4,18,23.819373811361086,5.859028979588642,4,18,0.014726307184632166,0.9981481481481481
4,19,25.28579469684723,4.549213646116299,4,19,-0.0,1.0
4,20,58.43739992636561,8.150939900436638,4,20,0.6685194618982399,0.767824074074074
4,21,20.658808903745346,4.088532580523983,4,21,-0.0,1.0
4,22,61.58407868119451,8.392271446223369,4,22,0.6685194618982399,0.767824074074074
4,23,49.061180347219896,6.030190251619263,4,23,0.9816420888724456,0.50625
4,24,38.71353781164367,4.897608259589305,4,24,0.8964735922505687,0.6643518518518519
4,25,31.689239712400504,6.330691540121252,4,25,0.027866705891865795,0.9960648148148148
4,26,29.194949513761586,4.933752006494037,4,26,0.014943216068960777,0.9979166666666667
4,27,36.786081313921414,8.44828696781348,4,27,0.037849104264576855,0.9946759259259259
4,28,42.6762310629329,5.548337395907816,4,28,0.9816420888724456,0.50625
4,29,71.17467159143061,8.657420935881833,4,29,1.4690554011185213,0.5766203703703704
4,30,44.2387439299282,7.357553160224549,4,30,0.011409820297409662,0.9986111111111111
4,31,47.80796843794439,7.7269233744801324,4,31,0.6649587614410504,0.7618055555555555
4,32,44.28030775079872,7.757037891191647,4,32,0.1632027484558108,0.9666666666666667
4,33,62.08063723322215,7.418054838497615,4,33,1.1785963966035498,0.6259259259259259
4,34,76.63277109610422,9.371930363207367,4,34,1.4690554011185213,0.5766203703703704
4,35,30.518701372023067,5.159018410440174,4,35,0.0040174222145676316,0.999537037037037
4,36,68.40510070806249,8.66864026549401,4,36,1.1837663649054386,0.625462962962963
4,37,37.17067358085647,5.850089845735054,4,37,0.5794462894457961,0.7337962962962963
4,38,52.80536209087263,6.789527499883291,4,38,0.9462045222812925,0.6780092592592593
4,39,85.95812541109254,13.346344502823042,4,39,0.8125953620697864,0.7006944444444444
4,40,47.39225279542125,7.513940188743853,4,40,0.7654661348981112,0.6944444444444444
4,41,63.64752105977079,7.931880539169662,4,41,0.9645301679642899,0.6759259259259259
4,42,40.5018373921366,6.271202905307863,4,42,0.010525772841444644,0.9986111111111111
4,43,79.17038305414343,10.614753022383134,4,43,1.1837663649054386,0.625462962962963
4,44,48.71865345602074,7.465607796510117,4,44,0.5960989639284302,0.7319444444444444
4,45,71.23324376798631,10.84428682953223,4,45,0.8125953620697864,0.7006944444444444
4,46,74.05857459471513,9.579426927913412,4,46,0.9645301679642899,0.6759259259259259
4,47,58.18702135643303,8.648399102105712,4,47,0.7709572842816056,0.69375
4,48,47.30202140704172,7.635139716223327,4,48,0.010525772841444644,0.9986111111111111
4,49,65.66915896034959,10.024252016040862,4,49,0.8361795996824435,0.6863425925925926
4,50,70.19043279255543,10.406822423550672,4,50,0.8361795996824435,0.6863425925925926
4,51,62.26627471080323,9.1824694846397,4,51,0.839574063294025,0.6863425925925926
4,52,70.12478737140749,10.660723650228757,4,52,1.0283753366367328,0.6053240740740741
4,53,56.501668639020934,8.750412252205635,4,53,0.9972179223339822,0.5152777777777777
4,54,67.05414385984241,9.866670498462403,4,54,1.5117644288103298,0.43680555555555556
4,55,55.83149040793287,8.98483577657663,4,55,0.010525772841444644,0.9986111111111111
4,56,66.55749824388677,9.901285364220705,4,56,1.4696981417967623,0.4101851851851852
4,57,85.2147791615,12.678772251975234,4,57,0.8125953620697864,0.7006944444444444
4,58,120.34430318884965,18.222899081157344,4,58,1.621266538238769,0.4900462962962963
4,59,67.78037355253953,10.865748922280142,4,59,0.9972179223339822,0.5152777777777777
4,60,80.5511144992084,11.31284089269942,4,60,1.7477539847585808,0.40324074074074073
4,61,83.21633194022931,12.975632677637943,4,61,1.4696981417967623,0.4101851851851852
4,62,82.58422479717338,12.449773646882242,4,62,1.621266538238769,0.4900462962962963
4,63,94.80579418901394,14.425434293675675,4,63,1.621266538238769,0.4900462962962963
4,64,90.80427111668779,13.728748971560714,4,64,1.621266538238769,0.4900462962962963
4,65,102.4486744112778,14.933784060396373,4,65,1.621266538238769,0.4900462962962963
4,66,128.27346395859473,24.09447998090701,4,66,1.621266538238769,0.4900462962962963
5,0,89.97169058422236,10.757048287766223,5,0,0.03880275883050967,0.9951388888888889
5,1,inf,,5,1,-0.0,1.0
5,2,34.240622496759244,6.394880647535032,5,2,0.005744479923572491,0.9993055555555556
5,3,14.503105905604201,2.8244021999049362,5,3,0.005744479923572491,0.9993055555555556
5,4,53.3737613348958,7.383039284857027,5,4,0.005744479923572491,0.9993055555555556
5,5,0.0,0.0,5,5,-0.0,1.0
5,6,inf,,5,6,-0.0,1.0
5,7,2.2938773006944473,0.5628037065405592,5,7,-0.0,1.0
5,8,108.30765494402553,14.187707835445133,5,8,0.03880275883050967,0.9951388888888889
5,9,8.697968337261576,2.281912544850876,5,9,0.005744479923572491,0.9993055555555556
5,10,78.47000196167382,10.777061016338797,5,10,0.03880275883050967,0.9951388888888889
5,11,26.377133848664293,5.325158211778567,5,11,0.005744479923572491,0.9993055555555556
5,12,45.880751251997786,6.647659278582872,5,12,0.005744479923572491,0.9993055555555556
5,13,inf,,5,13,-0.0,1.0
5,14,69.46398514016674,9.88424861499398,5,14,0.03880275883050967,0.9951388888888889
5,15,20.63571364122221,4.601752414935962,5,15,0.005744479923572491,0.9993055555555556
5,16,89.05571837091452,11.543108471254433,5,16,0.03880275883050967,0.9951388888888889
5,17,10.265478715520851,2.784560523299609,5,17,0.005744479923572491,0.9993055555555556
5,18,76.99036700807186,10.62930939251649,5,18,0.15102549197433696,0.9745370370370371
5,19,29.486257842620383,5.070697485083923,5,19,0.005744479923572491,0.9993055555555556
5,20,17.914638779967653,2.935881388620811,5,20,0.6544499771545043,0.6381944444444444
5,21,35.1829403705487,5.686114493192645,5,21,0.005744479923572491,0.9993055555555556
5,22,21.06131753479633,3.261104201800631,5,22,0.6544499771545043,0.6381944444444444
5,23,39.139350060814856,5.853127790650915,5,23,0.011930500986871522,0.9986111111111111
5,24,26.992244700502297,5.039820306148918,5,24,0.007913507739646365,0.9990740740740741
5,25,82.1824675230949,10.812908052498937,5,25,1.185854517282293,0.5076388888888889
5,26,43.70625016756012,6.429646042530537,5,26,0.038948954425726434,0.9946759259259259
5,27,89.95823370638429,12.964045990281598,5,27,0.1714244270321327,0.9715277777777778
5,28,32.754400776527724,5.374046585202574,5,28,0.011930500986871522,0.9986111111111111
5,29,21.295833081289317,4.400526283671568,5,29,0.008034629995147417,0.9990740740740741
5,30,97.52639473389137,12.141283917042792,5,30,0.03880275883050967,0.9951388888888889
5,31,101.05157971096303,12.568000988793555,5,31,0.7241675379580341,0.75625
5,32,73.35000205324076,10.738767538644385,5,32,1.0043967690363322,0.5761574074074074
5,33,29.528472617745454,5.0408476678852345,5,33,0.7133518315394115,0.6351851851851852
5,34,26.753932585962982,5.12196926008507,5,34,0.008034629995147417,0.9990740740740741
5,35,44.4608816249006,6.418853477528686,5,35,0.5529019740295413,0.7668981481481482
5,36,34.320890319562565,6.142247921450581,5,36,0.9726387419237792,0.4840277777777778
5,37,51.224088040757,7.116520691750806,5,37,0.982433366693944,0.5775462962962963
5,38,45.279033626474515,6.560988272165319,5,38,0.3219451891147379,0.9317129629629629
5,39,105.45681020162012,15.379204075547026,5,39,1.1534193099299384,0.5608796296296297
5,40,61.58526068552789,8.743042188530227,5,40,0.982433366693944,0.5775462962962963
5,41,44.75429824811108,7.059711109019308,5,41,1.052395281829786,0.47708333333333336
5,42,54.33689513820832,7.270892612035832,5,42,0.6703500784136378,0.7527777777777778
5,43,45.08617266564366,8.265832532156233,5,43,0.9726387419237792,0.4840277777777778
5,44,62.708823109500116,8.503778491751902,5,44,1.0640032907226746,0.5701388888888889
5,45,90.73192855851399,12.962308464404877,5,45,1.1534193099299384,0.5608796296296297
5,46,55.16535178305555,8.774467056972945,5,46,1.052395281829786,0.47708333333333336
5,47,72.38002924653938,9.796467434666194,5,47,0.9877964432745029,0.5768518518518518
5,48,58.12459965406486,7.826490335027122,5,48,1.4354987143206712,0.32731481481481484
5,49,79.93824000341891,11.20534247418414,5,49,1.0183546928094416,0.5743055555555555
5,50,84.45951383562503,11.588046981569105,5,50,1.0183546928094416,0.5743055555555555
5,51,76.25385810122229,10.087575355405203,5,51,1.199523860441154,0.5567129629629629
5,52,84.97787388360426,11.898736161869216,5,52,1.0464747805242105,0.5729166666666666
5,53,68.15876145170836,9.207968816016079,5,53,1.88158358151246,0.27199074074074076
5,54,79.57175250275202,10.472151544237567,5,54,2.0801000396628218,0.27199074074074076
5,55,66.65406865495588,9.167822146960543,5,55,1.4354987143206712,0.32731481481481484
5,56,78.41980967247896,10.411612030369165,5,56,2.1220350261886542,0.2590277777777778
5,57,104.71346395202755,14.664187847441788,5,57,1.1534193099299384,0.5608796296296297
5,58,134.13384574225915,18.987622186805414,5,58,1.9683238259915872,0.394212962962963
5,59,79.43746636522678,11.340304282487653,5,59,1.88158358151246,0.27199074074074076
5,60,93.15788155931249,11.969118859943041,5,60,2.2254094915601494,0.2523148148148148
5,61,95.07864336882179,13.547127394987509,5,61,2.1220350261886542,0.2590277777777778
5,62,96.37376735058335,13.287717183454411,5,62,1.9683238259915872,0.394212962962963
5,63,108.59533674242346,15.184566802673368,5,63,1.9683238259915872,0.394212962962963
5,64,104.59381367009705,14.57241025671558,5,64,1.9683238259915872,0.394212962962963
5,65,116.23821696468683,15.685780315570373,5,65,1.9683238259915872,0.394212962962963
5,66,142.06300651200482,24.849299252112726,5,66,1.9683238259915872,0.394212962962963
6,0,128.65948893761822,21.18758942164447,6,0,0.72640176448914,0.5537037037037037
6,1,inf,,6,1,-0.0,1.0
6,2,72.93722761510664,19.702935208143174,6,2,0.6865946832559666,0.5571759259259259
6,3,53.19971102395145,19.57708567839733,6,3,0.6865946832559666,0.5571759259259259
6,4,92.06658716692814,19.906729832347096,6,4,0.6939134028571942,0.5564814814814815
6,5,39.78788897281947,19.785603833557378,6,5,-0.0,1.0
6,6,0.0,0.0,6,6,-0.0,1.0
6,7,36.54373619477549,19.84749937821018,6,7,-0.0,1.0
6,8,146.99545329742165,23.533635215113865,6,8,0.7268437882171225,0.5537037037037037
6,9,47.394573455608885,19.544327922070693,6,9,0.6865946832559666,0.5571759259259259
6,10,117.15780031506934,21.09901149255433,6,10,0.72640176448914,0.5537037037037037
6,11,65.07373896701164,19.778125656395563,6,11,0.6865946832559666,0.5571759259259259
6,12,84.57357708403009,19.877232064281856,6,12,0.6939134028571942,0.5564814814814815
6,13,18.880663631564786,20.329476167741962,6,13,-0.0,1.0
6,14,108.15178349356249,20.91205776684493,6,14,0.72640176448914,0.5537037037037037
6,15,59.33231875956946,19.79478406909322,6,15,0.6865946832559666,0.5571759259259259
6,16,127.74351672431,21.30510173144586,6,16,0.7268437882171225,0.5537037037037037
6,17,29.00446662388425,19.998827244813274,6,17,-0.0,1.0
6,18,115.67508586200259,20.92846161803777,6,18,0.8427299109779985,0.5400462962962963
6,19,68.18229599185626,19.89791774997171,6,19,0.6886284630433621,0.5569444444444445
6,20,38.39227070640974,19.785245229828607,6,20,-0.0,1.0
6,21,73.87576620258112,19.96201032225117,6,21,0.6939134028571942,0.5564814814814815
6,22,41.53894946123851,19.810525069076903,6,22,-0.0,1.0
6,23,77.80657138796542,20.007814393516185,6,23,0.7276416804450065,0.5534722222222223
6,24,65.68512863383106,19.937650759867473,6,24,0.6943023123000429,0.5567129629629629
6,25,120.84733098700445,20.725902734218334,6,25,1.901073125617771,0.28078703703703706
6,26,82.39559193456678,20.303686052445993,6,26,0.7229431711115878,0.5548611111111111
6,27,128.64295256031474,21.892966159757915,6,27,0.8630066845164756,0.537962962962963
6,28,71.42162210367837,19.905482732329677,6,28,0.7276416804450065,0.5534722222222223
6,29,40.0356306885718,19.701408160073733,6,29,-0.0,1.0
6,30,136.2141930872868,21.50454035566036,6,30,0.7268437882171225,0.5537037037037037
6,31,139.73682447312973,21.464101963167252,6,31,1.4118957143740711,0.42060185185185184
6,32,111.99165931286326,20.85974670585386,6,32,1.7414257835248197,0.3127314814814815
6,33,49.98936347313186,19.75238913745559,6,33,0.08851588060567421,0.9824074074074074
6,34,45.49373019324538,19.588012427169065,6,34,-0.0,1.0
6,35,83.09898351608358,19.80887903065728,6,35,1.287396024749874,0.41689814814814813
6,36,53.99716400800468,19.33362151422125,6,36,0.6465826201720692,0.6513888888888889
6,37,89.86574530037973,19.904239164392635,6,37,1.7195646739681794,0.3138888888888889
6,38,74.90086619399985,20.228434124264417,6,38,0.8273307496042399,0.6275462962962963
6,39,143.83489346617327,22.724450322507575,6,39,1.9666466390670188,0.2912037037037037
6,40,100.22691794515082,20.20994342920368,6,40,1.7195646739681794,0.3138888888888889
6,41,64.52884252071273,20.190895587561837,6,41,0.6583003868323613,0.6509259259259259
6,42,86.00032273112716,19.833275358361917,6,42,1.0522750665416842,0.5888888888888889
6,43,64.76244635408561,19.595090630170322,6,43,0.6465826201720692,0.6513888888888889
6,44,97.89682262548632,20.04625598360886,6,44,1.6885771959326503,0.4173611111111111
6,45,129.11001182306714,21.493306404109244,6,45,1.9666466390670188,0.2912037037037037
6,46,74.93989605565717,20.1891909156393,6,46,0.6583003868323613,0.6509259259259259
6,47,111.02168650616207,20.57971704312424,6,47,1.7245039622796103,0.31319444444444444
6,48,79.45581845266437,20.258484142468053,6,48,0.7254205477840178,0.6430555555555556
6,49,118.51351168780569,20.906089180089076,6,49,1.769858205658078,0.3104166666666667
6,50,123.03478552001171,21.027542929304296,6,50,1.769858205658078,0.3104166666666667
6,51,108.96654198304182,20.42391118078623,6,51,1.4399831866256119,0.5125
6,52,123.32806157098643,21.103647933338557,6,52,1.8646965998146707,0.2967592592592593
6,53,90.28973416827543,20.576092852732263,6,53,0.7747219295847724,0.6398148148148148
6,54,103.2730551610301,20.68480130913215,6,54,0.8393669281921983,0.6333333333333333
6,55,87.98528745355564,20.49483850049068,6,55,0.7254205477840178,0.6430555555555556
6,56,100.83639437251134,20.667122756804652,6,56,0.7887875371011088,0.6391203703703704
6,57,143.09154721658066,22.40472578880423,6,57,1.9666466390670188,0.2912037037037037
6,58,161.18900072732893,25.28166877553149,6,58,1.0737354228696476,0.6011574074074074
6,59,101.56843908179403,21.05750517989205,6,59,0.7747219295847724,0.6398148148148148
6,60,116.99558335839848,21.266274315474092,6,60,0.8705235305573706,0.631712962962963
6,61,117.49522806885405,21.45341629651227,6,61,0.7887875371011088,0.6391203703703704
6,62,123.4289223356526,21.30799881737813,6,62,1.0737354228696476,0.6011574074074074
6,63,135.650491727493,22.53383715399999,6,63,1.0737354228696476,0.6011574074074074
6,64,131.64896865516664,21.734924858631828,6,64,1.0737354228696476,0.6011574074074074
6,65,143.293371949757,22.782482167507336,6,65,1.0737354228696476,0.6011574074074074
6,66,169.11816149707403,31.331713781665876,6,66,1.0737354228696476,0.6011574074074074
7,0,93.20858159638203,11.029220094778927,7,0,0.04701010821400774,0.9939814814814815
7,1,inf,,7,1,-0.0,1.0
7,2,37.47948731884259,6.671770150415114,7,2,0.014943216068960777,0.9979166666666667
7,3,17.741970727687555,3.0960544736448834,7,3,0.014943216068960777,0.9979166666666667
7,4,56.612021416870284,7.6893213610851685,7,4,0.01711192189845321,0.9976851851851852
7,5,3.2441527780439836,0.7354255769454376,7,5,-0.0,1.0
7,6,inf,,7,6,-0.0,1.0
7,7,0.0,0.0,7,7,-0.0,1.0
7,8,111.54454595618559,14.4424761155404,7,8,0.04733100968648919,0.9939814814814815
7,9,11.936833159344925,2.5411540052694743,7,9,0.014943216068960777,0.9979166666666667
7,10,81.7068929738332,11.054524416002995,7,10,0.04701010821400774,0.9939814814814815
7,11,29.615998670747686,5.58575700938855,7,11,0.014943216068960777,0.9979166666666667
7,12,49.119011333972054,6.936474436229391,7,12,0.01711192189845321,0.9976851851851852
7,13,inf,,7,13,-0.0,1.0
7,14,72.70087615232649,10.163191408008132,7,14,0.04701010821400774,0.9939814814814815
7,15,23.874578463305518,4.851493091051867,7,15,0.014943216068960777,0.9979166666666667
7,16,92.29260938307397,11.832566930289127,7,16,0.04733100968648919,0.9939814814814815
7,17,7.972897451451406,2.410459299220074,7,17,-0.0,1.0
7,18,80.22725802023156,10.93510095000649,7,18,0.15977040453411326,0.9733796296296297
7,19,32.72512266470375,5.300163257532858,7,19,0.014943216068960777,0.9979166666666667
7,20,17.21020668510647,3.250539240999176,7,20,0.21782565433794004,0.9432870370370371
7,21,38.421200452523294,5.9277052605194545,7,21,0.01711192189845321,0.9976851851851852
7,22,20.356885439935187,3.5886285473395425,7,22,0.21782565433794004,0.9432870370370371
7,23,42.376636892641216,6.11882084126699,7,23,0.02514440506678161,0.9967592592592592
7,24,30.230754288604228,5.298269063620344,7,24,0.01928057401994493,0.9974537037037037
7,25,85.418961892838,11.145367143817925,7,25,1.1965030434921216,0.507175925925926
7,26,46.943141179720065,6.674830758865642,7,26,0.048141236613805094,0.993287037037037
7,27,93.19512471854411,13.258641060112563,7,27,0.18016575798989057,0.9703703703703703
7,28,35.99168760835415,5.634829569848026,7,28,0.02514440506678161,0.9967592592592592
7,29,19.004061516138908,4.086741399990268,7,29,-0.0,1.0
7,30,100.76328574605083,12.437375453899692,7,30,0.04733100968648919,0.9939814814814815
7,31,104.28847072312296,12.875781408812424,7,31,0.7327843140581574,0.7555555555555555
7,32,76.58482614547891,11.030739150180352,7,32,1.0167431187535823,0.575462962962963
7,33,28.815978780548615,5.339975467482179,7,33,0.2933728150747003,0.9289351851851851
7,34,24.46216102081254,4.826106722497969,7,34,-0.0,1.0
7,35,47.695609769164236,6.689261381381819,7,35,0.5667855991649365,0.7655092592592593
7,36,32.91249572032642,6.266853359298721,7,36,0.7402420889122961,0.6442129629629629
7,37,54.45891213299537,7.402344928941607,7,37,0.9947893087509063,0.5768518518518518
7,38,47.98107492055564,6.69162356700028,7,38,0.6030254566845448,0.8141203703703703
7,39,108.67197606264845,15.689774744289148,7,39,1.174025004151882,0.5594907407407408
7,40,64.82008477776624,9.041129184687676,7,40,0.9947893087509063,0.5768518518518518
7,41,43.399618643317226,7.223501283347685,7,41,0.7825645557245495,0.6393518518518518
7,42,57.31781792083801,7.4601157296675,7,42,0.8640602598537944,0.7025462962962963
7,43,43.67777806640745,8.349296059024052,7,43,0.7402420889122961,0.6442129629629629
7,44,65.80277455518042,8.759827666224137,7,44,1.154921507052556,0.555787037037037
7,45,93.94709441954184,13.262558143455292,7,45,1.174025004151882,0.5594907407407408
7,46,53.81067217826147,8.919834126989311,7,46,0.7825645557245495,0.6393518518518518
7,47,75.61485333877786,10.100281895615312,7,47,1.0001515493227024,0.5761574074074074
7,48,57.77250540594199,8.007829580091807,7,48,1.081289388208625,0.5689814814814815
7,49,83.16517334578474,11.487367869945901,7,49,1.0323108744158682,0.5736111111111111
7,50,87.68644717799084,11.870460139843484,7,50,1.0323108744158682,0.5736111111111111
7,51,79.1399603371062,10.35986730381529,7,51,1.3173658301636768,0.5212962962962963
7,52,88.18891739256944,12.182182094895097,7,52,1.0671307802339745,0.5710648148148149
7,53,68.25330481195344,9.372566712666874,7,53,1.3737244191612008,0.5275462962962963
7,54,80.3725614674396,10.716606703895026,7,54,1.6678619638197325,0.4414351851851852
7,55,66.30197440683328,9.327725998852358,7,55,1.081289388208625,0.5689814814814815
7,56,78.64633725482405,10.644869233172143,7,56,1.536951223292433,0.5104166666666666
7,57,107.92862981305532,14.96273315097547,7,57,1.174025004151882,0.5594907407407408
7,58,135.98689968136355,19.16096930212798,7,58,1.8790325183741934,0.30671296296296297
7,59,79.53200972547211,11.498276893112038,7,59,1.3737244191612008,0.5275462962962963
7,60,94.00364833455556,12.21208733536832,7,60,1.7799348241163635,0.4354166666666667
7,61,95.3051709511668,13.771262009477457,7,61,1.536951223292433,0.5104166666666666
7,62,98.2268212896876,13.411604778398384,7,62,1.8790325183741934,0.30671296296296297
7,63,110.44839068152795,15.341740337401143,7,63,1.8790325183741934,0.30671296296296297
7,64,106.44686760920155,14.684495047074344,7,64,1.8790325183741934,0.30671296296296297
7,65,118.09127090379157,15.845846640474555,7,65,1.8790325183741934,0.30671296296296297
7,66,143.91606045110893,25.020155257039598,7,66,1.8790325183741934,0.30671296296296297
8,0,inf,,8,0,-0.0,1.0
8,1,inf,,8,1,-0.0,1.0
8,2,inf,,8,2,-0.0,1.0
8,3,inf,,8,3,-0.0,1.0
8,4,inf,,8,4,-0.0,1.0
8,5,inf,,8,5,-0.0,1.0
8,6,inf,,8,6,-0.0,1.0
8,7,inf,,8,7,-0.0,1.0
8,8,0.0,0.0,8,8,-0.0,1.0
8,9,inf,,8,9,-0.0,1.0
8,10,inf,,8,10,-0.0,1.0
8,11,inf,,8,11,-0.0,1.0
8,12,inf,,8,12,-0.0,1.0
8,13,inf,,8,13,-0.0,1.0
8,14,inf,,8,14,-0.0,1.0
8,15,inf,,8,15,-0.0,1.0
8,16,inf,,8,16,-0.0,1.0
8,17,inf,,8,17,-0.0,1.0
8,18,inf,,8,18,-0.0,1.0
8,19,inf,,8,19,-0.0,1.0
8,20,inf,,8,20,-0.0,1.0
8,21,inf,,8,21,-0.0,1.0
8,22,inf,,8,22,-0.0,1.0
8,23,inf,,8,23,-0.0,1.0
8,24,inf,,8,24,-0.0,1.0
8,25,inf,,8,25,-0.0,1.0
8,26,inf,,8,26,-0.0,1.0
8,27,inf,,8,27,-0.0,1.0
8,28,inf,,8,28,-0.0,1.0
8,29,inf,,8,29,-0.0,1.0
8,30,inf,,8,30,-0.0,1.0
8,31,inf,,8,31,-0.0,1.0
8,32,inf,,8,32,-0.0,1.0
8,33,inf,,8,33,-0.0,1.0
8,34,inf,,8,34,-0.0,1.0
8,35,inf,,8,35,-0.0,1.0
8,36,inf,,8,36,-0.0,1.0
8,37,inf,,8,37,-0.0,1.0
8,38,inf,,8,38,-0.0,1.0
8,39,inf,,8,39,-0.0,1.0
8,40,inf,,8,40,-0.0,1.0
8,41,inf,,8,41,-0.0,1.0
8,42,inf,,8,42,-0.0,1.0
8,43,inf,,8,43,-0.0,1.0
8,44,inf,,8,44,-0.0,1.0
8,45,inf,,8,45,-0.0,1.0
8,46,inf,,8,46,-0.0,1.0
8,47,inf,,8,47,-0.0,1.0
8,48,inf,,8,48,-0.0,1.0
8,49,inf,,8,49,-0.0,1.0
8,50,inf,,8,50,-0.0,1.0
8,51,inf,,8,51,-0.0,1.0
8,52,inf,,8,52,-0.0,1.0
8,53,inf,,8,53,-0.0,1.0
8,54,inf,,8,54,-0.0,1.0
8,55,inf,,8,55,-0.0,1.0
8,56,inf,,8,56,-0.0,1.0
8,57,inf,,8,57,-0.0,1.0
8,58,inf,,8,58,-0.0,1.0
8,59,inf,,8,59,-0.0,1.0
8,60,inf,,8,60,-0.0,1.0
8,61,inf,,8,61,-0.0,1.0
8,62,inf,,8,62,-0.0,1.0
8,63,inf,,8,63,-0.0,1.0
8,64,inf,,8,64,-0.0,1.0
8,65,inf,,8,65,-0.0,1.0
8,66,inf,,8,66,-0.0,1.0
9,0,81.27499127745105,9.845897359390946,9,0,0.03388730681592018,0.9956018518518519
9,1,inf,,9,1,-0.0,1.0
9,2,25.542654159497626,5.127064921151028,9,2,-0.0,1.0
9,3,5.805137568342576,1.3209471707563134,9,3,-0.0,1.0
9,4,44.67579299763414,6.2425168211624005,9,4,-0.0,1.0
9,5,9.591809722358802,2.4465700329243,9,5,0.0021691886415661126,0.9997685185185186
9,6,inf,,9,6,-0.0,1.0
9,7,11.882876362048618,2.6446107341736247,9,7,0.007392827050184505,0.9990740740740741
9,8,99.61095563725469,13.373206124534425,9,8,0.03446647628760789,0.9956018518518519
9,9,0.0,0.0,9,9,-0.0,1.0
9,10,69.77330265490257,9.799736888431484,9,10,0.03388730681592018,0.9956018518518519
9,11,17.6791655114028,4.0191436918130545,9,11,-0.0,1.0
9,12,37.182782914736045,5.501132996669304,9,12,-0.0,1.0
9,13,inf,,9,13,-0.0,1.0
9,14,60.767285833395995,8.864801355862978,9,14,0.03388730681592018,0.9956018518518519
9,15,11.937745303960636,3.3097555457510817,9,15,-0.0,1.0
9,16,80.35901906414387,10.561863054330347,9,16,0.03446647628760789,0.9956018518518519
9,17,18.224889244011596,2.8230009595848107,9,17,0.6915773216937109,0.5280092592592592
9,18,68.29366770130093,9.603703916482981,9,18,0.1456106337780766,0.975
9,19,20.788289505358765,3.9074651262312634,9,19,-0.0,1.0
9,20,10.219157405967646,2.373042921208207,9,20,0.04701283910665823,0.9921296296296296
9,21,26.484972033287047,4.550732331810274,9,21,-0.0,1.0
9,22,13.365836160796313,2.587462728647259,9,22,0.04701283910665823,0.9921296296296296
9,23,30.442204903020777,4.646702661805354,9,23,0.006186503651555,0.9993055555555556
9,24,18.29427636324068,3.779828073048493,9,24,0.0021691886415661126,0.9997685185185186
9,25,73.48576821632406,9.64102076525071,9,25,1.1800963985033555,0.5078703703703704
9,26,35.00913377132875,5.350344230444588,9,26,0.031039529922094054,0.9956018518518519
9,27,81.26153439961347,12.027291139185422,9,27,0.16601100028394614,0.9719907407407408
9,28,24.057255618733787,4.141612750129789,9,28,0.006186503651555,0.9993055555555556
9,29,28.743009716006977,4.474577868347626,9,29,1.0947576347931594,0.3696759259259259
9,30,88.82969542712019,11.152452073027423,9,30,0.03446647628760789,0.9956018518518519
9,31,92.35488040419234,11.594829701233087,9,31,0.7190392574608893,0.756712962962963
9,32,64.65365007054673,9.518275647718099,9,32,0.9969926207110339,0.5770833333333333
9,33,21.86934313816662,4.285911087438221,9,33,0.07867299865561847,0.9881944444444445
9,34,34.20110922068044,5.249347244605368,9,34,1.0947576347931594,0.3696759259259259
9,35,35.76452964220601,5.175930905627781,9,35,0.5452332206726401,0.767824074074074
9,36,28.091994503703734,5.329567439365417,9,36,0.12383520437184826,0.9787037037037037
9,37,42.52773605806256,5.852972563771005,9,37,0.9750269907987075,0.5784722222222223
9,38,36.75374506398379,5.6182756378429595,9,38,0.18125616290642066,0.9592592592592593
9,39,96.7766193606622,14.244968721560555,9,39,1.143284125188441,0.5618055555555556
9,40,52.88890870283333,7.489895251046829,9,40,0.9750269907987075,0.5784722222222223
9,41,38.30877319430774,6.143267234349034,9,41,0.25779424340522283,0.9372685185185186
9,42,45.71078048279384,6.121480263937862,9,42,0.5963821198507754,0.7625
9,43,38.85727684978478,7.517604742408768,9,43,0.12383520437184826,0.9787037037037037
9,44,54.05101604493296,7.321956500393973,9,44,1.014499219401693,0.5745370370370371
9,45,82.05173771755572,11.795631093105712,9,45,1.143284125188441,0.5618055555555556
9,46,48.7198267292522,7.71984463063773,9,46,0.25779424340522283,0.9372685185185186
9,47,63.683677263844906,8.576327114767851,9,47,0.9803911804943564,0.5777777777777777
9,48,50.60417854904857,6.779848108486422,9,48,0.9795955346022653,0.4537037037037037
9,49,71.24688138462966,10.013184610058362,9,49,1.0089961043951752,0.5756944444444444
9,50,75.76815521683564,10.39096684772978,9,50,1.0089961043951752,0.5756944444444444
9,51,67.65354324148836,8.924824091408293,9,51,1.1221565956407362,0.5664351851851852
9,52,76.29936144094455,10.73541014152741,9,52,1.0367233319067333,0.5738425925925926
9,53,60.40113170319449,8.107059548311575,9,53,1.5811931351095403,0.3597222222222222
9,54,71.56921169655315,9.360995384034497,9,54,1.884535120515873,0.30671296296296297
9,55,59.13364754993973,8.141777141385226,9,55,0.9795955346022653,0.4537037037037037
9,56,70.61589994223853,9.313149457000458,9,56,1.8851579179297895,0.33402777777777776
9,57,96.03327311106932,13.525392196740558,9,57,1.143284125188441,0.5618055555555556
9,58,125.80879434089366,17.947348745034883,9,58,1.8218962519183708,0.42083333333333334
9,59,71.67983661671303,10.249075968372525,9,59,1.5811931351095403,0.3597222222222222
9,60,85.1362182401411,10.858310557294262,9,60,2.0503983829467676,0.28541666666666665
9,61,87.27473363858091,12.429249683816014,9,61,1.8851579179297895,0.33402777777777776
9,62,88.0487159492175,12.176875059316254,9,62,1.8218962519183708,0.42083333333333334
9,63,100.27028534105786,14.09993876589477,9,63,1.8218962519183708,0.42083333333333334
9,64,96.26876226873135,13.464455691511883,9,64,1.8218962519183708,0.42083333333333334
9,65,107.91316556332195,14.604043197331276,9,65,1.8218962519183708,0.42083333333333334
9,66,133.7379551106388,24.002709210152897,9,66,1.8218962519183708,0.42083333333333334
10,0,11.501688622548597,1.4032213911303522,10,0,-0.0,1.0
10,1,inf,,10,1,-0.0,1.0
10,2,46.05489214396999,7.586626483387682,10,2,0.08758318293036699,0.9826388888888888
10,3,72.24830376455543,9.226279298252551,10,3,0.5561835148125577,0.7810185185185186
10,4,35.478739216567185,5.6409661681217464,10,4,-0.0,1.0
10,5,76.02809089157412,10.042709764409308,10,5,0.5598049024018398,0.7810185185185186
10,6,inf,,10,6,-0.0,1.0
10,7,78.31063148193982,10.194994722945985,10,7,0.5723202517139355,0.7798611111111111
10,8,29.83883394008325,7.331171292815064,10,8,-0.0,1.0
10,9,66.4431661962131,8.821214279936946,10,9,0.5561835148125577,0.7810185185185186
10,10,0.0,0.0,10,10,-0.0,1.0
10,11,52.38848359169209,7.639560579037015,10,11,0.3389372451514587,0.8960648148148148
10,12,27.98572913366901,4.890644524015338,10,12,-0.0,1.0
10,13,inf,,10,13,-0.0,1.0
10,14,8.175118991465277,1.7876505439728174,10,14,-0.0,1.0
10,15,53.79755659011802,7.137821014607264,10,15,0.5509112244639218,0.7814814814814814
10,16,10.58689736697223,1.501145732136537,10,16,-0.0,1.0
10,17,84.5914313750694,10.614078075258897,10,17,1.3284807957263627,0.4162037037037037
10,18,15.845981171020844,2.8607859307871237,10,18,-0.0,1.0
10,19,43.39302017537722,6.446290180116897,10,19,0.0021691886415661126,0.9997685185185186
10,20,76.54486085039346,9.54040861163926,10,20,0.6693162285178402,0.767824074074074
10,21,38.76603438227557,6.064517183298629,10,21,0.0021691886415661126,0.9997685185185186
10,22,79.69153960522192,9.75122540232523,10,22,0.6693162285178402,0.767824074074074
10,23,67.15568063487478,7.832052775512762,10,23,0.9993981384836712,0.5037037037037037
10,24,56.81826804090049,6.977056580274504,10,24,0.8994581925272062,0.6643518518518519
10,25,23.75150127736109,3.7910759781511545,10,25,-0.0,1.0
10,26,47.29329232376613,6.7874368829915195,10,26,0.02977833820046416,0.9958333333333333
10,27,28.469253692946733,5.29356823581359,10,27,0.25421153927637286,0.9356481481481481
10,28,60.77073135058796,7.420662084316789,10,28,0.9993981384836712,0.5037037037037037
10,29,89.26979806897928,9.999556847667252,10,29,1.4899334386188463,0.575
10,30,19.05757372994904,2.2506721865404766,10,30,-0.0,1.0
10,31,23.29581292088889,3.206555177103635,10,31,0.23629183010932076,0.9365740740740741
10,32,36.563139506451336,5.847254171080463,10,32,0.0021691886415661126,0.9997685185185186
10,33,80.17246344894689,8.823601053931263,10,33,1.2028789780311153,0.6236111111111111
10,34,94.72789757365271,10.695562377312411,10,34,1.4899334386188463,0.575
10,35,48.61071947560422,6.852302450224505,10,35,0.029735286559238017,0.9956018518518519
10,36,86.49692692378667,9.976602158019288,10,36,1.2080438136038716,0.6231481481481481
10,37,54.80490916858325,7.314683729700737,10,37,0.9192287702927547,0.6219907407407408
10,38,70.89436494568734,8.181411759708427,10,38,0.9752473759954916,0.6752314814814815
10,39,79.75700003569456,11.822740770835777,10,39,0.09805712680063995,0.98125
10,40,49.064863824164426,7.449768604029074,10,40,0.07349261238414403,0.9877314814814815
10,41,81.73652391458565,9.278435044834646,10,41,0.9935622468052395,0.6731481481481482
10,42,58.58661834847684,7.751320267162128,10,42,0.049352459168815616,0.993287037037037
10,43,97.26220926986814,11.772358305028764,10,43,1.2080438136038716,0.6231481481481481
10,44,66.15625424576852,8.744552396934427,10,44,1.0976019782538302,0.5877314814814815
10,45,65.03211839258822,9.423210145973536,10,45,0.09805712680063995,0.98125
10,46,92.14757744952988,10.835568671878919,10,46,0.9935622468052395,0.6731481481481482
10,47,59.85963238517607,8.637435193996208,10,47,0.07922851681266488,0.987037037037037
10,48,65.38680236338205,8.959567477012502,10,48,0.049352459168815616,0.993287037037037
10,49,67.00147026579138,9.583203665627384,10,49,0.35030381741880096,0.8979166666666667
10,50,71.5227440979978,9.943611874253401,10,50,0.35030381741880096,0.8979166666666667
10,51,63.986775372865885,9.114249095287505,10,51,0.08974298366527932,0.9863425925925926
10,52,68.96336363266445,9.750230590919253,10,52,0.65278041587046,0.6587962962962963
10,53,74.1733041277085,10.00895770446297,10,53,1.324686433728612,0.4710648148148148
10,54,69.94666432380072,9.64004214908238,10,54,0.14678925048674699,0.9761574074074074
10,55,73.91627136427333,10.183691370954168,10,55,0.049352459168815616,0.993287037037037
10,56,72.14132088396063,9.887491582045923,10,56,0.24713660263311055,0.9527777777777777
10,57,79.01365378610184,11.27736870889711,10,57,0.09805712680063995,0.98125
10,58,119.79924347481013,17.413504736997325,10,58,0.867448146350278,0.6206018518518519
10,59,85.45200904122659,12.039137644051273,10,59,1.324686433728612,0.4710648148148148
10,60,82.66171968194911,10.95899963591236,10,60,0.7485564804009073,0.7476851851851852
10,61,88.80015458030326,12.862877867340012,10,61,0.24713660263311055,0.9527777777777777
10,62,82.03916508313463,11.61210141614942,10,62,0.867448146350278,0.6206018518518519
10,63,94.26073447497427,13.640662705865099,10,63,0.867448146350278,0.6206018518518519
10,64,90.25921140264846,12.893457511470574,10,64,0.867448146350278,0.6206018518518519
10,65,101.90361469723844,14.148143685643673,10,65,0.867448146350278,0.6206018518518519
10,66,127.7284042445553,23.502125333778974,10,66,0.867448146350278,0.6206018518518519
11,0,75.78549011286579,9.182815364647041,11,0,0.032728967872544736,0.9956018518518519
11,1,inf,,11,1,-0.0,1.0
11,2,7.863488648094925,1.9299282201099865,11,2,-0.0,1.0
11,3,24.898660737148237,4.568519480623847,11,3,-0.0,1.0
11,4,39.18385034135177,5.094669127305657,11,4,-0.0,1.0
11,5,28.68141440740975,5.5706647536035225,11,5,0.0021691886415661126,0.9997685185185186
11,6,inf,,11,6,-0.0,1.0
11,7,30.972481047099564,5.735964282748648,11,7,0.007913507739646365,0.9990740740740741
11,8,94.12145447266906,12.713784727309305,11,8,0.03330813734423246,0.9956018518518519
11,9,19.093523168805543,4.097654690251006,11,9,-0.0,1.0
11,10,64.28380149031726,9.043190327476497,11,10,0.032728967872544736,0.9956018518518519
11,11,0.0,0.0,11,11,-0.0,1.0
11,12,31.690840258453687,4.247478146350832,11,12,-0.0,1.0
11,13,inf,,11,13,-0.0,1.0
11,14,55.277784668810305,8.02831689469837,11,14,0.032728967872544736,0.9956018518518519
11,15,6.445802647678261,1.4775002082374873,11,15,-0.0,1.0
11,16,74.86951789955809,9.812732154394132,11,16,0.03330813734423246,0.9956018518518519
11,17,37.3121861776296,5.973308537818303,11,17,0.6988991112162918,0.5270833333333333
11,18,62.804166536715194,8.7841269493593,11,18,0.14374937187015435,0.975
11,19,15.29634684907639,2.265695811800698,11,19,-0.0,1.0
11,20,29.28862561673152,5.053664270226046,11,20,0.05766788933321316,0.9909722222222223
11,21,20.993029377004596,3.015469859779105,11,21,-0.0,1.0
11,22,32.43530437156021,5.271686801799004,11,22,0.05766788933321316,0.9909722222222223
11,23,24.95103956919444,3.3399613874765217,11,23,0.0040174222145676316,0.999537037037037
11,24,12.802333706958354,2.1898056130032963,11,24,0.0021691886415661126,0.9997685185185186
11,25,67.99626705173817,8.611506110748307,11,25,1.177069855160215,0.5078703703703704
11,26,29.517363672474573,3.9895905385495007,11,26,0.028871307913804854,0.9958333333333333
11,27,75.7720332350276,11.309114529503175,11,27,0.16414973837602387,0.9719907407407408
11,28,18.56609028490745,2.7156035359452475,11,28,0.0040174222145676316,0.999537037037037
11,29,46.758938998826345,6.665785537506068,11,29,1.3640501558597957,0.32013888888888886
11,30,83.34019426253442,10.402005579388595,11,30,0.03330813734423246,0.9956018518518519
11,31,86.86537923960643,10.842651219005287,11,31,0.7181552100049243,0.756712962962963
11,32,59.16414890596067,8.199099843952794,11,32,0.9937349000387989,0.5770833333333333
11,33,38.770760070011534,5.3656750531930815,11,33,0.6970975906581609,0.5055555555555555
11,34,52.21703850350013,7.38888003173867,11,34,1.3640501558597957,0.32013888888888886
11,35,30.275028477620285,3.689000264325625,11,35,0.5418921994063981,0.767824074074074
11,36,45.09286435736359,6.677033357434668,11,36,0.7085337277572389,0.5046296296296297
11,37,37.03823489347695,4.448569862030131,11,37,0.9717670629080739,0.5784722222222223
11,38,31.508772676078713,4.997334484023755,11,38,0.07273785580280635,0.9886574074074074
11,39,91.29421203614817,13.11133907160631,11,39,1.1339750631541854,0.5622685185185186
11,40,47.399407538247615,6.174820009108812,11,40,0.9717670629080739,0.5784722222222223
11,41,42.18790313084261,5.684883489713098,11,41,0.14179861036712788,0.9712962962962963
11,42,40.26127365683799,4.80962708194617,11,42,0.5452332206726401,0.767824074074074
11,43,55.85814670344434,8.767300068557951,11,43,0.7085337277572389,0.5046296296296297
11,44,48.586684214368006,6.0970174060474545,11,44,0.9863086140273539,0.5770833333333333
11,45,76.56933039304192,10.623864127998695,11,45,1.1339750631541854,0.5622685185185186
11,46,52.59895666578705,7.270755425744349,11,46,0.14179861036712788,0.9712962962962963
11,47,58.19417609925943,7.384408060257639,11,47,0.9771312526037228,0.5777777777777777
11,48,47.00104524556487,6.01944269977402,11,48,0.6051945898075727,0.7601851851851852
11,49,65.75797862317357,8.811072984936477,11,49,1.0038700011776645,0.5756944444444444
11,50,70.2792524553798,9.182611558171235,11,50,1.0038700011776645,0.5756944444444444
11,51,62.26695675854156,7.859522430538965,11,51,1.0598440821180768,0.5729166666666666
11,52,70.81921710270592,9.552923237587164,11,52,1.0271524292450114,0.5743055555555555
11,53,56.306658849303126,7.262619300168247,11,53,1.479349367058118,0.40347222222222223
11,54,66.976581598257,8.466971026996134,11,54,1.8336816015533763,0.36342592592592593
11,55,55.53051424645606,7.392793949824288,11,55,0.6051945898075727,0.7601851851851852
11,56,66.40826706357637,8.466595934442939,11,56,1.8715386817322408,0.3277777777777778
11,57,90.55086578655545,12.386844072872027,11,57,1.1339750631541854,0.5622685185185186
11,58,120.75758094790031,17.038250576280635,11,58,1.7490505272549441,0.44930555555555557
11,59,67.58536376282193,9.393364637357704,11,59,1.479349367058118,0.40347222222222223
11,60,80.52603493738442,9.950506199574857,11,60,2.020677430768224,0.3386574074074074
11,61,83.06710075991894,11.56375046580712,11,61,1.8715386817322408,0.3277777777777778
11,62,82.99750255622423,11.20018024974515,11,62,1.7490505272549441,0.44930555555555557
11,63,95.21907194806467,13.171066563105072,11,63,1.7490505272549441,0.44930555555555557
11,64,91.21754887573825,12.492033295959931,11,64,1.7490505272549441,0.44930555555555557
11,65,102.86195217032885,13.674406351022599,11,65,1.7490505272549441,0.44930555555555557
11,66,128.68674171764644,23.229639847681895,11,66,1.7490505272549441,0.44930555555555557
12,0,44.14709727452773,6.922786450338594,12,0,0.014726307184632166,0.9981481481481481
12,1,inf,,12,1,-0.0,1.0
12,2,18.069163010300922,5.270856716810068,12,2,0.08758318293036699,0.9826388888888888
12,3,44.262574630886405,6.224963701432195,12,3,0.5561835148125577,0.7810185185185186
12,4,7.493010082898142,1.3564907306074199,12,4,-0.0,1.0
12,5,48.042361757905155,7.1332026165448,12,5,0.5598049024018398,0.7810185185185186
12,6,inf,,12,6,-0.0,1.0
12,7,50.32490234827084,7.279745037826889,12,7,0.5723202517139355,0.7798611111111111
12,8,62.48306163433089,10.780814260974452,12,8,0.015305476656319882,0.9981481481481481
12,9,38.45743706254385,5.7829909492249305,12,9,0.5561835148125577,0.7810185185185186
12,10,32.64540865197912,6.665589113586419,12,10,0.014726307184632166,0.9981481481481481
12,11,24.402754458023075,4.723953211274548,12,11,0.3389372451514587,0.8960648148148148
12,12,0.0,0.0,12,12,-0.0,1.0
12,13,inf,,12,13,-0.0,1.0
12,14,23.6393918304722,5.632293593243213,12,14,0.014726307184632166,0.9981481481481481
12,15,25.81182745644908,3.6677006982028986,12,15,0.5509112244639218,0.7814814814814814
12,16,43.2311250612201,7.317672255512948,12,16,0.015305476656319882,0.9981481481481481
12,17,56.60570224140044,7.518660146361376,12,17,1.3284807957263627,0.4162037037037037
12,18,31.274612434236108,6.294240099161012,12,18,0.02375009523896812,0.9967592592592592
12,19,15.407530797381956,2.577056030153815,12,19,-0.0,1.0
12,20,48.55913602690036,6.487927668944156,12,20,0.6685194618982399,0.767824074074074
12,21,10.780545004280075,2.113267730069239,12,21,-0.0,1.0
12,22,51.70581478172929,6.707617227071244,12,22,0.6685194618982399,0.767824074074074
12,23,39.18291644775466,4.338423595024913,12,23,0.9816420888724456,0.50625
12,24,28.835273912178344,3.6801255384096083,12,24,0.8964735922505687,0.6643518518518519
12,25,39.1020631502476,6.804585199105363,12,25,0.06303279774792794,0.9898148148148148
12,26,19.316685614296336,3.243660832154251,12,26,0.014943216068960777,0.9979166666666667
12,27,44.24186175426872,8.942910099451261,12,27,0.04555081728293336,0.9935185185185185
12,28,32.79796716346762,3.835669458487291,12,28,0.9816420888724456,0.50625
12,29,61.29640769196523,6.761683537707646,12,29,1.4690554011185213,0.5766203703703704
12,30,51.70180142419676,7.861906005708852,12,30,0.015305476656319882,0.9981481481481481
12,31,55.26822547972913,8.28376282835311,12,31,0.6713304170358606,0.7611111111111111
12,32,47.83277641468058,7.220045750524989,12,32,1.005884184743542,0.49050925925925926
12,33,52.20237333375696,5.561205416489385,12,33,1.1785963966035498,0.6259259259259259
12,34,66.75450719663888,7.47154979123512,12,34,1.4690554011185213,0.5766203703703704
12,35,20.640437472557846,3.1907925574055858,12,35,0.0040174222145676316,0.999537037037037
12,36,58.5268368085972,6.788417821831201,12,36,1.1837663649054386,0.625462962962963
12,37,27.29240968139118,3.8652785108619963,12,37,0.5794462894457961,0.7337962962962963
12,38,42.927098191407396,5.06024374444641,12,38,0.9462045222812925,0.6780092592592593
12,39,81.41112862823849,12.652823658896128,12,39,0.8332401629438996,0.6956018518518519
12,40,37.65358232616195,5.605434977617986,12,40,0.5794462894457961,0.7337962962962963
12,41,53.76925716030564,6.178078753807996,12,41,0.9645301679642899,0.6759259259259259
12,42,30.62357349267128,4.365460766254262,12,42,0.010525772841444644,0.9986111111111111
12,43,69.29211915467815,8.753345524217496,12,43,1.1837663649054386,0.625462962962963
12,44,38.8408590022826,5.576973186561602,12,44,0.5940019458430437,0.732175925925926
12,45,66.68624698513183,10.100933798451234,12,45,0.8332401629438996,0.6956018518518519
12,46,64.1803106952501,7.81002750603463,12,46,0.9645301679642899,0.6759259259259259
12,47,48.44835088717365,6.840529365429039,12,47,0.5849757347532563,0.7331018518518518
12,48,37.423757507576326,5.768484845658715,12,48,0.010525772841444644,0.9986111111111111
12,49,56.00597060659255,8.251447884788188,12,49,0.6124192190814036,0.7305555555555555
12,50,60.527244438798625,8.62525300251215,12,50,0.6124192190814036,0.7305555555555555
12,51,52.52272195098846,7.3267195750892595,12,51,0.6638602121817806,0.7240740740740741
12,52,61.05161337970603,9.001442393011683,12,52,0.6486698405382155,0.7261574074074074
12,53,46.62340473955537,6.773771636750853,12,53,0.9972179223339822,0.5152777777777777
12,54,57.256001812708355,7.935207789947796,12,54,1.4031971247956392,0.45532407407407405
12,55,45.95322650846763,7.14609020572275,12,55,0.010525772841444644,0.9986111111111111
12,56,56.71188333344453,7.963786417373974,12,56,1.4149704460956412,0.41458333333333336
12,57,80.66778237864555,11.920928405156728,12,57,0.8332401629438996,0.6956018518518519
12,58,111.0190275816114,16.536673938884732,12,58,1.3524867119795219,0.5636574074074074
12,59,57.90210965307416,8.917237930800251,12,59,0.9972179223339822,0.5152777777777777
12,60,70.80365882594678,9.417691368737563,12,60,1.5970868993834306,0.42291666666666666
12,61,73.37071702978703,11.077588865143106,12,61,1.4149704460956412,0.41458333333333336
12,62,73.25894918993502,10.630270011244754,12,62,1.3524867119795219,0.5636574074074074
12,63,85.48051858177519,12.664183129643368,12,63,1.3524867119795219,0.5636574074074074
12,64,81.47899550944935,11.931467510911085,12,64,1.3524867119795219,0.5636574074074074
12,65,93.12339880403928,13.17935587159933,12,65,1.3524867119795219,0.5636574074074074
12,66,118.94818835135689,22.75195505713181,12,66,1.3524867119795219,0.5636574074074074
13,0,109.77882530605342,12.844339503121574,13,0,0.72640176448914,0.5537037037037037
13,1,inf,,13,1,-0.0,1.0
13,2,54.05656398354178,8.719968793483075,13,2,0.6865946832559666,0.5571759259259259
13,3,34.319047392386516,5.138660284037376,13,3,0.6865946832559666,0.5571759259259259
13,4,73.18592353536343,9.719011797053732,13,4,0.6939134028571942,0.5564814814814815
13,5,20.907225341254676,3.771707413226018,13,5,-0.0,1.0
13,6,15.098087772018527,12.844953749021789,13,6,-0.0,1.0
13,7,17.663072563210694,3.4252926151057124,13,7,-0.0,1.0
13,8,128.11478966585642,16.102429326885613,13,8,0.7268437882171225,0.5537037037037037
13,9,28.513909824044035,4.562246370839164,13,9,0.6865946832559666,0.5571759259259259
13,10,98.27713668350452,12.937261443918041,13,10,0.72640176448914,0.5537037037037037
13,11,46.193075335446686,7.610782604408369,13,11,0.6865946832559666,0.5571759259259259
13,12,65.69291345246536,8.916456517237874,13,12,0.6939134028571942,0.5564814814814815
13,13,0.0,0.0,13,13,-0.0,1.0
13,14,89.27111986199749,12.0744137685447,13,14,0.72640176448914,0.5537037037037037
13,15,40.45165512800471,6.802325459847494,13,15,0.6865946832559666,0.5571759259259259
13,16,108.86285309274531,13.752423603732414,13,16,0.7268437882171225,0.5537037037037037
13,17,10.123802992319481,2.3619761713281764,13,17,-0.0,1.0
13,18,96.79442223043738,12.91982778468866,13,18,0.8427299109779985,0.5400462962962963
13,19,49.30163236029174,7.115066633600018,13,19,0.6886284630433621,0.5569444444444445
13,20,19.511607074844893,3.563603293240274,13,20,-0.0,1.0
13,21,54.99510257101623,7.761692489963248,13,21,0.6939134028571942,0.5564814814814815
13,22,22.658285829673556,3.881181017560872,13,22,-0.0,1.0
13,23,58.92590775640047,8.040517683175425,13,23,0.7276416804450065,0.5534722222222223
13,24,46.804465002266255,7.240353595501841,13,24,0.6943023123000429,0.5567129629629629
13,25,101.9666673554398,13.279060963509192,13,25,1.901073125617771,0.28078703703703706
13,26,63.51492830300217,8.45745659799257,13,26,0.7229431711115878,0.5548611111111111
13,27,109.76228892875051,15.145078572441928,13,27,0.8630066845164756,0.537962962962963
13,28,52.540958472113424,7.561556765596342,13,28,0.7276416804450065,0.5534722222222223
13,29,21.15496705700695,3.94348586452909,13,29,-0.0,1.0
13,30,117.33352945572203,14.374747369034372,13,30,0.7268437882171225,0.5537037037037037
13,31,120.85616084156459,14.83513697280603,13,31,1.4118957143740711,0.42060185185185184
13,32,93.1109956812987,13.034439506158472,13,32,1.7414257835248197,0.3127314814814815
13,33,31.10869984156717,5.409907293708184,13,33,0.08851588060567421,0.9824074074074074
13,34,26.613066561680537,4.686356445132243,13,34,-0.0,1.0
13,35,64.21831988451856,8.657887946467236,13,35,1.287396024749874,0.41689814814814813
13,36,35.11650037643988,6.2587897692195575,13,36,0.6465826201720692,0.6513888888888889
13,37,70.98508166881473,9.396849846945853,13,37,1.7195646739681794,0.3138888888888889
13,38,56.02020256243515,8.184342386845785,13,38,0.8273307496042399,0.6275462962962963
13,39,124.95422983460885,17.857772889547032,13,39,1.9666466390670188,0.2912037037037037
13,40,81.34625431358545,11.076804716888162,13,40,1.7195646739681794,0.3138888888888889
13,41,45.64817888914812,7.369662751577118,13,41,0.6583003868323613,0.6509259259259259
13,42,67.11965909956261,8.85303855743254,13,42,1.0522750665416842,0.5888888888888889
13,43,45.88178272252077,8.251383018319414,13,43,0.6465826201720692,0.6513888888888889
13,44,79.01615899392114,10.911987307997645,13,44,1.6885771959326503,0.4173611111111111
13,45,110.22934819150235,15.385359661283672,13,45,1.9666466390670188,0.2912037037037037
13,46,56.05923242409251,8.948387948526443,13,46,0.6583003868323613,0.6509259259259259
13,47,92.14102287459727,12.131295434202203,13,47,1.7245039622796103,0.31319444444444444
13,48,60.57515482109961,8.229540074712315,13,48,0.7254205477840178,0.6430555555555556
13,49,99.63284805624085,13.500372653327581,13,49,1.769858205658078,0.3104166666666667
13,50,104.15412188844695,13.885722824289855,13,50,1.769858205658078,0.3104166666666667
13,51,90.08587835147675,12.065118319483508,13,51,1.4399831866256119,0.5125
13,52,104.44739793942158,14.23940307482798,13,52,1.8646965998146707,0.2967592592592593
13,53,71.40907053671084,9.612204619753497,13,53,0.7747219295847724,0.6398148148148148
13,54,84.39239152946527,11.278379705825136,13,54,0.8393669281921983,0.6333333333333333
13,55,69.10462382199081,9.394771843622431,13,55,0.7254205477840178,0.6430555555555556
13,56,81.95573074094669,10.919452373558645,13,56,0.7887875371011088,0.6391203703703704
13,57,124.21088358501646,17.08230834646138,13,57,1.9666466390670188,0.2912037037037037
13,58,142.30833709576376,19.54251905095623,13,58,1.0737354228696476,0.6011574074074074
13,59,82.68777545022928,11.618830613591703,13,59,0.7747219295847724,0.6398148148148148
13,60,98.11491972683349,12.7002026067907,13,60,0.8705235305573706,0.631712962962963
13,61,98.61456443728952,13.905235907887576,13,61,0.7887875371011088,0.6391203703703704
13,62,104.54825870408781,13.874320034710198,13,62,1.0737354228696476,0.6011574074074074
13,63,116.76982809592816,15.837134896526434,13,63,1.0737354228696476,0.6011574074074074
13,64,112.76830502360167,15.013123059641883,13,64,1.0737354228696476,0.6011574074074074
13,65,124.41270831819213,16.318798820719394,13,65,1.0737354228696476,0.6011574074074074
13,66,150.2374978655091,25.678243691027934,13,66,1.0737354228696476,0.6011574074074074
14,0,20.507705444055578,2.798965231459896,14,0,-0.0,1.0
14,1,inf,,14,1,-0.0,1.0
14,2,37.879773152504676,7.189014024979675,14,2,0.08758318293036699,0.9826388888888888
14,3,64.07318477309016,8.70015771090345,14,3,0.5561835148125577,0.7810185185185186
14,4,27.303620225101866,4.899921252239159,14,4,-0.0,1.0
14,5,67.85297190010884,9.552815848498087,14,5,0.5598049024018398,0.7810185185185186
14,6,inf,,14,6,-0.0,1.0
14,7,70.13551249047471,9.705377242197656,14,7,0.5723202517139355,0.7798611111111111
14,8,38.844850761590344,7.950704441578247,14,8,-0.0,1.0
14,9,58.26804720474768,8.272533613967827,14,9,0.5561835148125577,0.7810185185185186
14,10,9.006016821506945,2.152093922584554,14,10,-0.0,1.0
14,11,44.21336460022682,7.1674545187548855,14,11,0.3389372451514587,0.8960648148148148
14,12,19.81061014220367,4.123401639699998,14,12,-0.0,1.0
14,13,inf,,14,13,-0.0,1.0
14,14,0.0,0.0,14,14,-0.0,1.0
14,15,45.62243759865284,6.489277831558425,14,15,0.5509112244639218,0.7814814814814814
14,16,19.59291418847924,2.9809508981243313,14,16,-0.0,1.0
14,17,76.41631238360395,10.112199196126225,14,17,1.3284807957263627,0.4162037037037037
14,18,7.670862179555565,1.756817635549207,14,18,-0.0,1.0
14,19,35.21790118391197,5.769803251144875,14,19,0.0021691886415661126,0.9997685185185186
14,20,68.36974185892822,9.009223841378315,14,20,0.6693162285178402,0.767824074074074
14,21,30.590915390810174,5.371865641666817,14,21,0.0021691886415661126,0.9997685185185186
14,22,71.51642061375672,9.22754997509487,14,22,0.6693162285178402,0.767824074074074
14,23,58.98056164340989,7.1712742323350716,14,23,0.9993981384836712,0.5037037037037037
14,24,48.6431490494352,6.228909084128632,14,24,0.8994581925272062,0.6643518518518519
14,25,15.576382285895843,2.885260074517955,14,25,-0.0,1.0
14,26,39.11817333230101,6.1220959298100155,14,26,0.02977833820046416,0.9958333333333333
14,27,20.631360651374948,5.26859162124722,14,27,0.026993969543528583,0.9958333333333333
14,28,52.595612359122526,6.7244595553580755,14,28,0.9993981384836712,0.5037037037037037
14,29,81.09467907751377,9.440441063128997,14,29,1.4899334386188463,0.575
14,30,28.063590551456024,3.6262493569706185,14,30,-0.0,1.0
14,31,31.643624810071636,4.228381001493601,14,31,0.6519198873148129,0.762962962962963
14,32,28.388020514986074,5.155312934495527,14,32,0.0021691886415661126,0.9997685185185186
14,33,71.99734445748132,8.236670597931361,14,33,1.2028789780311153,0.6236111111111111
14,34,86.55277858218787,10.146202927302154,14,34,1.4899334386188463,0.575
14,35,40.43560048413902,6.212951360864196,14,35,0.029735286559238017,0.9956018518518519
14,36,78.32180793232163,9.420113043163052,14,36,1.2080438136038716,0.6231481481481481
14,37,46.62979017711811,6.695770116950516,14,37,0.9192287702927547,0.6219907407407408
14,38,62.71924595422233,7.6009737103864055,14,38,0.9752473759954916,0.6752314814814815
14,39,71.58188104422922,11.326331879910288,14,39,0.09805712680063995,0.98125
14,40,40.88974483269899,6.898956361461415,14,40,0.07349261238414403,0.9877314814814815
14,41,73.56140492312038,8.714301035542702,14,41,0.9935622468052395,0.6731481481481482
14,42,50.41149935701153,7.163031269229512,14,42,0.049352459168815616,0.993287037037037
14,43,89.08709027840281,11.283616065639356,14,43,1.2080438136038716,0.6231481481481481
14,44,57.9811352543031,8.173552116485405,14,44,1.0976019782538302,0.5877314814814815
14,45,56.85699940112278,8.89650646971351,14,45,0.09805712680063995,0.98125
14,46,83.97245845806482,10.316908257795216,14,46,0.9935622468052395,0.6731481481481482
14,47,51.68451339371044,8.149061872430295,14,47,0.07922851681266488,0.987037037037037
14,48,57.21168337191676,8.41142955039119,14,48,0.049352459168815616,0.993287037037037
14,49,58.82635127432647,9.148762532806757,14,49,0.35030381741880096,0.8979166666666667
14,50,63.34762510653226,9.52006229371595,14,50,0.35030381741880096,0.8979166666666667
14,51,55.81165638140053,8.639310901307187,14,51,0.08974298366527932,0.9863425925925926
14,52,60.788244641199086,9.269806824449589,14,52,0.65278041587046,0.6587962962962963
14,53,65.99818513624325,9.477894322035748,14,53,1.324686433728612,0.4710648148148148
14,54,61.77154533233575,9.178702887660485,14,54,0.14678925048674699,0.9761574074074074
14,55,65.74115237280786,9.670913646749579,14,55,0.049352459168815616,0.993287037037037
14,56,63.966201892495455,9.428040600114251,14,56,0.24713660263311055,0.9527777777777777
14,57,70.8385347946366,10.775706361027293,14,57,0.09805712680063995,0.98125
14,58,111.62412448334497,17.042327100003003,14,58,0.867448146350278,0.6206018518518519
14,59,77.27689004976156,11.541391348787526,14,59,1.324686433728612,0.4710648148148148
14,60,74.48660069048353,10.526059641005267,14,60,0.7485564804009073,0.7476851851851852
14,61,80.62503558883776,12.443924752632812,14,61,0.24713660263311055,0.9527777777777777
14,62,73.86404609166911,11.185395323897326,14,62,0.867448146350278,0.6206018518518519
14,63,86.08561548350941,13.220709458190756,14,63,0.867448146350278,0.6206018518518519
14,64,82.08409241118287,12.486050960840815,14,64,0.867448146350278,0.6206018518518519
14,65,93.7284957057734,13.718268917224561,14,65,0.867448146350278,0.6206018518518519
14,66,119.55328525309,23.179187917081748,14,66,0.867448146350278,0.6206018518518519
15,0,69.3396874651875,8.538411203546794,15,0,0.032728967872544736,0.9956018518518519
15,1,inf,,15,1,-0.0,1.0
15,2,13.604908855537053,2.915509180389424,15,2,-0.0,1.0
15,3,18.452858089469927,3.8855398250028084,15,3,-0.0,1.0
15,4,32.73804769367362,4.268007429457703,15,4,-0.0,1.0
15,5,22.235611759731462,4.89517003167434,15,5,0.0021691886415661126,0.9997685185185186
15,6,inf,,15,6,-0.0,1.0
15,7,24.526678399421204,5.053518056422781,15,7,0.007913507739646365,0.9990740740740741
15,8,87.67565182499071,12.167335137305585,15,8,0.03330813734423246,0.9956018518518519
15,9,12.6477205211273,3.4333790807651376,15,9,-0.0,1.0
15,10,57.83799884263881,8.341918214464826,15,10,0.032728967872544736,0.9956018518518519
15,11,5.741420207442156,1.4303022903925302,15,11,-0.0,1.0
15,12,25.245037610775398,3.456587361298286,15,12,-0.0,1.0
15,13,inf,,15,13,-0.0,1.0
15,14,48.831982021131964,7.307293180096256,15,14,0.032728967872544736,0.9956018518518519
15,15,0.0,0.0,15,15,-0.0,1.0
15,16,68.4237152518795,9.094586630654849,15,16,0.03330813734423246,0.9956018518518519
15,17,30.866383529951325,5.173493406615338,15,17,0.6988991112162918,0.5270833333333333
15,18,56.35836388903712,8.013817415731419,15,18,0.14374937187015435,0.975
15,19,8.850544201398163,1.7229990461557387,15,19,-0.0,1.0
15,20,22.84282296905323,4.385268534565759,15,20,0.05766788933321316,0.9909722222222223
15,21,14.547226729326358,2.418464982293706,15,21,-0.0,1.0
15,22,25.989501723882018,4.590251717509411,15,22,0.05766788933321316,0.9909722222222223
15,23,18.505236921516193,2.479883979804505,15,23,0.0040174222145676316,0.999537037037037
15,24,6.3565310592800905,1.2403244351970932,15,24,0.0021691886415661126,0.9997685185185186
15,25,61.55046440406016,7.7389832506735665,15,25,1.177069855160215,0.5078703703703704
15,26,23.07156102479631,3.4325355183474637,15,26,0.028871307913804854,0.9958333333333333
15,27,69.32623058734958,10.591945555392051,15,27,0.16414973837602387,0.9719907407407408
15,28,12.120287637229142,1.8013084993643382,15,28,0.0040174222145676316,0.999537037037037
15,29,40.31313635114809,5.745832375025369,15,29,1.3640501558597957,0.32013888888888886
15,30,76.89439161485657,9.667379092004792,15,30,0.03330813734423246,0.9956018518518519
15,31,80.41957659192798,10.09623171905149,15,31,0.7181552100049243,0.756712962962963
15,32,52.71834625828221,7.410460260741006,15,32,0.9937349000387989,0.5770833333333333
15,33,32.32495742233341,4.457944432525362,15,33,0.6970975906581609,0.5055555555555555
15,34,45.771235855821836,6.468629000687191,15,34,1.3640501558597957,0.32013888888888886
15,35,23.829225829942132,2.8208562451746206,15,35,0.5418921994063981,0.767824074074074
15,36,38.647061709685204,5.79078560780279,15,36,0.7085337277572389,0.5046296296296297
15,37,30.59243224579859,3.5602061276600905,15,37,0.9717670629080739,0.5784722222222223
15,38,25.062970028400375,4.451315493259992,15,38,0.07273785580280635,0.9886574074074074
15,39,84.84840938846983,12.301638290260732,15,39,1.1339750631541854,0.5622685185185186
15,40,40.95360489056949,5.315348866137274,15,40,0.9717670629080739,0.5784722222222223
15,41,35.74210048316424,4.977712311692595,15,41,0.14179861036712788,0.9712962962962963
15,42,33.81547100915968,3.9867656318024123,15,42,0.5452332206726401,0.767824074074074
15,43,49.4123440557663,7.918431913920154,15,43,0.7085337277572389,0.5046296296296297
15,44,42.14088156668992,5.2386454479982625,15,44,0.9863086140273539,0.5770833333333333
15,45,70.12352774536328,9.788295836653711,15,45,1.1339750631541854,0.5622685185185186
15,46,46.15315401810887,6.508589719854982,15,46,0.14179861036712788,0.9712962962962963
15,47,51.74837345158097,6.554534668075655,15,47,0.9771312526037228,0.5777777777777777
15,48,40.55524259788652,5.193051172215738,15,48,0.6051945898075727,0.7601851851851852
15,49,59.31217597549528,7.9916165867429445,15,49,1.0038700011776645,0.5756944444444444
15,50,63.83344980770155,8.360096288037496,15,50,1.0038700011776645,0.5756944444444444
15,51,55.82115411086339,7.013065819616594,15,51,1.0598440821180768,0.5729166666666666
15,52,64.37341445502776,8.738483654761323,15,52,1.0271524292450114,0.5743055555555555
15,53,49.86085620162511,6.35519878742478,15,53,1.479349367058118,0.40347222222222223
15,54,60.53077895057859,7.572219937300935,15,54,1.8336816015533763,0.36342592592592593
15,55,49.08471159877773,6.59892495814035,15,55,0.6051945898075727,0.7601851851851852
15,56,59.96246441589821,7.5735081824542965,15,56,1.8715386817322408,0.3277777777777778
15,57,84.1050631388773,11.577103385424829,15,57,1.1339750631541854,0.5622685185185186
15,58,114.31177830022239,16.246233506973038,15,58,1.7490505272549441,0.44930555555555557
15,59,61.13956111514361,8.502211904348746,15,59,1.479349367058118,0.40347222222222223
15,60,74.0802322897057,9.08349409207112,15,60,2.020677430768224,0.3386574074074074
15,61,76.6212981122406,10.69021875698006,15,61,1.8715386817322408,0.3277777777777778
15,62,76.551699908546,10.344899046408893,15,62,1.7490505272549441,0.44930555555555557
15,63,88.77326930038652,12.333315649183366,15,63,1.7490505272549441,0.44930555555555557
15,64,84.77174622806,11.6537374329959,15,64,1.7490505272549441,0.44930555555555557
15,65,96.41614952265043,12.845784845993418,15,65,1.7490505272549441,0.44930555555555557
15,66,122.24093906996765,22.66104310215902,15,66,1.7490505272549441,0.44930555555555557
16,0,23.459597298958304,2.419678910951939,16,0,-0.0,1.0
16,1,inf,,16,1,-0.0,1.0
16,2,57.974949725823876,7.821926845832277,16,2,0.16796720267524826,0.9680555555555556
16,3,84.1683613464094,9.533338712016405,16,3,0.6356082011805718,0.7715277777777778
16,4,47.39879679842143,6.126658259593834,16,4,0.08089028928778468,0.9849537037037037
16,5,87.94814847342839,10.326672256411912,16,5,0.6387758179665745,0.7715277777777778
16,6,inf,,16,6,-0.0,1.0
16,7,90.23068906379395,10.477649170562232,16,7,0.6517013604130389,0.7703703703703704
16,8,19.25193657311111,7.030260289560288,16,8,-0.0,1.0
16,9,78.36322377806722,9.151746746421736,16,9,0.6356082011805718,0.7715277777777778
16,10,11.957908676409746,1.5483052298375217,16,10,-0.0,1.0
16,11,64.30854117354629,7.916023249145687,16,11,0.4189417634859273,0.8837962962962963
16,12,39.90578671552307,5.400236105554379,16,12,0.08089028928778468,0.9849537037037037
16,13,inf,,16,13,-0.0,1.0
16,14,20.133027667874956,2.652589634161913,16,14,-0.0,1.0
16,15,65.71761417197244,7.56572663256121,16,15,0.6307584338824234,0.7719907407407407
16,16,0.0,0.0,16,16,-0.0,1.0
16,17,96.5114889569237,10.921957564823417,16,17,1.4063160626040188,0.4115740740740741
16,18,27.766038752875076,3.540008703859615,16,18,0.08089028928778468,0.9849537037037037
16,19,55.313077757231376,6.891172746272612,16,19,0.0830559681125503,0.9847222222222223
16,20,88.4649184322477,9.871995335144758,16,20,0.7483669267322972,0.7587962962962963
16,21,50.68609196412965,6.527582737398494,16,21,0.0830559681125503,0.9847222222222223
16,22,91.61159718707626,10.072453107906009,16,22,0.7483669267322972,0.7587962962962963
16,23,79.07573821672904,8.280011675170666,16,23,1.079322413978066,0.4949074074074074
16,24,68.73832562275477,7.509514518908015,16,24,0.9786079498878986,0.655787037037037
16,25,35.67155885921525,4.34262648718761,16,25,0.08089028928778468,0.9849537037037037
16,26,59.213349905620426,7.209332988956553,16,26,0.11060532517618821,0.9807870370370371
16,27,27.0459495381088,3.942936797819072,16,27,0.293687746404154,0.9277777777777778
16,28,72.69078893244227,7.890440504616098,16,28,1.079322413978066,0.4949074074074074
16,29,101.1898556508333,10.345796517562649,16,29,1.567641132676367,0.5682870370370371
16,30,8.470676362976842,1.0705948073360714,16,30,-0.0,1.0
16,31,12.708915553916674,2.506350930962912,16,31,0.23629183010932076,0.9365740740740741
16,32,48.483197088305594,6.25887828884904,16,32,0.0830559681125503,0.9847222222222223
16,33,92.09252103080081,9.199879541776975,16,33,1.2812952648338778,0.6157407407407407
16,34,106.64795515550698,11.035332933940843,16,34,1.567641132676367,0.5682870370370371
16,35,60.530777057458394,7.287350615398614,16,35,0.11055874891864446,0.9805555555555555
16,36,98.41698450564127,10.329583493827116,16,36,1.285988186790598,0.6152777777777778
16,37,66.72496675043763,7.711797312728986,16,37,0.9994067472324045,0.6136574074074074
16,38,82.81442252754178,8.56872643486183,16,38,1.0548231151790641,0.6655092592592593
16,39,91.67705761754841,12.101991874848327,16,39,0.1786449281188367,0.9668981481481481
16,40,60.98492140601842,7.772287311527222,16,40,0.15354080773095016,0.9736111111111111
16,41,93.65658149643988,9.65674033130129,16,41,1.0721046001677812,0.6636574074074074
16,42,70.50667593033087,8.168090054275666,16,42,0.1301406298790119,0.9782407407407407
16,43,109.18226685172192,12.082894285403132,16,43,1.285988186790598,0.6152777777777778
16,44,78.07631182762285,9.09092052282749,16,44,1.1772095781906329,0.5796296296296296
16,45,76.95217597444193,9.717903416651719,16,45,0.1786449281188367,0.9668981481481481
16,46,104.06763503138387,11.183695065777062,16,46,1.0721046001677812,0.6636574074074074
16,47,71.77968996703,8.928609584739764,16,47,0.15926670936247225,0.9729166666666667
16,48,77.30685994523581,9.33658936340346,16,48,0.1301406298790119,0.9782407407407407
16,49,78.92152784764544,9.816043299991785,16,49,0.42887746928713244,0.8868055555555555
16,50,83.44280167985185,10.168746400031027,16,50,0.42887746928713244,0.8868055555555555
16,51,75.90683295471989,9.398481092588742,16,51,0.16955519844506667,0.9722222222222222
16,52,80.8834212145187,10.026988514866673,16,52,0.732408761732026,0.649537037037037
16,53,86.09336170956229,10.343042626875292,16,53,1.404074651227069,0.46412037037037035
16,54,81.86672190565501,9.920557744016172,16,54,0.22654431444668674,0.9625
16,55,85.83632894612724,10.529966776067932,16,55,0.1301406298790119,0.9782407407407407
16,56,84.06137846581467,10.16821911404652,16,56,0.32602344113238,0.9402777777777778
16,57,90.9337113679562,11.556461903582472,16,57,0.1786449281188367,0.9668981481481481
16,58,131.71930105666448,17.57809142128005,16,58,0.9460301803604553,0.6125
16,59,97.3720666230812,12.331384361230043,16,59,1.404074651227069,0.46412037037037035
16,60,94.58177726380316,11.22192670537699,16,60,0.8265859572174222,0.7391203703703704
16,61,100.72021216215784,13.101123600680276,16,61,0.32602344113238,0.9402777777777778
16,62,93.95922266498837,11.855907799255649,16,62,0.9460301803604553,0.6125
16,63,106.18079205682874,13.856542286318245,16,63,0.9460301803604553,0.6125
16,64,102.17926898450246,13.121320668811999,16,64,0.9460301803604553,0.6125
16,65,113.82367227909289,14.364260101773553,16,65,0.9460301803604553,0.6125
16,66,139.64846182640977,23.576782148755647,16,66,0.9460301803604553,0.6125
17,0,99.6550223137338,11.496289793599827,17,0,0.72640176448914,0.5537037037037037
17,1,inf,,17,1,-0.0,1.0
17,2,43.93276099122233,7.162053352345595,17,2,0.6865946832559666,0.5571759259259259
17,3,24.195244400067136,3.480018419254219,17,3,0.6865946832559666,0.5571759259259259
17,4,63.06212054304405,8.201749664321277,17,4,0.6939134028571942,0.5564814814814815
17,5,10.783422348935183,1.9824761335085221,17,5,-0.0,1.0
17,6,inf,,17,6,-0.0,1.0
17,7,7.5392695708912285,1.5668481524493814,17,7,-0.0,1.0
17,8,117.99098667353654,14.860312140062323,17,8,0.7268437882171225,0.5537037037037037
17,9,18.390106831724534,2.824240635829473,17,9,0.6865946832559666,0.5571759259259259
17,10,88.1533336911852,11.544664400680897,17,10,0.72640176448914,0.5537037037037037
17,11,36.06927234312737,6.03670751412691,17,11,0.6865946832559666,0.5571759259259259
17,12,55.569110460145765,7.407271616722935,17,12,0.6939134028571942,0.5564814814814815
17,13,inf,,17,13,-0.0,1.0
17,14,79.14731686967824,10.639848360417478,17,14,0.72640176448914,0.5537037037037037
17,15,30.327852135685205,5.242154100980453,17,15,0.6865946832559666,0.5571759259259259
17,16,98.73905010042569,12.350365919414166,17,16,0.7268437882171225,0.5537037037037037
17,17,0.0,0.0,17,17,-0.0,1.0
17,18,86.67061923811823,11.467560872959538,17,18,0.8427299109779985,0.5400462962962963
17,19,39.177829367972336,5.637254137963882,17,19,0.6886284630433621,0.5569444444444445
17,20,9.387804082525422,1.7448597561017978,17,20,-0.0,1.0
17,21,44.87129957869677,6.29151508761684,17,21,0.6939134028571942,0.5564814814814815
17,22,12.534482837354158,2.1005467953127175,17,22,-0.0,1.0
17,23,48.80210476408088,6.520533828189571,17,23,0.7276416804450065,0.5534722222222223
17,24,36.68066200994672,5.699228555107515,17,24,0.6943023123000429,0.5567129629629629
17,25,91.84286436312048,11.75128217684732,17,25,1.901073125617771,0.28078703703703706
17,26,53.391125310682796,7.026098744972782,17,26,0.7229431711115878,0.5548611111111111
17,27,99.6384859364304,13.768876001319764,17,27,0.8630066845164756,0.537962962962963
17,28,42.417155479794125,6.015581373246097,17,28,0.7276416804450065,0.5534722222222223
17,29,11.031164064687491,2.176028637969627,17,29,-0.0,1.0
17,30,107.20972646340256,12.969699585366048,17,30,0.7268437882171225,0.5537037037037037
17,31,110.73235784924529,13.431839285354933,17,31,1.4118957143740711,0.42060185185185184
17,32,82.98719268897918,11.54412462666665,17,32,1.7414257835248197,0.3127314814814815
17,33,20.984896849247725,3.812298148805696,17,33,0.08851588060567421,0.9824074074074074
17,34,16.489263569361093,2.995702148354349,17,34,-0.0,1.0
17,35,54.09451689219912,7.10489407493007,17,35,1.287396024749874,0.41689814814814813
17,36,24.992697384120323,4.580569637831404,17,36,0.6465826201720692,0.6513888888888889
17,37,60.861278676495395,7.845984974486478,17,37,1.7195646739681794,0.3138888888888889
17,38,45.89639957011577,6.577916033257523,17,38,0.8273307496042399,0.6275462962962963
17,39,114.83042684228975,16.327325730161064,17,39,1.9666466390670188,0.2912037037037037
17,40,71.22245132126599,9.537727841457695,17,40,1.7195646739681794,0.3138888888888889
17,41,35.52437589682869,5.790882962657244,17,41,0.6583003868323613,0.6509259259259259
17,42,56.995856107243085,7.273957434943843,17,42,1.0522750665416842,0.5888888888888889
17,43,35.75797973020141,6.678400289804522,17,43,0.6465826201720692,0.6513888888888889
17,44,68.89235600160166,9.327011821683895,17,44,1.6885771959326503,0.4173611111111111
17,45,100.10554519918253,13.84650409808905,17,45,1.9666466390670188,0.2912037037037037
17,46,45.93542943177316,7.390995654960262,17,46,0.6583003868323613,0.6509259259259259
17,47,82.01721988227779,10.609249301689163,17,47,1.7245039622796103,0.31319444444444444
17,48,50.45135182878032,6.73437803248507,17,48,0.7254205477840178,0.6430555555555556
17,49,89.50904506392128,11.99605193537122,17,49,1.769858205658078,0.3104166666666667
17,50,94.03031889612721,12.38097410124559,17,50,1.769858205658078,0.3104166666666667
17,51,79.9620753591573,10.511945621585584,17,51,1.4399831866256119,0.5125
17,52,94.32359494710202,12.712686975511776,17,52,1.8646965998146707,0.2967592592592593
17,53,61.28526754439112,8.118262850031687,17,53,0.7747219295847724,0.6398148148148148
17,54,74.26858853714565,9.78354602724701,17,54,0.8393669281921983,0.6333333333333333
17,55,58.98082082967138,7.890002651683223,17,55,0.7254205477840178,0.6430555555555556
17,56,71.83192774862746,9.439251595213387,17,56,0.7887875371011088,0.6391203703703704
17,57,114.08708059269672,15.568091456442104,17,57,1.9666466390670188,0.2912037037037037
17,58,132.18453410344455,18.111473056544845,17,58,1.0737354228696476,0.6011574074074074
17,59,72.56397245790961,10.103118955522993,17,59,0.7747219295847724,0.6398148148148148
17,60,87.99111673451397,11.224281916209778,17,60,0.8705235305573706,0.631712962962963
17,61,88.49076144496995,12.415587639329935,17,61,0.7887875371011088,0.6391203703703704
17,62,94.42445571176857,12.362740967406465,17,62,1.0737354228696476,0.6011574074074074
17,63,106.64602510360834,14.349699701613357,17,63,1.0737354228696476,0.6011574074074074
17,64,102.64450203128267,13.497312952083616,17,64,1.0737354228696476,0.6011574074074074
17,65,114.28890532587279,14.842033539469325,17,65,1.0737354228696476,0.6011574074074074
17,66,140.11369487319007,24.444502979094192,17,66,1.0737354228696476,0.6011574074074074
18,0,27.542603796601867,4.111442328657599,18,0,-0.0,1.0
18,1,inf,,18,1,-0.0,1.0
18,2,30.208910972949067,6.553497477885108,18,2,0.08758318293036699,0.9826388888888888
18,3,56.40232259353457,7.804346103891123,18,3,0.5561835148125577,0.7810185185185186
18,4,19.63275804554628,3.9042675375775127,18,4,-0.0,1.0
18,5,60.182109720553164,8.675151068277769,18,5,0.5598049024018398,0.7810185185185186
18,6,inf,,18,6,-0.0,1.0
18,7,62.46465031091913,8.820522925613982,18,7,0.5723202517139355,0.7798611111111111
18,8,45.85724863644693,8.61450402054176,18,8,0.04708472796877268,0.9918981481481481
18,9,50.597185025192104,7.372618697023257,18,9,0.5561835148125577,0.7810185185185186
18,10,16.04091517405323,3.5902070927925016,18,10,-0.0,1.0
18,11,36.54250242067128,6.352039228962367,18,11,0.3389372451514587,0.8960648148148148
18,12,12.139747962648148,3.200682809850253,18,12,-0.0,1.0
18,13,inf,,18,13,-0.0,1.0
18,14,7.034898352546277,1.991396104262859,18,14,-0.0,1.0
18,15,37.95157541909717,5.523445678872721,18,15,0.5509112244639218,0.7814814814814814
18,16,26.605312063335656,4.333340220025043,18,16,0.04708472796877268,0.9918981481481481
18,17,68.74545020404874,9.168936794545978,18,17,1.3284807957263627,0.4162037037037037
18,18,0.0,0.0,18,18,-0.0,1.0
18,19,27.547039004356506,4.741830939120093,18,19,0.0021691886415661126,0.9997685185185186
18,20,60.69887967937295,8.098056962782254,18,20,0.6693162285178402,0.767824074074074
18,21,22.920053211254643,4.351904157311489,18,21,0.0021691886415661126,0.9997685185185186
18,22,63.84555843420148,8.315551777985839,18,22,0.6693162285178402,0.767824074074074
18,23,51.309699463854194,6.15669431802304,18,23,0.9993981384836712,0.5037037037037037
18,24,40.9722868698797,5.324316600497913,18,24,0.8994581925272062,0.6643518518518519
18,25,7.905520106340279,1.7261918073006741,18,25,-0.0,1.0
18,26,31.44731115274537,5.129250148703643,18,26,0.02977833820046416,0.9958333333333333
18,27,12.993235133814855,4.553436711261219,18,27,0.005744479923572491,0.9993055555555556
18,28,44.92475017956709,5.706344895218619,18,28,0.9993981384836712,0.5037037037037037
18,29,73.42381689795812,8.447366936809981,18,29,1.4899334386188463,0.575
18,30,35.07598842631248,4.942517184084174,18,30,0.04708472796877268,0.9918981481481481
18,31,29.423575238983865,5.741449350971388,18,31,0.2765246114416824,0.9275462962962963
18,32,20.717158335430497,4.1360087733571165,18,32,0.0021691886415661126,0.9997685185185186
18,33,64.32648227792599,7.253651119952096,18,33,1.2028789780311153,0.6236111111111111
18,34,78.88191640263173,9.148292127924044,18,34,1.4899334386188463,0.575
18,35,32.764738304583354,5.174419147806591,18,35,0.029735286559238017,0.9956018518518519
18,36,70.65094575276628,8.444288364807191,18,36,1.2080438136038716,0.6231481481481481
18,37,38.958927997562455,5.60517845498519,18,37,0.9192287702927547,0.6219907407407408
18,38,55.04838377466659,6.643479714120473,18,38,0.9752473759954916,0.6752314814814815
18,39,63.911018864673736,10.413052359058758,18,39,0.09805712680063995,0.98125
18,40,33.2188826531435,5.94959847164159,18,40,0.07349261238414403,0.9877314814814815
18,41,65.89054274356485,7.741626864980826,18,41,0.9935622468052395,0.6731481481481482
18,42,42.740637177456044,6.147009453223391,18,42,0.049352459168815616,0.993287037037037
18,43,81.41622809884723,10.331473965603397,18,43,1.2080438136038716,0.6231481481481481
18,44,50.31027307474777,7.127209427360749,18,44,1.0976019782538302,0.5877314814814815
18,45,49.186137221566966,7.999009571692329,18,45,0.09805712680063995,0.98125
18,46,76.30159627850931,9.34473628091328,18,46,0.9935622468052395,0.6731481481481482
18,47,44.01365121415511,7.2493341246376515,18,47,0.07922851681266488,0.987037037037037
18,48,49.54082119236117,7.427144284160718,18,48,0.049352459168815616,0.993287037037037
18,49,51.15548909477066,8.237616152384753,18,49,0.35030381741880096,0.8979166666666667
18,50,55.676762926976956,8.61410338097431,18,50,0.35030381741880096,0.8979166666666667
18,51,48.14079420184501,7.726833271684771,18,51,0.08974298366527932,0.9863425925925926
18,52,53.11738246164357,8.319333563530689,18,52,0.65278041587046,0.6587962962962963
18,53,58.327322956687574,8.438805338623135,18,53,1.324686433728612,0.4710648148148148
18,54,54.10068315278005,8.244218654515219,18,54,0.14678925048674699,0.9761574074074074
18,55,58.07029019325251,8.71013059538047,18,55,0.049352459168815616,0.993287037037037
18,56,56.29533971293982,8.477257605533424,18,56,0.24713660263311055,0.9527777777777777
18,57,63.167672615081095,9.876611276304613,18,57,0.09805712680063995,0.98125
18,58,103.95326230378944,16.18490686911388,18,58,0.867448146350278,0.6206018518518519
18,59,69.60602787020592,10.520516781961627,18,59,1.324686433728612,0.4710648148148148
18,60,66.81573851092831,9.578825869214143,18,60,0.7485564804009073,0.7476851851851852
18,61,72.9541734092824,11.49809438430529,18,61,0.24713660263311055,0.9527777777777777
18,62,66.19318391211354,10.271186234481503,18,62,0.867448146350278,0.6206018518518519
18,63,78.41475330395374,12.310999269099998,18,63,0.867448146350278,0.6206018518518519
18,64,74.4132302316275,11.592094939973734,18,64,0.867448146350278,0.6206018518518519
18,65,86.05763352621749,12.813393868342724,18,65,0.867448146350278,0.6206018518518519
18,66,111.88242307353477,22.529010625838946,18,66,0.867448146350278,0.6206018518518519
19,0,60.49654741813667,8.22803927358711,19,0,0.02810361555201696,0.9960648148148148
19,1,inf,,19,1,-0.0,1.0
19,2,24.525666404347252,3.706785103857107,19,2,0.2558855797222926,0.9395833333333333
19,3,29.56815052923843,4.973752969888214,19,3,0.07021203241022515,0.9868055555555556
19,4,23.88750349227532,3.779776805542816,19,4,-0.0,1.0
19,5,33.34970666650927,5.810757491880078,19,5,0.07454420546739335,0.9863425925925926
19,6,inf,,19,6,-0.0,1.0
19,7,35.638924716631905,5.953635738012427,19,7,0.07855525974957836,0.9858796296296296
19,8,78.83251177794011,11.905339672408964,19,8,0.028900382171617403,0.9960648148148148
19,9,23.763012960895807,4.585975615123681,19,9,0.07021203241022515,0.9868055555555556
19,10,48.9948587955881,8.051084278282216,19,10,0.02810361555201696,0.9960648148148148
19,11,16.854691776692132,3.078806046668541,19,11,0.07817871632002985,0.9858796296296296
19,12,16.394493409377343,2.8412957332164352,19,12,-0.0,1.0
19,13,inf,,19,13,-0.0,1.0
19,14,39.988841974080906,7.007028094706016,19,14,0.02810361555201696,0.9960648148148148
19,15,11.115292439768535,2.779930299424383,19,15,0.07021203241022515,0.9868055555555556
19,16,59.58057520482878,8.82337661957031,19,16,0.028900382171617403,0.9960648148148148
19,17,41.95904412464115,5.939868595818085,19,17,0.8047833679502089,0.5164351851851852
19,18,47.53080868611339,7.741913332934418,19,18,0.11550867919288033,0.9789351851851852
19,19,0.0,0.0,19,19,-0.0,1.0
19,20,33.91038217573143,5.243946596665778,19,20,0.15847034557902637,0.9738425925925925
19,21,5.696682527928232,1.4705079200917073,19,21,-0.0,1.0
19,22,37.05706093056022,5.4104088092757445,19,22,0.15847034557902637,0.9738425925925925
19,23,25.828907772317155,3.520051336761891,19,23,0.7033943458266012,0.7048611111111112
19,24,13.748050250356469,3.267042171207973,19,24,0.5975598971127888,0.71875
19,25,52.96408167691651,7.414226792559075,19,25,0.9472663923232215,0.530787037037037
19,26,14.23282313794442,2.7877530897475693,19,26,0.014943216068960777,0.9979166666666667
19,27,60.498675384425944,10.353144853396376,19,27,0.13592118559370953,0.975925925925926
19,28,19.443958488030102,3.276019235872884,19,28,0.7033943458266012,0.7048611111111112
19,29,48.93420748146524,5.251843821702047,19,29,1.4698517728977154,0.48518518518518516
19,30,68.05125156780551,9.41808979651804,19,30,0.028900382171617403,0.9960648148148148
19,31,71.5824789501435,9.850018031820268,19,31,0.7104803844177461,0.7569444444444444
19,32,44.328509981905086,7.053796350519286,19,32,0.6048966295856941,0.731712962962963
19,33,40.33514255746529,4.247553356765513,19,33,1.1065565293453468,0.5564814814814815
19,34,54.392306986138884,5.915617916476248,19,34,1.4698517728977154,0.48518518518518516
19,35,15.55526989149999,2.4931795081945656,19,35,0.010203604177884159,0.9988425925925926
19,36,46.659103188907444,5.281636638036758,19,36,1.1103122364444242,0.5564814814814815
19,37,22.208176611722187,3.173422568942469,19,37,0.5813090399811365,0.7337962962962963
19,38,31.829048722650448,4.335350091550101,19,38,0.9257905570097863,0.6532407407407408
19,39,76.46415375439354,11.982118896047826,19,39,0.7440315731123868,0.7111111111111111
19,40,32.56934925649309,4.9384261758981305,19,40,0.5813090399811365,0.7337962962962963
19,41,42.646850285222236,5.083420523791459,19,41,0.9538198866148115,0.6523148148148148
19,42,25.53840591161347,3.706659961993234,19,42,0.016711310980890813,0.9979166666666667
19,43,57.424385534988325,7.172029469008161,19,43,1.1103122364444242,0.5564814814814815
19,44,33.7566259326135,4.918147791312287,19,44,0.5958642932759814,0.732175925925926
19,45,61.73927211128702,9.469722924732293,19,45,0.7440315731123868,0.7111111111111111
19,46,53.05790382016664,6.350077151410652,19,46,0.9538198866148115,0.6523148148148148
19,47,43.364117817504656,6.2386794519099364,19,47,0.5868384852885965,0.7331018518518518
19,48,32.33797769911806,5.154105672211884,19,48,0.025691527562061015,0.9967592592592592
19,49,50.927920341418975,7.682976001158005,19,49,0.6144647162702686,0.7305555555555555
19,50,55.449194173625074,8.055040818072303,19,50,0.6144647162702686,0.7305555555555555
19,51,47.43848888131956,6.685796388649055,19,51,0.6657182841093356,0.7240740740740741
19,52,55.98938849992819,8.425644297993712,19,52,0.6338907220016944,0.7284722222222222
19,53,41.53899627150466,6.068125556755303,19,53,0.9992336021673255,0.5150462962962963
19,54,52.17176874303919,7.219379825206151,19,54,1.4049465433714234,0.45532407407407405
19,55,40.86744670000924,6.573362019477835,19,55,0.025691527562061015,0.9967592592592592
19,56,51.62747486539353,7.24071074257146,19,56,1.4169357817846322,0.41435185185185186
19,57,75.720807504801,11.261924799682554,19,57,0.7440315731123868,0.7111111111111111
19,58,105.93907009212724,15.962999105113756,19,58,1.344722182973904,0.5645833333333333
19,59,52.81770118502321,8.22871379448093,19,59,0.9992336021673255,0.5150462962962963
19,60,65.72061160190955,8.743948445179717,19,60,1.5948894483869036,0.42314814814814816
19,61,68.28630856173602,10.388207596078473,19,61,1.4169357817846322,0.41435185185185186
19,62,68.17899170045168,10.0442417788208,19,62,1.344722182973904,0.5645833333333333
19,63,80.40056109229181,12.055708882745847,19,63,1.344722182973904,0.5645833333333333
19,64,76.39903801996529,11.36726105702069,19,64,1.344722182973904,0.5645833333333333
19,65,88.04344131455575,12.567630796430523,19,65,1.344722182973904,0.5645833333333333
19,66,113.86823086187289,22.43708351454871,19,66,1.344722182973904,0.5645833333333333
20,0,91.78265329591889,10.50600390232484,20,0,0.0705665985698993,0.9900462962962963
20,1,inf,,20,1,-0.0,1.0
20,2,36.06231443278008,6.064879850789257,20,2,0.03318415344937721,0.9946759259259259
20,3,16.324797841625017,2.966510784967233,20,3,0.03318415344937721,0.9946759259259259
20,4,55.19120945081937,7.092223281101613,20,4,0.03770926349122891,0.9942129629629629
20,5,18.67739406823153,2.795848760138145,20,5,0.6926660291405553,0.5155092592592593
20,6,inf,,20,6,-0.0,1.0
20,7,16.708766180907425,2.7443901389264145,20,7,0.19577983306743965,0.950925925925926
20,8,110.1186176557221,14.032073155815644,20,8,0.07114576804158701,0.9900462962962963
20,9,10.519660273282394,2.3547809313394104,20,9,0.03318415344937721,0.9946759259259259
20,10,80.28096467337048,10.491278606127498,20,10,0.0705665985698993,0.9900462962962963
20,11,28.198825784685148,5.064554953189143,20,11,0.03318415344937721,0.9946759259259259
20,12,47.69819936792133,6.390344883061313,20,12,0.03770926349122891,0.9942129629629629
20,13,inf,,20,13,-0.0,1.0
20,14,71.27494785186347,9.5638143520735,20,14,0.0705665985698993,0.9900462962962963
20,15,22.45740557724309,4.4030308214553235,20,15,0.03318415344937721,0.9946759259259259
20,16,90.86668108261135,11.244802829228437,20,16,0.07114576804158701,0.9900462962962963
20,17,9.269451977706039,1.9604144659899676,20,17,0.0021691886415661126,0.9997685185185186
20,18,78.79694493167592,10.309449380577021,20,18,0.1891047782686395,0.96875
20,19,31.30737247734953,4.890990641270569,20,19,0.035352106230510535,0.9944444444444445
20,20,0.0,0.0,20,20,-0.0,1.0
20,21,37.00038848647235,5.466644443642689,20,21,0.03770926349122891,0.9942129629629629
20,22,3.1466787548287076,0.650105032905653,20,22,-0.0,1.0
20,23,40.93287258529395,5.5819143349823515,20,23,0.06742561518257374,0.9891203703703704
20,24,28.810140611511613,4.811532959924226,20,24,0.041092716025097314,0.99375
20,25,83.95931736354379,10.41556937811065,20,25,1.2441192755722783,0.5050925925925925
20,26,45.51711018606707,6.114780450156423,20,26,0.06988688456613922,0.9898148148148148
20,27,91.76481162998832,12.642671703509352,20,27,0.2094857625354815,0.9657407407407408
20,28,34.54792330100694,5.080800273259773,20,28,0.06742561518257374,0.9891203703703704
20,29,19.387265396469907,3.2107744169606143,20,29,0.6790370508440671,0.5837962962962963
20,30,99.33735744558798,11.828682379541414,20,30,0.07114576804158701,0.9900462962962963
20,31,102.8590690847847,12.25810041034079,20,31,0.7552377388178306,0.7546296296296297
20,32,75.10647347842857,10.27547524228243,20,32,1.0843188557428467,0.5703703703703704
20,33,11.717590057861068,3.130970609451835,20,33,0.025719690207264834,0.9960648148148148
20,34,24.84536490114349,3.9959649739727867,20,34,0.6790370508440671,0.5837962962962963
20,35,46.21144145328705,6.041435491069949,20,35,0.6333234060666969,0.7569444444444444
20,36,17.973770802030096,4.157724253710239,20,36,0.06104703803959342,0.9888888888888889
20,37,52.979284668976874,6.674933109105398,20,37,1.063101638862982,0.5717592592592593
20,38,38.786145611386715,5.89205601958054,20,38,0.26025478064209984,0.9344907407407408
20,39,106.97612120109723,14.945064814761297,20,39,1.3002037140703702,0.5381944444444444
20,40,63.34045731374771,8.286927613920087,20,40,1.063101638862982,0.5717592592592593
20,41,28.505922746527705,5.377752323300546,20,41,0.07348645989619745,0.9872685185185185
20,42,49.76821001335173,6.5993532655391105,20,42,0.509439532297806,0.8495370370370371
20,43,28.739053148111044,6.412601815119518,20,43,0.06104703803959342,0.9888888888888889
20,44,61.38702184001401,8.26040351770083,20,44,1.1162886597007653,0.5550925925925926
20,45,92.25123955799084,12.487942575239854,20,45,1.3002037140703702,0.5381944444444444
20,46,38.916976281472216,6.811540776736361,20,46,0.07348645989619745,0.9872685185185185
20,47,74.1352258747593,9.366379116190975,20,47,1.0684577177570722,0.5710648148148149
20,48,43.40177239745143,6.387546592976292,20,48,0.14216200575764099,0.975462962962963
20,49,81.63550770322209,10.69356301730018,20,49,1.1154501334518114,0.5666666666666667
20,50,86.15678153542798,11.073631001671188,20,50,1.1154501334518114,0.5666666666666667
20,51,72.61912101987267,9.482928338422036,20,51,0.8790402062264515,0.7217592592592592
20,52,86.47687321019899,11.40153440642408,20,52,1.1988566806141396,0.5486111111111112
20,53,54.21902454394222,7.587207913200579,20,53,0.1998001921657184,0.9675925925925926
20,54,67.1708862134766,9.065105786936881,20,54,0.268132346822519,0.9567129629629629
20,55,51.931241398342685,7.582032236867004,20,55,0.14216200575764099,0.975462962962963
20,56,64.75403335914828,8.775270406619901,20,56,0.2282165312182877,0.9648148148148148
20,57,106.23277495150477,14.202025054118355,20,57,1.3002037140703702,0.5381944444444444
20,58,125.0434967687061,17.37265480451662,20,58,0.5076402288008658,0.8993055555555556
20,59,65.49772945746058,9.523753393006942,20,59,0.1998001921657184,0.9675925925925926
20,60,80.89111024151397,10.48370183959831,20,60,0.30602939381813465,0.9520833333333333
20,61,81.41286705549084,11.69472027475618,20,61,0.2282165312182877,0.9648148148148148
20,62,87.28341837702979,11.53843732909244,20,62,0.5076402288008658,0.8993055555555556
20,63,99.50498776887014,13.553531317562655,20,63,0.5076402288008658,0.8993055555555556
20,64,95.50346469654384,12.74343445393583,20,64,0.5076402288008658,0.8993055555555556
20,65,107.14786799113374,14.044878719126014,20,65,0.5076402288008658,0.8993055555555556
20,66,132.97265753845176,23.918278352683817,20,66,0.5076402288008658,0.8993055555555556
21,0,54.79986489020831,7.84904677962342,21,0,0.02810361555201696,0.9960648148148148
21,1,inf,,21,1,-0.0,1.0
21,2,26.68306272174073,4.202495946453513,21,2,0.6922297385764422,0.5798611111111112
21,3,34.19104020498615,5.357574066246569,21,3,0.08176407731823283,0.9856481481481482
21,4,18.190820964347225,3.162282360836284,21,4,-0.0,1.0
21,5,37.9671172344884,6.193934861500396,21,5,0.08768227068309109,0.9849537037037037
21,6,inf,,21,6,-0.0,1.0
21,7,40.24645896165057,6.313973995477411,21,7,0.10262031069289589,0.9828703703703704
21,8,73.1358292500116,11.571045945791672,21,8,0.028900382171617403,0.9960648148148148
21,9,28.385902636643454,4.960005035238038,21,9,0.08176407731823283,0.9856481481481482
21,10,43.298176267659784,7.632625886193879,21,10,0.02810361555201696,0.9960648148148148
21,11,21.424672838314727,3.3266500644813473,21,11,0.1496296909484518,0.9717592592592592
21,12,10.697810881449064,2.161377100410744,21,12,-0.0,1.0
21,13,inf,,21,13,-0.0,1.0
21,14,34.292159446152795,6.56392437719897,21,14,0.02810361555201696,0.9960648148148148
21,15,15.740932324122658,3.068253926101104,21,15,0.07538863445449547,0.9863425925925926
21,16,53.883892676900466,8.393781839489433,21,16,0.028900382171617403,0.9960648148148148
21,17,46.482248770988484,6.2437431195164335,21,17,0.8870001253858018,0.5085648148148149
21,18,41.83412615818517,7.275626388036237,21,18,0.11550867919288033,0.9789351851851852
21,19,4.6269857931018405,0.9455460127481159,21,19,-0.0,1.0
21,20,38.42488340677554,5.441654804592516,21,20,0.2222534604000109,0.9590277777777778
21,21,0.0,0.0,21,21,-0.0,1.0
21,22,41.57156216160417,5.632145769194802,21,22,0.2222534604000109,0.9590277777777778
21,23,28.49140262248842,3.1986607020523943,21,23,0.8772228785683651,0.5215277777777778
21,24,18.333734402974507,3.2348217400043238,21,24,0.6690136245298145,0.7087962962962963
21,25,47.26739914898827,6.8577325717257365,21,25,0.9472663923232215,0.530787037037037
21,26,8.536140610016192,2.16421877253375,21,26,0.014943216068960777,0.9979166666666667
21,27,54.801992856497606,9.913299123058005,21,27,0.13592118559370953,0.975925925925926
21,28,22.106453338201366,2.674665606062441,21,28,0.8772228785683651,0.5215277777777778
21,29,50.67978461354868,5.3882603578749935,21,29,1.3002824282736312,0.5930555555555556
21,30,62.35456903987748,8.977730866499739,21,30,0.028900382171617403,0.9960648148148148
21,31,65.88579642221556,9.400573873404374,21,31,0.7104803844177461,0.7569444444444444
21,32,38.63219804729399,6.475704297196045,21,32,0.6030356985649322,0.731712962962963
21,33,41.523043629465214,4.294281085105495,21,33,1.0667723691936204,0.6386574074074074
21,34,56.13788411822229,6.061949192971848,21,34,1.3002824282736312,0.5930555555555556
21,35,9.859892468277774,1.7192189640256048,21,35,0.0040174222145676316,0.999537037037037
21,36,47.84772063953008,5.511153654004794,21,36,1.0704034026175802,0.638425925925926
21,37,16.51186467711108,2.383207438474493,21,37,0.5794462894457961,0.7337962962962963
21,38,32.17245988270603,3.949173605432253,21,38,0.8945449410797042,0.6837962962962963
21,39,70.7678418197825,11.400327229303057,21,39,0.7421810195127099,0.7111111111111111
21,40,26.873037321881906,4.257948607699904,21,40,0.5794462894457961,0.7337962962962963
21,41,43.01599839470142,5.022907201561414,21,41,0.9102403025655613,0.6819444444444445
21,42,19.84302848839119,3.0546356233619165,21,42,0.010525772841444644,0.9986111111111111
21,43,58.613002985610954,7.523852568474144,21,43,1.0704034026175802,0.638425925925926
21,44,28.060313998002297,4.291039205053547,21,44,0.5940019458430437,0.732175925925926
21,45,56.042960176676,8.872877953951113,21,45,0.7421810195127099,0.7111111111111111
21,46,53.42705192964585,6.616141364022483,21,46,0.9102403025655613,0.6819444444444445
21,47,37.66780588289339,5.627802926057444,21,47,0.5849757347532563,0.7331018518518518
21,48,26.643212503296347,4.567353826267321,21,48,0.010525772841444644,0.9986111111111111
21,49,45.231608406807915,7.105289109267885,21,49,0.6126029748101798,0.7305555555555555
21,50,49.75288223901392,7.4827565749953155,21,50,0.6126029748101798,0.7305555555555555
21,51,41.74217694670823,6.076207391822561,21,51,0.6638602121817806,0.7240740740740741
21,52,50.293076565317115,7.8472644718588285,21,52,0.6320299940348897,0.7284722222222222
21,53,35.842859735275425,5.440378044136837,21,53,0.9972179223339822,0.5152777777777777
21,54,46.47545680842819,6.603784037123487,21,54,1.4031971247956392,0.45532407407407405
21,55,35.17268150418754,6.024444498609433,21,55,0.010525772841444644,0.9986111111111111
21,56,45.931338329164454,6.63305420254927,21,56,1.4149704460956412,0.41458333333333336
21,57,70.02449557018987,10.681775559139734,21,57,0.7421810195127099,0.7111111111111111
21,58,100.24275815751626,15.441008806287952,21,58,1.3429324573901074,0.5645833333333333
21,59,47.121564648793935,7.634411936837073,21,59,0.9972179223339822,0.5152777777777777
21,60,60.0242996672987,8.143369044020565,21,60,1.593657011964094,0.42314814814814816
21,61,62.59017202550688,9.830000475236712,21,61,1.4149704460956412,0.41458333333333336
21,62,62.48267976584021,9.439043705756799,21,62,1.3429324573901074,0.5645833333333333
21,63,74.70424915768038,11.493053266762418,21,63,1.3429324573901074,0.5645833333333333
21,64,70.70272608535404,10.777253630904323,21,64,1.3429324573901074,0.5645833333333333
21,65,82.34712937994418,12.011758764976134,21,65,1.3429324573901074,0.5645833333333333
21,66,108.1719189272615,22.01265007997001,21,66,1.3429324573901074,0.5645833333333333
22,0,96.70963874729637,10.927925923072802,22,0,0.0705665985698993,0.9900462962962963
22,1,inf,,22,1,-0.0,1.0
22,2,40.98929988415736,6.571080695656463,22,2,0.03318415344937721,0.9946759259259259
22,3,21.251783293002326,3.405245645114162,22,3,0.03318415344937721,0.9946759259259259
22,4,60.1181949021968,7.588354033841079,22,4,0.03770926349122891,0.9942129629629629
22,5,23.604379519608685,3.441187895353606,22,5,0.6926660291405553,0.5155092592592593
22,6,inf,,22,6,-0.0,1.0
22,7,21.635751632284776,3.3503723180676173,22,7,0.19577983306743965,0.950925925925926
22,8,115.0456031070993,14.41351260560316,22,8,0.07114576804158701,0.9900462962962963
22,9,15.446645724659733,2.810423374183381,22,9,0.03318415344937721,0.9946759259259259
22,10,85.20795012474784,10.931641988797427,22,10,0.0705665985698993,0.9900462962962963
22,11,33.125811236062525,5.560032776048122,22,11,0.03318415344937721,0.9946759259259259
22,12,52.62518481929876,6.872865253260326,22,12,0.03770926349122891,0.9942129629629629
22,13,inf,,22,13,-0.0,1.0
22,14,76.2019333032404,10.014780351109545,22,14,0.0705665985698993,0.9900462962962963
22,15,27.384391028620332,4.867236188859582,22,15,0.03318415344937721,0.9946759259259259
22,16,95.79366653398868,11.69451472996277,22,16,0.07114576804158701,0.9900462962962963
22,17,14.196437429083304,2.519960941365442,22,17,0.0021691886415661126,0.9997685185185186
22,18,83.72393038305319,10.782084226387363,22,18,0.1891047782686395,0.96875
22,19,36.23435792872689,5.312738227146142,22,19,0.035352106230510535,0.9944444444444445
22,20,4.926985451377319,1.1634837934348705,22,20,-0.0,1.0
22,21,41.92737393784943,5.905364967674353,22,21,0.03770926349122891,0.9942129629629629
22,22,0.0,0.0,22,22,-0.0,1.0
22,23,45.85985803667132,6.130472022648295,22,23,0.06742561518257374,0.9891203703703704
22,24,33.73712606288896,5.300345188242897,22,24,0.041092716025097314,0.99375
22,25,88.88630281492118,10.940656619571525,22,25,1.2441192755722783,0.5050925925925925
22,26,50.44409563744439,6.55471073134219,22,26,0.06988688456613922,0.9898148148148148
22,27,96.6917970813659,13.10339197944403,22,27,0.2094857625354815,0.9657407407407408
22,28,39.474908752384245,5.587137089122033,22,28,0.06742561518257374,0.9891203703703704
22,29,24.314250847847266,3.8464550686882855,22,29,0.6790370508440671,0.5837962962962963
22,30,104.26434289696529,12.283671459621047,22,30,0.07114576804158701,0.9900462962962963
22,31,107.78605453616221,12.722830880963478,22,31,0.7552377388178306,0.7546296296296297
22,32,80.03345892980543,10.772266473900741,22,32,1.0843188557428467,0.5703703703703704
22,33,16.64457550923843,3.576504705097429,22,33,0.025719690207264834,0.9960648148148148
22,34,29.772350352520885,4.603217104807013,22,34,0.6790370508440671,0.5837962962962963
22,35,51.13842690466436,6.544856278494605,22,35,0.6333234060666969,0.7569444444444444
22,36,22.900756253407412,4.666570440922891,22,36,0.06104703803959342,0.9888888888888889
22,37,57.906270120354165,7.181969003497038,22,37,1.063101638862982,0.5717592592592593
22,38,43.713131062763956,6.4244572542727365,22,38,0.26025478064209984,0.9344907407407408
22,39,111.90310665247458,15.4802682534288,22,39,1.3002037140703702,0.5381944444444444
22,40,68.26744276512505,8.808327093628439,22,40,1.063101638862982,0.5717592592592593
22,41,33.43290819790504,5.832229955205942,22,41,0.07348645989619745,0.9872685185185185
22,42,54.69519546472926,7.130291869146042,22,42,0.509439532297806,0.8495370370370371
22,43,33.66603859948849,6.900897619254911,22,43,0.06104703803959342,0.9888888888888889
22,44,66.31400729139132,8.805579942815214,22,44,1.1162886597007653,0.5550925925925926
22,45,97.17822500936784,13.026757575223483,22,45,1.3002037140703702,0.5381944444444444
22,46,43.84396173284937,7.3065244354558585,22,46,0.07348645989619745,0.9872685185185185
22,47,79.06221132613678,9.881111585109863,22,47,1.0684577177570722,0.5710648148148149
22,48,48.328757848828666,6.8396425090182795,22,48,0.14216200575764099,0.975462962962963
22,49,86.56249315459947,11.207422053127662,22,49,1.1154501334518114,0.5666666666666667
22,50,91.08376698680556,11.589563036463185,22,50,1.1154501334518114,0.5666666666666667
22,51,77.54610647124994,10.027900315376256,22,51,0.8790402062264515,0.7217592592592592
22,52,91.40385866157642,11.93168234120627,22,52,1.1988566806141396,0.5486111111111112
22,53,59.146009995319666,8.064866600044095,22,53,0.1998001921657184,0.9675925925925926
22,54,72.09787166485415,9.56885275171419,22,54,0.268132346822519,0.9567129629629629
22,55,56.858226849719806,8.056602127643,22,55,0.14216200575764099,0.975462962962963
22,56,69.68101881052522,9.266914701355237,22,56,0.2282165312182877,0.9648148148148148
22,57,111.15976040288206,14.745053850499648,22,57,1.3002037140703702,0.5381944444444444
22,58,129.9704822200833,17.86741031159298,22,58,0.5076402288008658,0.8993055555555556
22,59,70.42471490883783,10.020495199374537,22,59,0.1998001921657184,0.9675925925925926
22,60,85.81809569289106,10.990110587031358,22,60,0.30602939381813465,0.9520833333333333
22,61,86.33985250686794,12.20957089023489,22,61,0.2282165312182877,0.9648148148148148
22,62,92.21040382840704,12.067556516365013,22,62,0.5076402288008658,0.8993055555555556
22,63,104.43197322024785,14.059687893709427,22,63,0.5076402288008658,0.8993055555555556
22,64,100.4304501479218,13.271447717555299,22,64,0.5076402288008658,0.8993055555555556
22,65,112.07485344251154,14.548664940414785,22,65,0.5076402288008658,0.8993055555555556
22,66,137.89964298982846,24.327528089485657,22,66,0.5076402288008658,0.8993055555555556
23,0,86.05723240208121,10.20619480447082,23,0,0.5374392358014431,0.8291666666666667
23,1,inf,,23,1,-0.0,1.0
23,2,34.65156475807877,4.873178688914934,23,2,0.007392827050184505,0.9990740740740741
23,3,39.48728722923149,5.403144235808016,23,3,0.025719690207264834,0.9960648148148148
23,4,49.603372328294085,6.473841090922436,23,4,0.41047166543054997,0.8569444444444444
23,5,43.24187829715051,6.313283656333601,23,5,0.07136854602397272,0.9893518518518518
23,6,inf,,23,6,-0.0,1.0
23,7,45.44035198508337,6.390134370848752,23,7,0.1744517817305433,0.9662037037037037
23,8,104.39268263878257,13.68992831760586,23,8,0.5407536378275405,0.8291666666666667
23,9,33.682149660888996,4.9422460229701874,23,9,0.025719690207264834,0.9960648148148148
23,10,74.55554377953203,10.132352787657078,23,10,0.5374392358014431,0.8291666666666667
23,11,26.796796371856527,3.697677575285209,23,11,-0.0,1.0
23,12,42.11036224539589,5.538016714848919,23,12,0.41047166543054997,0.8569444444444444
23,13,inf,,23,13,-0.0,1.0
23,14,65.5495269580255,9.092133024872368,23,14,0.5374392358014431,0.8291666666666667
23,15,21.055376164414355,2.8131031261326345,23,15,-0.0,1.0
23,16,85.14074606567132,10.98860101153496,23,16,0.5407536378275405,0.8291666666666667
23,17,48.707184997835434,6.041958155950883,23,17,1.3184966976971353,0.37199074074074073
23,18,69.82908963031943,9.391738876997126,23,18,0.8810984137616203,0.5805555555555556
23,19,29.766265547844966,3.2470907298365357,23,19,0.2072822599735517,0.9469907407407407
23,20,40.665243432291724,4.990754964185675,23,20,0.649432112252634,0.6631944444444444
23,21,31.412551363946665,4.1428243826352285,23,21,0.41047166543054997,0.8569444444444444
23,22,43.81192218712024,5.282540908769919,23,22,0.649432112252634,0.6631944444444444
23,23,0.0,0.0,23,23,-0.0,1.0
23,24,14.00263426504169,2.1735907486828054,23,24,-0.0,1.0
23,25,64.5361244907546,9.617338018066215,23,25,0.13615027994461235,0.9747685185185185
23,26,39.19900210412959,5.010076346656219,23,26,0.9410333143440396,0.5518518518518518
23,27,82.80463419121531,11.769616157269288,23,27,0.894800181974726,0.5793981481481482
23,28,8.53737136056249,1.5937012476443047,23,28,-0.0,1.0
23,29,40.559709482208206,5.298005598468044,23,29,0.13301989396897101,0.9782407407407407
23,30,93.61142242864805,11.628866280892863,23,30,0.5407536378275405,0.8291666666666667
23,31,95.69512698947221,11.949571870531555,23,31,1.3105739010862247,0.48518518518518516
23,32,52.78304313205791,8.479410379269641,23,32,0.022880342372215992,0.9972222222222222
23,33,31.109603807122646,4.52283369749642,23,33,0.08723057655082028,0.9847222222222223
23,34,46.017808986881896,5.820591789747275,23,34,0.13301989396897101,0.9782407407407407
23,35,23.433752250805565,3.8286614218298287,23,35,0.0021691886415661126,0.9997685185185186
23,36,37.43508958355785,5.346801178042182,23,36,0.08723057655082028,0.9847222222222223
23,37,30.63615138881485,4.6443582813320345,23,37,0.011151552298203402,0.9986111111111111
23,38,21.529947452972188,4.600636362250806,23,38,0.045882740683730265,0.9923611111111111
23,39,84.89186855407202,13.327825529194342,23,39,0.17572786631713577,0.9625
23,40,40.99732403358577,6.396592737240895,23,40,0.011151552298203402,0.9986111111111111
23,41,32.36746829415746,5.283936389328796,23,41,0.056893952108996206,0.9912037037037037
23,42,33.4189687861412,4.7834617474856165,23,42,0.013320419176971247,0.9983796296296297
23,43,48.20037192963884,7.0623368224519325,23,43,0.08723057655082028,0.9847222222222223
23,44,42.17597835120137,6.220542207762433,23,44,0.03787844768693419,0.9949074074074075
23,45,70.16698691096533,10.853210914111605,23,45,0.17572786631713577,0.9625
23,46,42.778521829101855,6.638815392373159,23,46,0.056893952108996206,0.9912037037037037
23,47,51.792092594597236,7.570125176301684,23,47,0.01689506670966706,0.9979166666666667
23,48,40.00988865193759,5.742661386798089,23,48,0.2337916587064593,0.9375
23,49,59.35565795579877,9.076833174357704,23,49,0.04548450642726545,0.9942129629629629
23,50,63.87693178800465,9.443832310624876,23,50,0.04548450642726545,0.9942129629629629
23,51,55.851085918159676,8.031813310520263,23,51,0.11990499556468265,0.9803240740740741
23,52,64.41604890828472,9.829206028653044,23,52,0.07185490495646746,0.9900462962962963
23,53,49.60351109134961,7.175919281907898,23,53,0.8322156382387058,0.5310185185185186
23,54,60.42205826833098,8.514213240174316,23,54,1.0312942548988218,0.5888888888888889
23,55,48.539357652828635,7.116852766198011,23,55,0.2337916587064593,0.9375
23,56,59.74757387807167,8.463913417152822,23,56,1.15955037954607,0.4386574074074074
23,57,84.14852230447904,12.619307494220951,23,57,0.17572786631713577,0.9625
23,58,114.2927511342153,17.19574465181917,23,58,0.8639737272756534,0.7481481481481481
23,59,60.882216004867885,9.3335446026124,23,59,0.8322156382387058,0.5310185185185186
23,60,73.97826951085872,10.015833901309128,23,60,1.2104870031492452,0.5474537037037037
23,61,76.40640757441436,11.540858339793765,23,61,1.15955037954607,0.4386574074074074
23,62,76.53267274253945,11.369415415514618,23,62,0.8639737272756534,0.7481481481481481
23,63,88.75424213437961,13.2836522170802,23,63,0.8639737272756534,0.7481481481481481
23,64,84.75271906205325,12.644550464186088,23,64,0.8639737272756534,0.7481481481481481
23,65,96.39712235664355,13.77854102058808,23,65,0.8639737272756534,0.7481481481481481
23,66,122.22191190396053,23.543923470135876,23,66,0.8639737272756534,0.7481481481481481
24,0,76.21637227075465,8.731169253328831,24,0,0.23750064991750724,0.9467592592592593
24,1,inf,,24,1,-0.0,1.0
24,2,20.65748751359258,3.593665233042034,24,2,0.0021691886415661126,0.9997685185185186
24,3,25.504159686583293,4.378490485904361,24,3,0.0040174222145676316,0.999537037037037
24,4,39.683693999715196,4.678781341277909,24,4,0.17753615774975334,0.9569444444444445
24,5,29.28513898069908,5.358924176164486,24,5,0.007913507739646365,0.9990740740740741
24,6,inf,,24,6,-0.0,1.0
24,7,31.56978642705099,5.507910395381976,24,7,0.02753906325436853,0.9965277777777778
24,8,94.55233663055796,12.340065835395738,24,8,0.23866184655949393,0.9467592592592593
24,9,19.69902211824075,3.9162509892434825,24,9,0.0040174222145676316,0.999537037037037
24,10,64.71468364820609,8.569221592807654,24,10,0.23750064991750724,0.9467592592592593
24,11,12.794162106814774,2.2689704821300247,24,11,-0.0,1.0
24,12,32.19068391681705,3.841358474145881,24,12,0.17753615774975334,0.9569444444444445
24,13,inf,,24,13,-0.0,1.0
24,14,55.70866682669903,7.521374766157341,24,14,0.23750064991750724,0.9467592592592593
24,15,7.052741899372654,1.3037159144984396,24,15,-0.0,1.0
24,16,75.30040005744667,9.359701532956729,24,16,0.23866184655949393,0.9467592592592593
24,17,37.78232449257872,5.540370106213893,24,17,0.8697110949720207,0.5011574074074074
24,18,62.354576918145874,7.999297618695263,24,18,0.6175241648315158,0.7625
24,19,15.902956268423626,2.174887970978093,24,19,0.0040174222145676316,0.999537037037037
24,20,29.705836297002342,4.592397558257379,24,20,0.19594632147558694,0.9534722222222223
24,21,21.492873035368063,2.699039287669262,24,21,0.17753615774975334,0.9569444444444445
24,22,32.85251505183111,4.828563876503114,24,22,0.19594632147558694,0.9534722222222223
24,23,12.152556315749983,1.8418650521905795,24,23,-0.0,1.0
24,24,0.0,0.0,24,24,-0.0,1.0
24,25,61.250401965921114,8.75082577354603,24,25,0.4170127568748886,0.8780092592592592
24,26,29.88390662410414,3.575167285257251,24,26,0.30152559898727355,0.9298611111111111
24,27,75.32398238131942,10.566457809298017,24,27,0.6332550754056296,0.7601851851851852
24,28,5.767607031462964,1.0357718621545253,24,28,-0.0,1.0
24,29,37.46509820030326,4.6468576468708935,24,29,0.29217354445932436,0.9405092592592592
24,30,83.77107642042367,9.956243332140321,24,30,0.23866184655949393,0.9467592592592593
24,31,86.93297406297236,10.33596985367239,24,31,1.0247521228193843,0.6888888888888889
24,32,49.95402011683793,8.038755422987386,24,32,0.09732973808077329,0.9847222222222223
24,33,28.134882797863394,3.7552669884503764,24,33,0.1550617914580278,0.9657407407407408
24,34,42.92319770497678,5.248489318194897,24,34,0.29217354445932436,0.9405092592592592
24,35,20.62970249749303,3.248096591788654,24,35,0.05472117895623958,0.9902777777777778
24,36,34.460368574298606,4.743298608383606,24,36,0.1550617914580278,0.9657407407407408
24,37,27.81491765599542,4.060118803484489,24,37,0.08255283442953931,0.9863425925925926
24,38,18.75363741397682,4.348736868830282,24,38,0.04881923971639194,0.9921296296296296
24,39,82.07087198396505,12.888100998232304,24,39,0.2451793732506201,0.9518518518518518
24,40,38.176090300766205,5.879066583534134,24,40,0.08255283442953931,0.9863425925925926
24,41,29.5667364042384,4.917497043517784,24,41,0.06352749016015374,0.9900462962962963
24,42,30.616163522032515,4.277562106143044,24,42,0.059827981981734196,0.9898148148148148
24,43,45.22565092037971,6.609590910549592,24,43,0.1550617914580278,0.9657407407407408
24,44,39.35891244777767,5.720180548066469,24,44,0.10140770136984052,0.9842592592592593
24,45,67.34599034085868,10.382284768550237,24,45,0.2451793732506201,0.9518518518518518
24,46,39.977789939182884,6.294022243426496,24,46,0.06352749016015374,0.9900462962962963
24,47,48.9708588617777,7.107676831292205,24,47,0.08828776134075185,0.9856481481481482
24,48,37.227239065307884,5.304681527305474,24,48,0.26044852555212405,0.9340277777777778
24,49,56.53466138569214,8.598825212000234,24,49,0.11516207839168004,0.9824074074074074
24,50,61.055935217897975,8.965443743895364,24,50,0.11516207839168004,0.9824074074074074
24,51,53.03311689944212,7.573382611079876,24,51,0.18651361464807725,0.9696759259259259
24,52,61.595321022514,9.351170475860991,24,52,0.1395600954578213,0.9787037037037037
24,53,46.810317893145886,6.717712401438046,24,53,0.8724271231580214,0.5282407407407408
24,54,57.62067662735197,8.062010418399195,24,54,1.0801348004692757,0.5851851851851851
24,55,45.756708066199074,6.70151500752923,24,55,0.26044852555212405,0.9340277777777778
24,56,56.953040746342516,8.028560326165533,24,56,1.2046015357902533,0.4363425925925926
24,57,81.32752573437276,12.134836005910001,24,57,0.2451793732506201,0.9518518518518518
24,58,111.48126911462728,16.78541754540936,24,58,0.9204076403348334,0.7421296296296296
24,59,58.0890228066644,8.898195637345074,24,59,0.8724271231580214,0.5282407407407408
24,60,71.17688786987944,9.569800469465836,24,60,1.2599848730411314,0.5439814814814815
24,61,73.61187444268498,11.15733163713386,24,61,1.2046015357902533,0.4363425925925926
24,62,73.72119072295136,10.899786019949392,24,62,0.9204076403348334,0.7421296296296296
24,63,85.94276011479182,12.861486809008538,24,63,0.9204076403348334,0.7421296296296296
24,64,81.94123704246562,12.184863944205198,24,64,0.9204076403348334,0.7421296296296296
24,65,93.58564033705541,13.371011000744133,24,65,0.9204076403348334,0.7421296296296296
24,66,119.41042988437258,23.153221262976267,24,66,0.9204076403348334,0.7421296296296296
25,0,35.24976753078473,4.853026425984657,25,0,-0.0,1.0
25,1,inf,,25,1,-0.0,1.0
25,2,37.916074707131955,7.092886338507947,25,2,0.08758318293036699,0.9826388888888888
25,3,64.09999866597674,8.531303572812865,25,3,0.5711396205755502,0.7796296296296297
25,4,27.339921779729195,4.705155846285847,25,4,-0.0,1.0
25,5,67.87709375298145,9.393762514259352,25,5,0.5752015164638129,0.7796296296296297
25,6,inf,,25,6,-0.0,1.0
25,7,70.1565928471249,9.545735235273094,25,7,0.5990883459230427,0.7775462962962963
25,8,53.56441237062977,9.166357580549294,25,8,0.04708472796877268,0.9918981481481481
25,9,58.29486109763445,8.104863643204371,25,9,0.5711396205755502,0.7796296296296297
25,10,23.74807890823617,4.439693686947929,25,10,-0.0,1.0
25,11,44.249556338342536,7.032604690127464,25,11,0.34108102732133444,0.8958333333333334
25,12,19.846911696831093,3.9616702427252384,25,12,-0.0,1.0
25,13,inf,,25,13,-0.0,1.0
25,14,14.74206208672918,2.9995949243268796,25,14,-0.0,1.0
25,15,45.64925149153929,6.241731138474499,25,15,0.5658689104808476,0.7800925925925926
25,16,34.31247579751847,5.202246605816348,25,16,0.04708472796877268,0.9918981481481481
25,17,76.37800770907876,9.907855313240484,25,17,1.4138166436071185,0.4111111111111111
25,18,7.707163734182876,1.680671886581758,25,18,-0.0,1.0
25,19,35.245037366069475,5.5107588336492555,25,19,0.012030099389652566,0.9983796296296297
25,20,68.32100955109954,8.802217108369607,25,20,0.7458489760914198,0.7599537037037037
25,21,30.6180515729676,5.120984716634512,25,21,0.012030099389652566,0.9983796296296297
25,22,71.46768830592832,9.029571611792434,25,22,0.7458489760914198,0.7599537037037037
25,23,58.43478230609722,6.678507534791311,25,23,1.2841728926732383,0.3798611111111111
25,24,48.61868656700459,5.903011961693731,25,24,0.9558571449109436,0.6576388888888889
25,25,0.0,0.0,25,25,-0.0,1.0
25,26,38.90877773495374,5.69090168843382,25,26,0.2656184307297125,0.9259259259259259
25,27,20.700398867997652,5.164283731721632,25,27,0.005744479923572491,0.9993055555555556
25,28,52.0498330218101,6.214575555782519,25,28,1.2841728926732383,0.3798611111111111
25,29,80.31954254334258,9.179363615674596,25,29,1.9919690372016179,0.42083333333333334
25,30,42.78315216049522,5.801552370361524,25,30,0.04708472796877268,0.9918981481481481
25,31,37.1307389731667,6.394586937479731,25,31,0.2765246114416824,0.9275462962962963
25,32,12.81242536135185,3.2793494377057555,25,32,-0.0,1.0
25,33,71.18203271811113,7.971105430551931,25,33,1.7673301892708129,0.45601851851851855
25,34,85.77764204801605,9.88292800849196,25,34,1.9919690372016179,0.42083333333333334
25,35,39.67081647991887,5.611747414095294,25,35,0.5396676274194295,0.7696759259259259
25,36,77.50649619295147,9.187112941633952,25,36,1.772298188102334,0.45555555555555555
25,37,37.00555776422224,6.2455038708222945,25,37,0.2704968426759472,0.9388888888888889
25,38,61.84492038815519,7.2764812572401345,25,38,1.5977732451050315,0.49074074074074076
25,39,56.01400764317846,9.695181047313136,25,39,0.0903720141824942,0.9819444444444444
25,40,25.37857028929398,5.329771417378536,25,40,0.018959672547463474,0.9974537037037037
25,41,72.69103664394686,8.419023150892514,25,41,1.6143300468429227,0.48935185185185187
25,42,49.392722395094765,6.6849520365139306,25,42,0.8607333037065801,0.7222222222222222
25,43,88.27177853903261,11.07379696687817,25,43,1.772298188102334,0.45555555555555555
25,44,47.60741418958329,7.525147081406709,25,44,0.7975226095316958,0.65625
25,45,41.289126000071775,7.271340305156647,25,45,0.0903720141824942,0.9819444444444444
25,46,83.10209017889122,10.065430307795642,25,46,1.6143300468429227,0.48935185185185187
25,47,36.17020924685882,6.649334920528252,25,47,0.027155528308611877,0.9965277777777778
25,48,56.19290641000001,7.999247584258658,25,48,0.8607333037065801,0.7222222222222222
25,49,43.2735097737824,7.483101095251384,25,49,0.3275234277397902,0.9002314814814815
25,50,47.79478360598844,7.8678866505521565,25,50,0.3275234277397902,0.9002314814814815
25,51,40.31212893178703,7.144759934784102,25,51,0.029445033958522444,0.9962962962962963
25,52,45.22404956731946,7.537339554859037,25,52,0.6434455008734639,0.6592592592592592
25,53,56.978250454909784,9.16499941053132,25,53,0.8973709162283838,0.6414351851851852
25,54,46.35038264263672,7.704055810194915,25,54,0.052115305474598334,0.993287037037037
25,55,64.72237541089129,9.312074372281522,25,55,0.8607333037065801,0.7222222222222222
25,56,48.656611278356436,7.968099110815813,25,56,0.06762256950404161,0.9907407407407407
25,57,55.27066139358572,9.148998184249523,25,57,0.0903720141824942,0.9819444444444444
25,58,96.06242515871529,15.466965565421432,25,58,0.852159809835608,0.6217592592592592
25,59,68.25695536842821,11.207616794162606,25,59,0.8973709162283838,0.6414351851851852
25,60,58.95397085402789,8.826344556303958,25,60,0.7041506426115175,0.7516203703703703
25,61,65.31544497469895,10.862711663288463,25,61,0.06762256950404161,0.9907407407407407
25,62,58.3023467670393,9.497330561792294,25,62,0.852159809835608,0.6217592592592592
25,63,70.52391615887977,11.544279672485153,25,63,0.852159809835608,0.6217592592592592
25,64,66.5223930865532,10.83833134353204,25,64,0.852159809835608,0.6217592592592592
25,65,78.16679638114368,12.05659770355886,25,65,0.852159809835608,0.6217592592592592
25,66,103.99158592846027,21.956959968847606,25,66,0.852159809835608,0.6217592592592592
26,0,63.566495224578844,8.290277398633203,26,0,0.11435272622563432,0.9756944444444444
26,1,inf,,26,1,-0.0,1.0
26,2,35.60371985753012,5.050089505509189,26,2,0.7010850510378828,0.5789351851851852
26,3,43.09924173247223,6.066884257095398,26,3,0.10988433743280694,0.9819444444444444
26,4,27.11147810013654,4.113393326933752,26,4,0.008982631761233529,0.9988425925925926
26,5,46.872010057185186,6.931460005520353,26,5,0.12294484382033696,0.9805555555555555
26,6,inf,,26,6,-0.0,1.0
26,7,49.14446204785176,7.056027984759187,26,7,0.1416290351138775,0.9782407407407407
26,8,81.90240714937507,11.995332407364582,26,8,0.11664496155382126,0.9756944444444444
26,9,37.29410416412957,5.676220025273288,26,9,0.10988433743280694,0.9819444444444444
26,10,52.06480660203009,8.099234724450987,26,10,0.11435272622563432,0.9756944444444444
26,11,30.341527106629588,4.2162841349199525,26,11,0.17084507867260104,0.969212962962963
26,12,19.61846801723844,3.248478548263622,26,12,0.008982631761233529,0.9988425925925926
26,13,inf,,26,13,-0.0,1.0
26,14,43.05878978052317,7.022034083267463,26,14,0.11435272622563432,0.9756944444444444
26,15,24.652128526037032,3.8657506068013703,26,15,0.09909542202356969,0.9831018518518518
26,16,62.65047057626381,8.915722483257092,26,16,0.11664496155382126,0.9756944444444444
26,17,55.28027752067835,6.989511555143824,26,17,1.0073937152499286,0.49930555555555556
26,18,48.52133117177543,7.0449049682238165,26,18,0.6815020051057565,0.5761574074074074
26,19,13.54764292889126,2.452563466411152,26,19,0.008982631761233529,0.9988425925925926
26,20,47.214025791439724,6.098540837443497,26,20,0.3299765945570941,0.9416666666666667
26,21,8.920657135789344,2.0834499734154863,26,21,0.008982631761233529,0.9988425925925926
26,22,50.3607045462685,6.30415346700897,26,22,0.3299765945570941,0.9416666666666667
26,23,36.3113163195023,3.9877706782660978,26,23,1.2020786201793099,0.41458333333333336
26,24,27.138379040210683,3.7627397867151964,26,24,0.7833821253968185,0.69375
26,25,44.37635124257862,7.288315839391634,26,25,0.16788034697448734,0.9611111111111111
26,26,0.0,0.0,26,26,-0.0,1.0
26,27,61.49332539114132,9.645511489672943,26,27,0.6976369045664185,0.5743055555555555
26,28,29.926367035215353,3.485708161285624,26,28,1.2020786201793099,0.41458333333333336
26,29,58.05440357038443,6.291545957799986,26,29,1.870155306549953,0.34328703703703706
26,30,71.12114693924056,9.516670836691873,26,30,0.11664496155382126,0.9756944444444444
26,31,73.7683896957198,9.696597322851794,26,31,0.9890100670111063,0.64375
26,32,32.67318180960644,6.297149330645801,26,32,0.03253244357783393,0.9956018518518519
26,33,48.793939614687496,5.184540360894649,26,33,1.7235327890207028,0.35509259259259257
26,34,63.51250307505789,6.953129434270919,26,34,1.870155306549953,0.34328703703703706
26,35,17.06974258116665,2.4234409763817837,26,35,0.6758141849996493,0.5928240740740741
26,36,55.11922615478699,6.375941579370446,26,36,1.725355400422102,0.35509259259259257
26,37,10.525821517555542,2.555163864193716,26,37,0.01912420515212202,0.9972222222222222
26,38,39.340675065495354,4.746445779559473,26,38,1.6206112033902247,0.36527777777777776
26,39,64.78443829972925,10.946628839889097,26,39,0.17874997713984522,0.961574074074074
26,40,20.8869941623264,4.127383848039774,26,40,0.01912420515212202,0.9972222222222222
26,41,50.18930107877079,5.869702388856563,26,41,1.6311468836100802,0.3645833333333333
26,42,26.673537294231497,3.5828560848920357,26,42,1.042353405464282,0.462037037037037
26,43,65.8845085008683,8.32951967165492,26,43,1.725355400422102,0.35509259259259257
26,44,22.079601815374957,4.305263938709593,26,44,0.02530877643520249,0.9965277777777778
26,45,50.05955665662276,8.485224852186457,26,45,0.17874997713984522,0.961574074074074
26,46,60.60035461371521,7.492537072155835,26,46,1.6311468836100802,0.3645833333333333
26,47,31.68176272333798,5.388197261211395,26,47,0.02486675270721998,0.9965277777777778
26,48,33.47372130913658,4.976755557930643,26,48,1.042353405464282,0.462037037037037
26,49,39.24913686573145,6.813927786841198,26,49,0.05032074470563204,0.9930555555555556
26,50,43.77041069793727,7.17492289532339,26,50,0.05032074470563204,0.9930555555555556
26,51,35.77386515060186,5.770142973481,26,51,0.07811975069213017,0.9872685185185185
26,52,44.311568662331055,7.531419138808714,26,52,0.06949109846972337,0.9900462962962963
26,53,31.524964030724618,5.905572976647301,26,53,0.08412719967241562,0.9849537037037037
26,54,40.91205791445834,6.2882846258407215,26,54,0.6137824971321386,0.7231481481481481
26,55,42.003190310027826,6.397305069049202,26,55,1.042353405464282,0.462037037037037
26,56,41.00610913363883,6.518509797286951,26,56,0.6665368983750017,0.6650462962962963
26,57,64.0410920501367,10.198500195191917,26,57,0.17874997713984522,0.961574074074074
26,58,94.38840662990293,14.921477112399506,26,58,0.694483888720218,0.7770833333333333
26,59,42.80366894424308,7.959218437892193,26,59,0.08412719967241562,0.9849537037037037
26,60,54.432674692541575,7.750946227581404,26,60,0.833728210577108,0.6729166666666667
26,61,57.664942829981364,9.624806942725451,26,61,0.6665368983750017,0.6650462962962963
26,62,56.6283282382268,8.977187072174754,26,62,0.694483888720218,0.7770833333333333
26,63,68.84989763006719,11.012016650159895,26,63,0.694483888720218,0.7770833333333333
26,64,64.84837455774094,10.290092417065914,26,64,0.694483888720218,0.7770833333333333
26,65,76.4927778523311,11.538087002694192,26,65,0.694483888720218,0.7770833333333333
26,66,102.3175673996483,21.565117427370396,26,66,0.694483888720218,0.7770833333333333
27,0,40.22191669161821,5.809540608548085,27,0,0.1211200075854209,0.9738425925925925
27,1,inf,,27,1,-0.0,1.0
27,2,43.009774305523074,8.029946968118416,27,2,0.08758318293036699,0.9826388888888888
27,3,69.20318592610907,9.48649754506864,27,3,0.5561835148125577,0.7810185185185186
27,4,32.433621378120364,6.0038309531282685,27,4,-0.0,1.0
27,5,72.9829730531274,10.282364143788014,27,5,0.5598049024018398,0.7810185185185186
27,6,inf,,27,6,-0.0,1.0
27,7,75.26551364349295,10.416661636762765,27,7,0.5723202517139355,0.7798611111111111
27,8,49.163621521043865,8.886354105776075,27,8,0.29344679994780326,0.9138888888888889
27,9,63.39804835776623,9.082782703505156,27,9,0.5561835148125577,0.7810185185185186
27,10,28.72022806906949,5.413406708236165,27,10,0.1211200075854209,0.9738425925925925
27,11,49.343365753245344,8.038757723298518,27,11,0.3389372451514587,0.8960648148148148
27,12,24.940611295222205,5.291468858963908,27,12,-0.0,1.0
27,13,inf,,27,13,-0.0,1.0
27,14,19.826377171965273,4.391020616055339,27,14,0.005744479923572491,0.9993055555555556
27,15,50.75243875167112,7.438840372233626,27,15,0.5509112244639218,0.7814814814814814
27,16,29.911684947932898,4.970012332122302,27,16,0.29344679994780326,0.9138888888888889
27,17,81.54631353662296,10.82652321647193,27,17,1.3284807957263627,0.4162037037037037
27,18,12.800863332574044,3.3975508510652124,27,18,-0.0,1.0
27,19,40.34790233693066,6.7723139596451345,27,19,0.0021691886415661126,0.9997685185185186
27,20,73.49974301194673,9.792290359854727,27,20,0.6693162285178402,0.767824074074074
27,21,35.72091654382875,6.41519726286161,27,21,0.0021691886415661126,0.9997685185185186
27,22,76.64642176677552,9.985579187955304,27,22,0.6693162285178402,0.767824074074074
27,23,64.11056279642801,8.054729085414968,27,23,0.9993981384836712,0.5037037037037037
27,24,53.77315020245366,7.212555837897557,27,24,0.8994581925272062,0.6643518518518519
27,25,20.70638343891432,4.094300883292586,27,25,-0.0,1.0
27,26,44.24817448531957,7.08724862660437,27,26,0.02977833820046416,0.9958333333333333
27,27,0.0,0.0,27,27,-0.0,1.0
27,28,57.72561351214118,7.659113262962765,27,28,0.9993981384836712,0.5037037037037037
27,29,86.22468023053239,10.1402954582352,27,29,1.4899334386188463,0.575
27,30,38.382361310909666,5.428980141146357,27,30,0.29344679994780326,0.9138888888888889
27,31,16.892248403298623,4.207607617419064,27,31,0.0040174222145676316,0.999537037037037
27,32,33.51802166800457,6.096473217117861,27,32,0.0021691886415661126,0.9997685185185186
27,33,77.12734561050006,8.970706366254802,27,33,1.2028789780311153,0.6236111111111111
27,34,91.68277973520588,10.817341518825014,27,34,1.4899334386188463,0.575
27,35,45.56560163715734,7.114860040786371,27,35,0.029735286559238017,0.9956018518518519
27,36,83.45180908534044,10.071202856605714,27,36,1.2080438136038716,0.6231481481481481
27,37,51.75979133013669,7.527429421982859,27,37,0.9192287702927547,0.6219907407407408
27,38,67.84924710724081,8.382595028583145,27,38,0.9752473759954916,0.6752314814814815
27,39,76.71188219724758,11.934300323317679,27,39,0.09805712680063995,0.98125
27,40,46.01974598571776,7.615105456240089,27,40,0.07349261238414403,0.9877314814814815
27,41,78.69140607613895,9.39365953317759,27,41,0.9935622468052395,0.6731481481481482
27,42,55.54150051002998,7.929762791485671,27,42,0.049352459168815616,0.993287037037037
27,43,94.21709143142121,11.837980535570974,27,43,1.2080438136038716,0.6231481481481481
27,44,63.11113640732172,8.872562057728466,27,44,1.0976019782538302,0.5877314814814815
27,45,61.987000554141126,9.563090737802678,27,45,0.09805712680063995,0.98125
27,46,89.10245961108316,10.901979086153185,27,46,0.9935622468052395,0.6731481481481482
27,47,56.814514546729235,8.734699240280843,27,47,0.07922851681266488,0.987037037037037
27,48,62.34168452493514,9.06954342551261,27,48,0.049352459168815616,0.993287037037037
27,49,63.95635242734487,9.734813454831944,27,49,0.35030381741880096,0.8979166666666667
27,50,68.47762625955103,10.0944177136933,27,50,0.35030381741880096,0.8979166666666667
27,51,60.941657534419086,9.206940770519134,27,51,0.08974298366527932,0.9863425925925926
27,52,65.91824579421774,9.879200842047316,27,52,0.65278041587046,0.6587962962962963
27,53,71.12818628926172,10.065671115845147,27,53,1.324686433728612,0.4710648148148148
27,54,66.90154648535422,9.729698326802902,27,54,0.14678925048674699,0.9761574074074074
27,55,70.87115352582644,10.227849562010677,27,55,0.049352459168815616,0.993287037037037
27,56,69.09620304551376,9.984738576593582,27,56,0.24713660263311055,0.9527777777777777
27,57,75.96853594765528,11.35371917847688,27,57,0.09805712680063995,0.98125
27,58,116.75412563636343,17.415666431073184,27,58,0.867448146350278,0.6206018518518519
27,59,82.40689120278007,12.03982767164116,27,59,1.324686433728612,0.4710648148148148
27,60,79.61660184350198,11.005297684514415,27,60,0.7485564804009073,0.7476851851851852
27,61,85.75503674185676,12.89389733943511,27,61,0.24713660263311055,0.9527777777777777
27,62,78.99404724468751,11.652193483791843,27,62,0.867448146350278,0.6206018518518519
27,63,91.21561663652804,13.65964024851224,27,63,0.867448146350278,0.6206018518518519
27,64,87.21409356420139,12.886305935752917,27,64,0.867448146350278,0.6206018518518519
27,65,98.85849685879151,14.159303145901559,27,65,0.867448146350278,0.6206018518518519
27,66,124.68328640610845,23.35484203571906,27,66,0.867448146350278,0.6206018518518519
28,0,77.51986104151845,9.553845343576008,28,0,0.5374392358014431,0.8291666666666667
28,1,inf,,28,1,-0.0,1.0
28,2,26.114193397516146,4.115470172918141,28,2,0.007392827050184505,0.9990740740740741
28,3,30.94991586866906,4.77651947307228,28,3,0.025719690207264834,0.9960648148148148
28,4,41.06600096773147,5.659655750026135,28,4,0.41047166543054997,0.8569444444444444
28,5,34.70450693658799,5.676416659965268,28,5,0.07136854602397272,0.9893518518518518
28,6,inf,,28,6,-0.0,1.0
28,7,36.90298062452075,5.730042585817298,28,7,0.1744517817305433,0.9662037037037037
28,8,95.85531127821976,13.128871649094245,28,8,0.5407536378275405,0.8291666666666667
28,9,25.144778300326433,4.300921932413924,28,9,0.025719690207264834,0.9960648148148148
28,10,66.01817241896983,9.447375257201632,28,10,0.5374392358014431,0.8291666666666667
28,11,18.25942501129399,2.8839728439241363,28,11,-0.0,1.0
28,12,33.57299088483331,4.697513480788987,28,12,0.41047166543054997,0.8569444444444444
28,13,inf,,28,13,-0.0,1.0
28,14,57.01215559746295,8.38591313997579,28,14,0.5374392358014431,0.8291666666666667
28,15,12.518004803851873,1.997511834965344,28,15,-0.0,1.0
28,16,76.60337470510879,10.304938980144751,28,16,0.5407536378275405,0.8291666666666667
28,17,40.16981363727321,5.2360600222335245,28,17,1.3184966976971353,0.37199074074074073
28,18,61.29171826975698,8.609601346430447,28,18,0.8810984137616203,0.5805555555555556
28,19,21.228894187282386,2.5032539014711057,28,19,0.2072822599735517,0.9469907407407407
28,20,32.12787207172924,4.232124087041083,28,20,0.649432112252634,0.6631944444444444
28,21,22.87518000338424,3.2167239020194955,28,21,0.41047166543054997,0.8569444444444444
28,22,35.274550826557885,4.495494469612825,28,22,0.649432112252634,0.6631944444444444
28,23,6.384949284287052,1.311847980525101,28,23,-0.0,1.0
28,24,5.4652629044791725,1.228736467037049,28,24,-0.0,1.0
28,25,55.99875313019214,8.908584953737268,28,25,0.13615027994461235,0.9747685185185185
28,26,30.66163074356719,4.126181363369536,28,26,0.9410333143440396,0.5518518518518518
28,27,74.26726283065277,11.040330884559527,28,27,0.894800181974726,0.5793981481481482
28,28,0.0,0.0,28,28,-0.0,1.0
28,29,32.02233812164589,4.732341906753423,28,29,0.13301989396897101,0.9782407407407407
28,30,85.0740510680856,10.945456711240638,28,30,0.5407536378275405,0.8291666666666667
28,31,87.15775562890965,11.21336039423621,28,31,1.3105739010862247,0.48518518518518516
28,32,44.24567177149535,7.806762923257992,28,32,0.022880342372215992,0.9972222222222222
28,33,22.57223244656017,4.0114818992919625,28,33,0.08723057655082028,0.9847222222222223
28,34,37.480437626319336,5.222955482262475,28,34,0.13301989396897101,0.9782407407407407
28,35,14.896380890243043,2.946253378790987,28,35,0.0021691886415661126,0.9997685185185186
28,36,28.897718222995326,4.750479797808599,28,36,0.08723057655082028,0.9847222222222223
28,37,22.09878002825229,3.8105186433234057,28,37,0.011151552298203402,0.9986111111111111
28,38,12.992576092409731,4.2103659274276914,28,38,0.045882740683730265,0.9923611111111111
28,39,76.35449719350935,12.616783533772658,28,39,0.17572786631713577,0.9625
28,40,32.45995267302323,5.6133926309759445,28,40,0.011151552298203402,0.9986111111111111
28,41,23.830096933594877,4.742271685308211,28,41,0.056893952108996206,0.9912037037037037
28,42,24.88159742557867,3.9302354748035664,28,42,0.013320419176971247,0.9983796296296297
28,43,39.66300056907646,6.436246838922859,28,43,0.08723057655082028,0.9847222222222223
28,44,33.63860699063891,5.443495800906424,28,44,0.03787844768693419,0.9949074074074075
28,45,61.62961555040293,10.115280359996165,28,45,0.17572786631713577,0.9625
28,46,34.241150468539225,6.035488082266137,28,46,0.056893952108996206,0.9912037037037037
28,47,43.25472123403466,6.841378358126151,28,47,0.01689506670966706,0.9979166666666667
28,48,31.47251729137501,4.890689887252789,28,48,0.2337916587064593,0.9375
28,49,50.818286595236096,8.344209510014748,28,49,0.04548450642726545,0.9942129629629629
28,50,55.33956042744216,8.707008447211647,28,50,0.04548450642726545,0.9942129629629629
28,51,47.31371455759712,7.283652579481093,28,51,0.11990499556468265,0.9803240740740741
28,52,55.878677547722155,9.103298299203258,28,52,0.07185490495646746,0.9900462962962963
28,53,41.066139730786965,6.34214702530098,28,53,0.8322156382387058,0.5310185185185186
28,54,51.884686907768526,7.713455965418874,28,54,1.0312942548988218,0.5888888888888889
28,55,40.00198629226629,6.307895958793138,28,55,0.2337916587064593,0.9375
28,56,51.210202517509266,7.662070967058037,28,56,1.15955037954607,0.4386574074074074
28,57,75.61115094391648,11.850090557942753,28,57,0.17572786631713577,0.9625
28,58,105.75537977365292,16.51388624477732,28,58,0.8639737272756534,0.7481481481481481
28,59,52.34484464430552,8.525810409312683,28,59,0.8322156382387058,0.5310185185185186
28,60,65.44089815029646,9.232976031022512,28,60,1.2104870031492452,0.5474537037037037
28,61,67.86903621385181,10.797587747452345,28,61,1.15955037954607,0.4386574074074074
28,62,67.99530138197704,10.606593919344117,28,62,0.8639737272756534,0.7481481481481481
28,63,80.21687077381719,12.566167813846397,28,63,0.8639737272756534,0.7481481481481481
28,64,76.21534770149096,11.889232404016358,28,64,0.8639737272756534,0.7481481481481481
28,65,87.85975099608096,13.075596151882651,28,65,0.8639737272756534,0.7481481481481481
28,66,113.68454054339817,22.961832808932275,28,66,0.8639737272756534,0.7481481481481481
29,0,110.33007968186348,13.18280058650229,29,0,0.9018917827564121,0.5324074074074074
29,1,inf,,29,1,-0.0,1.0
29,2,54.78395851922681,9.089269132601881,29,2,0.7148164879236301,0.5548611111111111
29,3,35.07023037696768,5.525622224445152,29,3,0.6933396078825985,0.5567129629629629
29,4,73.7704010496389,10.022592534073054,29,4,0.8525785095012702,0.5368055555555555
29,5,21.661220916731413,4.16867875777024,29,5,0.0021691886415661126,0.9997685185185186
29,6,inf,,29,6,-0.0,1.0
29,7,18.418156678578708,3.7721550998180575,29,7,0.0021691886415661126,0.9997685185185186
29,8,128.66604404166637,16.41467112364516,29,8,0.9022126842288937,0.5324074074074074
29,9,29.26509280862501,4.95717932708138,29,9,0.6933396078825985,0.5567129629629629
29,10,98.82839105931481,13.263305419615339,29,10,0.9018917827564121,0.5324074074074074
29,11,46.920469871131935,7.944011113167914,29,11,0.7148164879236301,0.5548611111111111
29,12,66.27739096674048,9.168243724569374,29,12,0.8525785095012702,0.5368055555555555
29,13,inf,,29,13,-0.0,1.0
29,14,89.82237423780788,12.354204907574873,29,14,0.9018917827564121,0.5324074074074074
29,15,41.17904966368982,7.119727016156972,29,15,0.7148164879236301,0.5548611111111111
29,16,109.41410746855568,14.114301105230005,29,16,0.9022126842288937,0.5324074074074074
29,17,10.879584160983807,2.5154724274488083,29,17,-0.0,1.0
29,18,96.8111369596852,13.028948532413345,29,18,1.2283696300393805,0.46296296296296297
29,19,50.02307434210426,7.395448706250328,29,19,0.7225631757723847,0.5541666666666667
29,20,20.258280497050894,3.868414500942304,29,20,0.01775237337069583,0.9974537037037037
29,21,55.57958008529155,7.903742489017407,29,21,0.8525785095012702,0.5368055555555555
29,22,23.40495925187961,4.193313036455358,29,22,0.01775237337069583,0.9974537037037037
29,23,53.864548641381916,6.850891240628644,29,23,0.6276401446018463,0.805324074074074
29,24,47.106986031044016,7.1694621759698345,29,24,0.9890717409278391,0.49537037037037035
29,25,97.59078312432204,13.17799903438748,29,25,1.3860293469281875,0.6173611111111111
29,26,64.02216439929629,8.633798845045083,29,26,0.9581612327488124,0.5273148148148148
29,27,109.78308476270142,15.264060005357466,29,27,1.2453452800168807,0.4613425925925926
29,28,47.47959935709489,6.3934607905690335,29,28,0.6276401446018463,0.805324074074074
29,29,0.0,0.0,29,29,-0.0,1.0
29,30,117.88478383153233,14.76167642302758,29,30,0.9022126842288937,0.5324074074074074
29,31,121.1987833459073,15.155670786573578,29,31,1.6645494292818057,0.3962962962962963
29,32,86.74761997604844,12.245242677556044,29,32,1.077604083781308,0.731712962962963
29,33,22.027568147689752,4.836255412532025,29,33,0.09438091859053119,0.98125
29,34,5.458099504673607,1.0898037274135395,29,34,-0.0,1.0
29,35,57.59230598776635,7.672326621884803,29,35,0.8125939637901618,0.7819444444444444
29,36,14.930522047340263,3.6939843507167502,29,36,-0.0,1.0
29,37,64.61066967102072,8.546167146006152,29,37,1.0623189036975467,0.7326388888888888
29,38,36.016975902171296,5.930805900053647,29,38,0.019421424183870672,0.9974537037037037
29,39,115.8967595545575,16.635808467666983,29,39,1.2681526493927917,0.5826388888888889
29,40,74.97184231579153,10.306904289915797,29,40,1.0623189036975467,0.7326388888888888
29,41,25.47152653129397,5.149951331617005,29,41,-0.0,1.0
29,42,47.44717436396535,6.539682290113155,29,42,0.061760592565954626,0.9914351851851851
29,43,25.695804393421355,5.61692598341784,29,43,-0.0,1.0
29,44,60.821989199000015,8.926296516469064,29,44,0.12738160617678307,0.981712962962963
29,45,101.1718779114517,14.048566676698135,29,45,1.2681526493927917,0.5826388888888889
29,46,35.88258006623844,6.544410490594249,29,46,-0.0,1.0
29,47,85.76661087680301,11.346221834382543,29,47,1.0678472522825797,0.7319444444444444
29,48,40.48358939138649,6.11523108379708,29,48,0.021048668931874966,0.9974537037037037
29,49,93.01266153958127,12.867435278963788,29,49,1.2564936426434463,0.6775462962962963
29,50,97.53393537178711,13.255108944144828,29,50,1.2564936426434463,0.6775462962962963
29,51,71.05811555069936,9.771849805958386,29,51,0.09426051621650419,0.987037037037037
29,52,95.34151256074985,12.867281620605572,29,52,1.2205654041007414,0.5847222222222223
29,53,51.359439892800935,7.37944331806303,29,53,0.03181246652139368,0.9962962962962963
29,54,64.39594461354396,8.907148894588863,29,54,0.040564119106767244,0.9953703703703703
29,55,49.013058392277806,7.047054854629708,29,55,0.021048668931874966,0.9974537037037037
29,56,61.922037169078784,8.599295127519536,29,56,0.03398079613293073,0.9960648148148148
29,57,115.1534133049653,15.743567414559331,29,57,1.2681526493927917,0.5826388888888889
29,58,122.62130060054147,16.984788882766622,29,58,0.09911604732033981,0.9875
29,59,62.638144806319474,9.168068253145805,29,59,0.03181246652139368,0.9962962962962963
29,60,78.15194361196323,10.301801331741638,29,60,0.05325109583225347,0.9939814814814815
29,61,78.58087086542147,11.340131310424834,29,61,0.03398079613293073,0.9960648148148148
29,62,84.86122220886554,11.32927837057523,29,62,0.09911604732033981,0.9875
29,63,97.08279160070626,13.286671326013211,29,63,0.09911604732033981,0.9875
29,64,93.08126852838015,12.340804114171496,29,64,0.09911604732033981,0.9875
29,65,104.72567182296999,13.76556449543665,29,65,0.09911604732033981,0.9875
29,66,130.5504613702869,23.836532997985103,29,66,0.09911604732033981,0.9875
30,0,32.34013016591436,2.7630080755731496,30,0,-0.0,1.0
30,1,inf,,30,1,-0.0,1.0
30,2,64.8536966797384,8.70557650334128,30,2,0.7817308373759521,0.500462962962963
30,3,91.04710830032401,10.50364217778171,30,3,1.246958264658924,0.41805555555555557
30,4,54.27754375233557,6.93532777551599,30,4,0.6948715910896063,0.5118055555555555
30,5,94.82689542734263,11.293514860281613,30,5,1.2497424939262243,0.41805555555555557
30,6,inf,,30,6,-0.0,1.0
30,7,97.1094360177081,11.449421709953697,30,7,1.2627467066893927,0.4173611111111111
30,8,28.132469440067073,7.167168341137932,30,8,-0.0,1.0
30,9,85.24197073198172,10.093223313888396,30,9,1.246958264658924,0.41805555555555557
30,10,20.8384415433658,2.076220087644544,30,10,-0.0,1.0
30,11,71.18728812746045,8.903177765420821,30,11,1.0329841251098808,0.4525462962962963
30,12,46.7845336694375,6.138293737546792,30,12,0.6948715910896063,0.5118055555555555
30,13,inf,,30,13,-0.0,1.0
30,14,28.992820941578714,3.0191371451290463,30,14,0.04708472796877268,0.9918981481481481
30,15,72.59636112588689,8.445420693700079,30,15,1.2416618061326306,0.4185185185185185
30,16,8.880532866956035,1.091349379601995,30,16,-0.0,1.0
30,17,103.39023591083807,11.951156818670313,30,17,2.017149369837178,0.23171296296296295
30,18,34.64478570678937,4.1176241234575475,30,18,0.6948715910896063,0.5118055555555555
30,19,62.19182471114598,7.7836585383012915,30,19,0.6968857054425551,0.5115740740740741
30,20,95.34366538616196,10.841610600619823,30,20,1.3580517961902665,0.4111111111111111
30,21,57.56483891804414,7.3889120565427,30,21,0.6968857054425551,0.5115740740740741
30,22,98.49034414099084,11.05354777774383,30,22,1.3580517961902665,0.4111111111111111
30,23,85.95448517064338,9.114594648499299,30,23,1.6755465088542483,0.2861111111111111
30,24,75.61707257666912,8.121709188275002,30,24,1.5742573920048077,0.38449074074074074
30,25,42.550305813129775,4.977600348745958,30,25,0.6948715910896063,0.5118055555555555
30,26,66.0920968595348,8.064288753884238,30,26,0.7236946702044049,0.5085648148148149
30,27,24.3135095724653,4.019942722085752,30,27,0.03079013124287029,0.9956018518518519
30,28,79.56953588635645,8.706841720848903,30,28,1.6755465088542483,0.2861111111111111
30,29,108.06860260474814,11.359682591060226,30,29,2.1680835049941076,0.3020833333333333
30,30,0.0,0.0,30,30,-0.0,1.0
30,31,9.931799739307856,2.497545225860922,30,31,0.024431732654320193,0.9962962962962963
30,32,55.361944042220074,7.0625737360243095,30,32,0.6968857054425551,0.5115740740740741
30,33,98.97126798471498,10.145170611025021,30,33,1.883759347185763,0.32222222222222224
30,34,113.5267021094212,12.05565928620322,30,34,2.1680835049941076,0.3020833333333333
30,35,67.40952401137275,8.198277201923654,30,35,0.7239670179450977,0.5090277777777777
30,36,105.2957314595558,11.30469589913219,30,36,1.8885105094387458,0.32222222222222224
30,37,73.60371370435197,8.68111692426072,30,37,1.6139158803920652,0.32013888888888886
30,38,89.69316948145615,9.45851773336389,30,38,1.657173935061444,0.34421296296296294
30,39,98.55580457146334,13.067483854363267,30,39,0.7919901819354935,0.5030092592592592
30,40,67.86366835993263,8.681108380186858,30,40,0.7675457239762586,0.5050925925925925
30,41,100.53532845035436,10.545028016792322,30,41,1.6747160325369275,0.3435185185185185
30,42,77.38542288424487,9.098734504750619,30,42,0.7432924394758947,0.507175925925926
30,43,116.06101380563645,13.100099412810133,30,43,1.8885105094387458,0.32222222222222224
30,44,84.9550587815373,10.086445187656324,30,44,1.7917767420148496,0.30115740740740743
30,45,83.83092292835667,10.643596995630586,30,45,0.7919901819354935,0.5030092592592592
30,46,110.94638198529843,12.113148950740317,30,46,1.6747160325369275,0.3435185185185185
30,47,78.65843692094455,9.817233942861069,30,47,0.7727837184199418,0.5050925925925925
30,48,84.1856068991505,10.28823440748542,30,48,0.7432924394758947,0.507175925925926
30,49,85.80027480156059,10.832797114376868,30,49,1.043580612866422,0.4576388888888889
30,50,90.3215486337662,11.198695398165427,30,50,1.043580612866422,0.4576388888888889
30,51,82.7855799086343,10.322606075335331,30,51,0.7835603464013192,0.5043981481481481
30,52,87.76216816843305,11.040358335146744,30,52,1.3450517568704508,0.35300925925925924
30,53,92.97210866347682,11.362988583210663,30,53,2.0177602903940963,0.25300925925925927
30,54,88.74546885956902,10.883653616656053,30,54,0.8407383602580482,0.5018518518518519
30,55,92.71507590004153,11.48575427365407,30,55,0.7432924394758947,0.507175925925926
30,56,90.94012541972924,11.159562796144257,30,56,0.9410743118864523,0.48865740740740743
30,57,97.81245832187021,12.483796015404453,30,57,0.7919901819354935,0.5030092592592592
30,58,138.59804801057865,18.578954781208186,30,58,1.5584350111487728,0.331712962962963
30,59,104.2508135769952,13.340730300193199,30,59,2.0177602903940963,0.25300925925925927
30,60,101.46052421771788,12.248983491450417,30,60,1.4406216928832496,0.3891203703703704
30,61,107.59895911607171,14.120950537874782,30,61,0.9410743118864523,0.48865740740740743
30,62,100.83796961890285,12.892081551081029,30,62,1.5584350111487728,0.331712962962963
30,63,113.05953901074317,14.874449803274212,30,63,1.5584350111487728,0.331712962962963
30,64,109.05801593841674,14.151622443109856,30,64,1.5584350111487728,0.331712962962963
30,65,120.70241923300708,15.372885846479992,30,65,1.5584350111487728,0.331712962962963
30,66,146.52720878032423,24.26236806284766,30,66,1.5584350111487728,0.331712962962963
31,0,36.90457567454624,3.8818704490303815,31,0,0.04708472796877268,0.9918981481481481
31,1,inf,,31,1,-0.0,1.0
31,2,57.340647928645936,9.09611937877259,31,2,0.1421242544554827,0.9733796296296297
31,3,83.53405954923134,10.801946877096679,31,3,0.6107798645236789,0.7738425925925926
31,4,46.76449500124303,7.298057322449916,31,4,0.05472117895623958,0.9902777777777778
31,5,87.31384667625012,11.579218109960069,31,5,0.614395671119752,0.7738425925925926
31,6,inf,,31,6,-0.0,1.0
31,7,89.59638726661578,11.7178234615293,31,7,0.626891934671831,0.7726851851851851
31,8,32.75160116333565,7.860895436503419,31,8,0.005744479923572491,0.9993055555555556
31,9,77.72892198088876,10.384895128820512,31,9,0.6107798645236789,0.7738425925925926
31,10,25.402887051997645,3.4924972186712084,31,10,0.04708472796877268,0.9918981481481481
31,11,63.674239376368135,9.257533339787523,31,11,0.393636446812292,0.8875
31,12,39.271484918344896,6.560713750844671,31,12,0.05472117895623958,0.9902777777777778
31,13,inf,,31,13,-0.0,1.0
31,14,31.725484552347147,4.044136457326065,31,14,0.6889398879156268,0.5458333333333333
31,15,65.08331237479389,8.749372614627868,31,15,0.6055146321417462,0.7743055555555556
31,16,13.499664590224487,3.2670013682398853,31,16,0.005744479923572491,0.9993055555555556
31,17,95.87718715974565,12.178829586139374,31,17,1.3825464083295202,0.4127314814814815
31,18,27.131736955696788,4.702044936296971,31,18,0.05472117895623958,0.9902777777777778
31,19,54.678775960053244,8.113722306393873,31,19,0.05688810580889917,0.9900462962962963
31,20,87.83061663506945,11.10678832566989,31,20,0.7234404934178456,0.7608796296296296
31,21,50.05179016695139,7.733578363621369,31,21,0.05688810580889917,0.9900462962962963
31,22,90.97729538989789,11.312210127801103,31,22,0.7234404934178456,0.7608796296296296
31,23,78.44143641955102,9.356230451298014,31,23,1.0536383611013735,0.4988425925925926
31,24,68.10402382557649,8.352248682555532,31,24,0.9539986917285564,0.6581018518518519
31,25,35.037257062037135,5.413017453428123,31,25,0.05472117895623958,0.9902777777777778
31,26,58.57904810844206,8.398676194531829,31,26,0.08445872423023389,0.9861111111111112
31,27,14.386789713995356,2.6310465771186617,31,27,-0.0,1.0
31,28,72.05648713526392,8.954904617924424,31,28,1.0536383611013735,0.4988425925925926
31,29,100.55555385365538,11.53411629327053,31,29,1.5420120020533616,0.56875
31,30,21.970340953201404,3.6754425217535855,31,30,0.005744479923572491,0.9993055555555556
31,31,0.0,0.0,31,31,-0.0,1.0
31,32,47.848895291127256,7.415067649464453,31,32,0.05688810580889917,0.9900462962962963
31,33,91.4582192336225,10.360634788313268,31,33,1.2569197044349882,0.6171296296296296
31,34,106.01365335832894,12.209840904287569,31,34,1.5420120020533616,0.56875
31,35,59.89647526028011,8.487380108276563,31,35,0.0844134012888636,0.9858796296296296
31,36,97.78268270846303,11.467704797398152,31,36,1.2620779737417185,0.6166666666666667
31,37,66.09066495325928,8.96054071157038,31,37,0.9735550678655307,0.6155092592592593
31,38,82.1801207303634,9.710135858226439,31,38,1.028717874094752,0.6682870370370371
31,39,91.04275582037057,13.255257492580633,31,39,0.15204540344641762,0.9717592592592592
31,40,60.350619608840404,8.971941618954157,31,40,0.12776082931166266,0.9784722222222222
31,41,93.02227969926153,10.727613006585788,31,41,1.0470051493368286,0.6662037037037037
31,42,69.87237413315276,9.298932532486804,31,42,0.10351549942992237,0.9837962962962963
31,43,108.54796505454394,13.208239049986663,31,43,1.2620779737417185,0.6166666666666667
31,44,77.44201003044442,10.28570619119686,31,44,1.1516686213893559,0.5817129629629629
31,45,76.31787417726393,10.896525527961042,31,45,0.15204540344641762,0.9717592592592592
31,46,103.433333234206,12.228721196482526,31,46,1.0470051493368286,0.6662037037037037
31,47,71.14538816985178,10.06081349687593,31,47,0.13349019081604718,0.9777777777777777
31,48,76.67255814805797,10.432561967250722,31,48,0.10351549942992237,0.9837962962962963
31,49,78.28722605046723,11.084373535524316,31,49,0.40389009948789373,0.8907407407407407
31,50,82.80849988267356,11.447289703277793,31,50,0.40389009948789373,0.8907407407407407
31,51,75.27253115754141,10.54561339791293,31,51,0.14393087722520406,0.9770833333333333
31,52,80.2491194173405,11.274049292949337,31,52,0.7069895731679909,0.6520833333333333
31,53,85.45905991238419,11.48178320497179,31,53,1.3787463958769903,0.4652777777777778
31,54,81.23242010847682,11.082072991183733,31,54,0.2006591759782511,0.9671296296296297
31,55,85.20202714894914,11.584017163137206,31,55,0.10351549942992237,0.9837962962962963
31,56,83.42707666863697,11.352251762695907,31,56,0.30112887084520856,0.9444444444444444
31,57,90.29940957077787,12.681035033965776,31,57,0.15204540344641762,0.9717592592592592
31,58,131.0849992594861,18.711079934653227,31,58,0.9212066637890842,0.6145833333333334
31,59,96.73776482590284,13.412603220598253,31,59,1.3787463958769903,0.4652777777777778
31,60,93.94747546662526,12.403913046343895,31,60,0.8019262453905085,0.7416666666666667
31,61,100.08591036497936,14.234423482063,31,61,0.30112887084520856,0.9444444444444444
31,62,93.32492086781009,13.064276476087743,31,62,0.9212066637890842,0.6145833333333334
31,63,105.54649025965072,15.046769679528518,31,63,0.9212066637890842,0.6145833333333334
31,64,101.54496718732412,14.289675256409936,31,64,0.9212066637890842,0.6145833333333334
31,65,113.18937048191441,15.536151901146425,31,65,0.9212066637890842,0.6145833333333334
31,66,139.01416002923156,24.374421225629238,31,66,0.9212066637890842,0.6145833333333334
32,0,47.15742786508098,5.897838433221893,32,0,-0.0,1.0
32,1,inf,,32,1,-0.0,1.0
32,2,49.707050339835575,7.9681646103480155,32,2,0.18100529508712423,0.9694444444444444
32,3,72.14534112146535,8.681847373405912,32,3,1.4265553844435153,0.4513888888888889
32,4,39.21910009220377,6.018582649065142,32,4,0.032270709436582695,0.9951388888888889
32,5,75.88086951288429,9.53415149913595,32,5,1.480632559207219,0.44930555555555557
32,6,inf,,32,6,-0.0,1.0
32,7,78.01940388929859,9.664929146240649,32,7,1.5994119673244294,0.4386574074074074
32,8,65.47207270492619,10.016105027576897,32,8,0.04708472796877268,0.9918981481481481
32,9,66.3402035531228,8.202381231315888,32,9,1.4265553844435153,0.4513888888888889
32,10,35.65573924253244,5.6619729741925315,32,10,-0.0,1.0
32,11,55.08494492204867,7.475708326664969,32,11,0.8930137079464997,0.7164351851851852
32,12,31.726090009305665,5.218504491501731,32,12,0.032270709436582695,0.9951388888888889
32,13,inf,,32,13,-0.0,1.0
32,14,26.649722421025483,4.402132627443263,32,14,-0.0,1.0
32,15,53.73564213389581,6.298042311030568,32,15,1.3777003135392774,0.4550925925925926
32,16,46.22013613181462,6.484080869718506,32,16,0.04708472796877268,0.9918981481481481
32,17,80.8316080993216,9.597526965467305,32,17,2.524077014773138,0.22523148148148148
32,18,19.614824068479248,3.3658766547494605,32,18,-0.0,1.0
32,19,43.429442747643506,5.75052583464605,32,19,0.8332142656309454,0.6210648148148148
32,20,72.79841492918985,8.439048480548184,32,20,1.8642106733974289,0.38055555555555554
32,21,38.80245695454155,5.290783378714155,32,21,0.8332142656309454,0.6210648148148148
32,22,75.94509368401873,8.710579807932595,32,22,1.8642106733974289,0.38055555555555554
32,23,52.534090793335686,6.68711949123205,32,23,0.1983158937914532,0.969212962962963
32,24,51.00303139239355,6.13369290963512,32,24,0.6362799279414956,0.8520833333333333
32,25,11.907660334296278,2.4721904572757163,32,25,-0.0,1.0
32,26,35.06837342148375,5.5876972396099225,32,26,0.11538506708464012,0.9770833333333333
32,27,32.60805920229393,6.333395782730529,32,27,0.005744479923572491,0.9993055555555556
32,28,46.149141509048604,6.269438234414799,32,28,0.1983158937914532,0.969212962962963
32,29,73.10418130706488,8.494483576760096,32,29,1.321273162470048,0.5465277777777777
32,30,54.690812494791544,7.088576404969058,32,30,0.04708472796877268,0.9918981481481481
32,31,49.03839930746296,7.603886237574189,32,31,0.2765246114416824,0.9275462962962963
32,32,0.0,0.0,32,32,-0.0,1.0
32,33,63.645982675463,7.510273785603817,32,33,1.2724417979635447,0.5479166666666667
32,34,78.5622808117385,9.069574409271926,32,34,1.321273162470048,0.5465277777777777
32,35,32.17218301634723,5.299376457139744,32,35,0.11031094188759746,0.98125
32,36,69.97146845189805,8.59899917429029,32,36,1.2724417979635447,0.5479166666666667
32,37,24.543746135263877,4.9030167246213505,32,37,0.02866608526985432,0.9962962962962963
32,38,54.00744348370128,6.91249798282244,32,38,1.2140641514125023,0.5527777777777778
32,39,43.201582281826276,7.364142739536529,32,39,0.0903720141824942,0.9819444444444444
32,40,12.586810419511599,3.4321771930067677,32,40,0.005744479923572491,0.9993055555555556
32,41,64.86423980212268,7.947558485642702,32,41,1.221526458975419,0.5523148148148148
32,42,41.02589031757398,5.985892035009221,32,42,0.9230445147093523,0.6402777777777777
32,43,80.73675079797937,10.379018368847955,32,43,1.2724417979635447,0.5479166666666667
32,44,35.01243114633336,5.703606891083967,32,44,0.6344628519350836,0.6833333333333333
32,45,28.47670063871996,4.996054140327911,32,45,0.0903720141824942,0.9819444444444444
32,46,75.27529333706705,9.470654878030434,32,46,1.221526458975419,0.5523148148148148
32,47,23.370675963173603,4.848209243471032,32,47,0.014726307184632166,0.9981481481481481
32,48,47.82607433247914,7.2124827654125,32,48,0.9230445147093523,0.6402777777777777
32,49,30.463898606243028,5.282962046191821,32,49,0.3240645474052243,0.9004629629629629
32,50,34.98517243844899,5.670080832367987,32,50,0.3240645474052243,0.9004629629629629
32,51,27.512699512710686,5.284070677506102,32,51,0.015305476656319882,0.9981481481481481
32,52,32.41279157704853,5.173596952466951,32,52,0.641372688879532,0.6594907407407408
32,53,44.51602464439354,7.387908094159501,32,53,0.6435042422874162,0.6826388888888889
32,54,33.55895866722914,5.821761185301539,32,54,0.03162403424463271,0.9956018518518519
32,55,56.3555433333703,8.505615696409652,32,55,0.9230445147093523,0.6402777777777777
32,56,35.88284135513418,6.095044116623505,32,56,0.04176033752048312,0.9939814814814815
32,57,42.45823603223378,6.954619068221821,32,57,0.0903720141824942,0.9819444444444444
32,58,83.25251544097907,13.399460024730175,32,58,0.8501005518484792,0.6219907407407408
32,59,55.79472955791224,9.37571363207857,32,59,0.6435042422874162,0.6826388888888889
32,60,46.14482650352079,6.646431564635676,32,60,0.7002647660818202,0.7518518518518519
32,61,52.54167505147676,8.894893388756897,32,61,0.04176033752048312,0.9939814814814815
32,62,45.49243704930313,7.2844371548413,32,62,0.8501005518484792,0.6219907407407408
32,63,57.71400644114354,9.31390862506341,32,63,0.8501005518484792,0.6219907407407408
32,64,53.7124833688171,8.724286349288175,32,64,0.8501005518484792,0.6219907407407408
32,65,65.35688666340755,9.855244595128832,32,65,0.8501005518484792,0.6219907407407408
32,66,91.18167621072467,20.438108932914417,32,66,0.8501005518484792,0.6219907407407408
33,0,102.47038624699518,11.526989958308096,33,0,0.4003363271600647,0.9101851851851852
33,1,inf,,33,1,-0.0,1.0
33,2,47.108203017171355,7.516316915035462,33,2,0.14222092956320623,0.975925925925926
33,3,27.400580497919073,4.6684015679326984,33,3,0.11190970374535888,0.9805555555555555
33,4,65.92655374616426,8.328876968447718,33,4,0.342475035896231,0.9168981481481482
33,5,28.74217299696293,4.482616409468785,33,5,1.0854229664181243,0.3875
33,6,inf,,33,6,-0.0,1.0
33,7,26.365262489000024,4.33358282398201,33,7,0.7822899505572789,0.5060185185185185
33,8,120.80623954943279,14.934798975072768,33,8,0.4030044097728451,0.9099537037037037
33,9,21.595442929576404,4.139917226020045,33,9,0.11190970374535888,0.9805555555555555
33,10,90.9686976244469,11.557845072513288,33,10,0.4003363271600647,0.9101851851851852
33,11,39.244714369076455,6.5412787122309055,33,11,0.14222092956320623,0.975925925925926
33,12,58.433543663266235,7.579085200012634,33,12,0.342475035896231,0.9168981481481482
33,13,inf,,33,13,-0.0,1.0
33,14,81.96268080293959,10.63724876712661,33,14,0.4003363271600647,0.9101851851851852
33,15,33.50329416163425,5.883501504912819,33,15,0.14222092956320623,0.975925925925926
33,16,101.55430297632199,12.348533363153235,33,16,0.4030044097728451,0.9099537037037037
33,17,18.867331857060183,3.245724972813615,33,17,0.6921999507136669,0.5217592592592593
33,18,88.82518464175683,11.294676049809617,33,18,0.7572057505256751,0.7918981481481482
33,19,42.333765011500006,6.220393873165419,33,19,0.16084353402217916,0.9738425925925925
33,20,11.133361846594902,3.101101379409858,33,20,0.06208365244849767,0.9886574074074074
33,21,47.735732781817106,6.535495466976199,33,21,0.342475035896231,0.9168981481481482
33,22,14.280040601423666,3.2801958457120843,33,22,0.06208365244849767,0.9886574074074074
33,23,45.6719129491715,5.6143088890069555,33,23,0.43480625197257644,0.8539351851851852
33,24,39.249887645620326,5.7045900413270445,33,24,0.4856525199546192,0.8349537037037037
33,25,89.26363498759265,11.754281535717944,33,25,1.1721838476210373,0.6377314814814815
33,26,56.12761590678008,7.136690715887952,33,26,0.47837262961366356,0.8983796296296296
33,27,101.79668301403906,13.553668966802153,33,27,0.7743288712538808,0.7898148148148149
33,28,39.286963664884304,5.122489519350209,33,28,0.43480625197257644,0.8539351851851852
33,29,9.540844473682851,2.1821909177748355,33,29,0.023129244292156827,0.9965277777777778
33,30,110.02497933929855,12.947852660095954,33,30,0.4030044097728451,0.9099537037037037
33,31,113.2652624548544,13.382629616276082,33,31,1.1702909412004974,0.6828703703703703
33,32,78.35963196121551,10.914952150154484,33,32,0.9226823547452921,0.757175925925926
33,33,0.0,0.0,33,33,-0.0,1.0
33,34,14.99894397835648,2.7621022279580933,33,34,0.023129244292156827,0.9965277777777778
33,35,49.18679037848134,6.406766993781685,33,35,0.663613764837695,0.8085648148148148
33,36,6.3254857764351895,1.7625159589770623,33,36,-0.0,1.0
33,37,56.22077292723149,7.249308493856965,33,37,0.908563914212702,0.7578703703703704
33,38,27.41640177984024,4.46443217578457,33,38,0.01299951770448979,0.9983796296296297
33,39,107.45899743322722,15.206331703134753,33,39,1.1541610607948989,0.5916666666666667
33,40,66.5819455720022,8.967763465721516,33,40,0.908563914212702,0.7578703703703704
33,41,16.86649026038887,3.598733476477008,33,41,-0.0,1.0
33,42,38.860726169650334,5.353083517087038,33,42,0.043570090760249904,0.99375
33,43,17.09076812251621,4.218594812821122,33,43,-0.0,1.0
33,44,52.253529854842625,7.583575560718308,33,44,0.0919084044657175,0.9863425925925926
33,45,92.73411579012036,12.620530289701014,33,45,1.1541610607948989,0.5916666666666667
33,46,27.277543795333397,5.0150824898990365,33,46,-0.0,1.0
33,47,77.37671413301372,10.056899069111603,33,47,0.9141157872502712,0.757175925925926
33,48,31.883588738152838,4.955703209804073,33,48,0.016269287252908306,0.9979166666666667
33,49,84.60458727167824,11.439171679205119,33,49,1.1143382151208314,0.6979166666666666
33,50,89.12586110388432,11.828275464709774,33,50,1.1143382151208314,0.6979166666666666
33,51,62.47966251398163,8.460738899636603,33,51,0.06994003849751414,0.9898148148148148
33,52,86.90118941613201,11.466082932119644,33,52,1.10395602298241,0.5946759259259259
33,53,42.763842313629574,6.150188857392327,33,53,0.022896365860420147,0.9972222222222222
33,54,55.80169489943994,7.601944534563621,33,54,0.03353877240494822,0.9960648148148148
33,55,40.41305773904386,5.93090177456814,33,55,0.016269287252908306,0.9979166666666667
33,56,53.32745286991197,7.31664739546675,33,56,0.022896365860420147,0.9972222222222222
33,57,106.71565118363411,14.365104477842472,33,57,1.1541610607948989,0.5916666666666667
33,58,114.03060755286101,15.75192708755633,33,58,0.07615816467184083,0.9900462962962963
33,59,54.04254722714812,7.90587779970344,33,59,0.022896365860420147,0.9972222222222222
33,60,69.55860544803265,9.042702064688926,33,60,0.04405871180939709,0.9949074074074075
33,61,69.98628656625475,10.067106171756228,33,61,0.022896365860420147,0.9972222222222222
33,62,76.27052916118534,10.04497341203752,33,62,0.07615816467184083,0.9900462962962963
33,63,88.49209855302539,12.013126125447021,33,63,0.07615816467184083,0.9900462962962963
33,64,84.49057548069887,11.126961391244151,33,64,0.07615816467184083,0.9900462962962963
33,65,96.13497877528951,12.488131578781964,33,65,0.07615816467184083,0.9900462962962963
33,66,121.95976832260664,22.924017965596274,33,66,0.07615816467184083,0.9900462962962963
34,0,113.4758687475414,13.458055016433887,34,0,1.4776865965291817,0.47337962962962965
34,1,inf,,34,1,-0.0,1.0
34,2,60.23604597320366,9.875640355886187,34,2,1.246751144896779,0.3840277777777778
34,3,40.70587302508341,6.487806620848578,34,3,1.07902403959554,0.4060185185185185
34,4,76.99707507069438,10.219192148715168,34,4,1.3732821089758656,0.48819444444444443
34,5,28.298513432652765,5.531856067291138,34,5,0.012030099389652566,0.9983796296296297
34,6,inf,,34,6,-0.0,1.0
34,7,25.061138825222155,5.158435131281913,34,7,0.007392827050184505,0.9990740740740741
34,8,131.81137141925004,16.68158893917657,34,8,1.478930983202565,0.47337962962962965
34,9,34.900735456740854,5.937339338213931,34,9,1.07902403959554,0.4060185185185185
34,10,101.97418012499318,13.526390769733364,34,10,1.4776865965291817,0.47337962962962965
34,11,52.372557325108595,8.698525145089606,34,11,1.246751144896779,0.3840277777777778
34,12,69.50406498779631,9.319196235187734,34,12,1.3732821089758656,0.48819444444444443
34,13,inf,,34,13,-0.0,1.0
34,14,92.96816330348597,12.58074281135052,34,14,1.4776865965291817,0.47337962962962965
34,15,46.63113711766672,7.846695703516974,34,15,1.246751144896779,0.3840277777777778
34,16,112.55943484613857,14.40661983813861,34,16,1.478930983202565,0.47337962962962965
34,17,17.525460711282403,3.993687858104912,34,17,0.0040174222145676316,0.999537037037037
34,18,97.87501794338873,12.957883371332382,34,18,1.7041981510859447,0.40925925925925927
34,19,55.41386064046995,8.03164883587235,34,19,1.3320820012975747,0.3773148148148148
34,20,25.473123433956076,4.881295705515389,34,20,0.6892324974515491,0.544212962962963
34,21,58.80625410634722,7.949674646511489,34,21,1.3732821089758656,0.48819444444444443
34,22,28.619802188784764,5.187876728827438,34,22,0.6892324974515491,0.544212962962963
34,23,49.27539189382175,6.380947155518198,34,23,0.21842029043769023,0.9587962962962963
34,24,47.40029111934033,6.483215792594319,34,24,0.7196426066197227,0.7974537037037037
34,25,93.47144002495142,12.877509024858657,34,25,0.8375085483692841,0.7888888888888889
34,26,66.81299499777313,8.66824495368115,34,26,1.7801610077428822,0.31550925925925927
34,27,110.84936142017104,15.141473432399154,34,27,1.71923835124748,0.4083333333333333
34,28,42.89044260953475,5.9866349174093285,34,28,0.21842029043769023,0.9587962962962963
34,29,6.650401879548623,1.81233051406631,34,29,-0.0,1.0
34,30,121.0301112091156,15.084372404829335,34,30,1.478930983202565,0.47337962962962965
34,31,123.44514822160903,15.373299051295959,34,31,2.1943248147147716,0.28935185185185186
34,32,81.80537908413422,11.623932696274052,34,32,0.6887600794470892,0.812962962962963
34,33,16.624923529236124,4.254821286391431,34,33,0.0021691886415661126,0.9997685185185186
34,34,0.0,0.0,34,34,-0.0,1.0
34,35,52.59095623698613,7.141002794618071,34,35,0.47272387658508397,0.8606481481481482
34,36,9.472422542666662,2.986294189007855,34,36,-0.0,1.0
34,37,59.661773080502506,7.986059766322587,34,37,0.6765615100285424,0.8138888888888889
34,38,30.57074532531029,5.41144586275607,34,38,0.007913507739646365,0.9990740740740741
34,39,110.79982399300276,15.90566416360851,34,39,1.0205474718128458,0.6039351851851852
34,40,70.02294572527316,9.704166747186909,34,40,0.6765615100285424,0.8138888888888889
34,41,20.013427026620388,4.604089294088635,34,41,-0.0,1.0
34,42,42.03083598554863,6.085222538827169,34,42,0.0324549457320028,0.9960648148148148
34,43,20.23770488874766,4.936312560190022,34,43,-0.0,1.0
34,44,55.43809110713437,8.380400885192158,34,44,0.06313555671394978,0.9916666666666667
34,45,96.07494234989578,13.339825393634888,34,45,1.0205474718128458,0.6039351851851852
34,46,30.424480561564803,5.921633798013333,34,46,-0.0,1.0
34,47,80.81771428628473,10.742212601390424,34,47,0.6821629268532559,0.8131944444444444
34,48,35.04055966197228,5.681415289594255,34,48,0.01811603912631769,0.9979166666666667
34,49,88.03056937648168,12.212247024277557,34,49,0.8953641368672667,0.7502314814814814
34,50,92.55184320868754,12.589130062028534,34,50,0.8953641368672667,0.7502314814814814
34,51,65.6511203590833,9.187001829670784,34,51,0.05878817344073148,0.9923611111111111
34,52,90.23554650485424,12.19054590537262,34,52,0.9729490209460034,0.606712962962963
34,53,45.92318291692581,6.901754987569163,34,53,0.02104767015627409,0.9976851851851852
34,54,58.96249982473848,8.362621024646327,34,54,0.02506401920631099,0.9972222222222222
34,55,43.57002866286368,6.545510917599503,34,55,0.01811603912631769,0.9979166666666667
34,56,56.48669513066905,8.07170710335218,34,56,0.023216322277765808,0.9974537037037037
34,57,110.05647774340935,15.040033838553299,34,57,1.0205474718128458,0.6039351851851852
34,58,117.20599377370131,16.393929729555644,34,58,0.05962063197599337,0.9925925925925926
34,59,57.201887830444335,8.614149938812693,34,59,0.02104767015627409,0.9976851851851852
34,60,72.72228646298629,9.758905005297475,34,60,0.033416973883800966,0.9962962962962963
34,61,73.14552882701157,10.737851546780588,34,61,0.023216322277765808,0.9974537037037037
34,62,79.44591538202532,10.760662391005836,34,62,0.05962063197599337,0.9925925925925926
34,63,91.66748477386597,12.685942379997933,34,63,0.05962063197599337,0.9925925925925926
34,64,87.66596170153947,11.753105032102267,34,64,0.05962063197599337,0.9925925925925926
34,65,99.3103649961297,13.155939094850298,34,65,0.05962063197599337,0.9925925925925926
34,66,125.13515454344665,23.42185801497479,34,66,0.05962063197599337,0.9925925925925926
35,0,62.955853182764066,8.265571655839423,35,0,0.14536444604559398,0.9668981481481481
35,1,inf,,35,1,-0.0,1.0
35,2,34.75736230383337,4.832897071663529,35,2,0.9519600251498979,0.531712962962963
35,3,41.722778733814785,5.427934117089301,35,3,0.6165877529306254,0.7377314814814815
35,4,26.510722766483855,4.060663341049852,35,4,-0.0,1.0
35,5,45.455344238029966,6.261889467861708,35,5,0.6632578553636075,0.7337962962962963
35,6,inf,,35,6,-0.0,1.0
35,7,47.600604156793885,6.297329612783803,35,7,0.7885472817687066,0.7148148148148148
35,8,81.29130341946525,11.950088644327586,35,8,0.1487350493085245,0.9668981481481481
35,9,35.917641165472276,4.951236334763463,35,9,0.6165877529306254,0.7377314814814815
35,10,51.454164560215105,8.08080662828526,35,10,0.14536444604559398,0.9668981481481481
35,11,29.0308857183171,3.441354042343253,35,11,0.6175159434603452,0.7368055555555556
35,12,19.017712683585614,3.042723808034989,35,12,-0.0,1.0
35,13,inf,,35,13,-0.0,1.0
35,14,42.44814773870853,6.983124294234622,35,14,0.14536444604559398,0.9668981481481481
35,15,23.307134643655054,2.7853313833638507,35,15,0.5739619974264206,0.7423611111111111
35,16,62.0393668463543,8.914537646449292,35,16,0.1487350493085245,0.9668981481481481
35,17,50.21963509413434,5.776126536209753,35,17,1.705939979479532,0.33796296296296297
35,18,46.589649975455956,6.836622182919009,35,18,0.6749335134862724,0.5951388888888889
35,19,12.946887595238366,1.8626470028033921,35,19,-0.0,1.0
35,20,42.212981247192026,4.711483422526623,35,20,1.0435937696298991,0.5944444444444444
35,21,8.319901802136576,1.2851608284585894,35,21,-0.0,1.0
35,22,45.35966000202078,4.982285655628908,35,22,1.0435937696298991,0.5944444444444444
35,23,20.435193501435197,3.2443932504195137,35,23,0.023660182383085003,0.9969907407407408
35,24,19.377895329627297,2.8260159779513905,35,24,0.21979701347427075,0.9497685185185185
35,25,41.12776769584954,7.00164832198306,35,25,0.10392683728929636,0.9784722222222222
35,26,16.041019845810172,2.2686283920239796,35,26,0.6525879681314333,0.6414351851851852
35,27,59.56519453635194,9.447967203748338,35,27,0.6884388341184084,0.5939814814814814
35,28,14.05024421714815,2.694410082937491,35,28,0.023660182383085003,0.9969907407407408
35,29,41.97599369868961,5.007756420051114,35,29,0.5461843557231938,0.81875
35,30,70.51004320933103,9.531474408038202,35,30,0.1487350493085245,0.9668981481481481
35,31,72.53198911335876,9.685581379713643,35,31,1.0112475484056718,0.5682870370370371
35,32,29.35301109417365,5.914609539430844,35,32,0.015426598911820934,0.9981481481481481
35,33,32.494307602002294,4.051633867297496,35,33,0.505298516797292,0.8229166666666666
35,34,47.43409320336346,5.53827100872251,35,34,0.5461843557231938,0.81875
35,35,0.0,0.0,35,35,-0.0,1.0
35,36,38.819793378437474,5.033907795001629,35,36,0.505298516797292,0.8229166666666666
35,37,7.20563238378241,1.6369132613415933,35,37,0.0040174222145676316,0.999537037037037
35,38,22.81462307563654,3.3925067308303287,35,38,0.45793571317800086,0.8287037037037037
35,39,61.46158671175244,10.658236039245415,35,39,0.16847655375961906,0.9631944444444445
35,40,17.56680502855318,3.51354128405891,35,40,0.0040174222145676316,0.999537037037037
35,41,33.67306678810644,4.454085450732899,35,41,0.46575232816608486,0.8280092592592593
35,42,9.987700777618041,1.7998674528594611,35,42,0.0021691886415661126,0.9997685185185186
35,43,49.58507572451846,6.877875816707016,35,43,0.505298516797292,0.8229166666666666
35,44,18.75072381797449,3.5098659920675948,35,44,0.023461240742894976,0.9967592592592592
35,45,46.73670506864573,8.145846597466136,35,45,0.16847655375961906,0.9631944444444445
35,46,44.08412032305082,5.970520905924594,35,46,0.46575232816608486,0.8280092592592593
35,47,28.361573589564795,4.918645740477663,35,47,0.00976158044990165,0.9988425925925926
35,48,16.787884792523172,3.367751782904997,35,48,0.0021691886415661126,0.9997685185185186
35,49,35.92537611347913,6.4714035506271275,35,49,0.03783378078650125,0.9951388888888889
35,50,40.446649945685195,6.829471104963609,35,50,0.03783378078650125,0.9951388888888889
35,51,32.42554278841434,5.308082274277734,35,51,0.10148227600687983,0.9826388888888888
35,52,40.98603575030096,7.20540675419826,35,52,0.062129998200920356,0.9912037037037037
35,53,26.28761171895828,4.4184942492754535,35,53,0.6879200979142517,0.5599537037037037
35,54,37.04752345591899,5.691317231492377,35,54,0.9513827488030886,0.5969907407407408
35,55,25.31735379341433,4.837975273618066,35,55,0.0021691886415661126,0.9997685185185186
35,56,36.4138545236643,5.694139593872191,35,56,1.037444271939294,0.46273148148148147
35,57,60.71824046215979,9.9110051112545,35,57,0.16847655375961906,0.9631944444444445
35,58,90.89104000290482,14.65049339946829,35,58,0.8161094610044065,0.7527777777777778
35,59,37.56631663247674,6.663724771649095,35,59,0.6879200979142517,0.5599537037037037
35,60,50.60373469844677,7.259079645099504,35,60,1.1322696307761029,0.555324074074074
35,61,53.07268822000714,8.932829181037391,35,61,1.037444271939294,0.46273148148148147
35,62,53.13096161122925,8.601658866664543,35,62,0.8161094610044065,0.7527777777777778
35,63,65.35253100306947,10.647337865955246,35,63,0.8161094610044065,0.7527777777777778
35,64,61.351007930743044,9.909485371772687,35,64,0.8161094610044065,0.7527777777777778
35,65,72.9954112253334,11.175804031116694,35,65,0.8161094610044065,0.7527777777777778
35,66,98.82020077265065,21.438364552858133,35,66,0.8161094610044065,0.7527777777777778
36,0,104.99883115407842,11.76835370817451,36,0,1.0059907565553887,0.6236111111111111
36,1,inf,,36,1,-0.0,1.0
36,2,53.478418007546395,7.883477021537501,36,2,0.5310059380089571,0.8127314814814814
36,3,34.54894973797232,5.720804331171686,36,3,0.11699061546654714,0.9800925925925926
36,4,68.54048008310674,8.325908113288193,36,4,0.8723319707778711,0.6460648148148148
36,5,35.894673983532414,5.813986973043701,36,5,1.087350160461276,0.3875
36,6,inf,,36,6,-0.0,1.0
36,7,33.517763475569396,5.654739554358894,36,7,0.7842854273972653,0.5060185185185185
36,8,123.3343338257869,15.15762098648063,36,8,1.0072800015863876,0.6236111111111111
36,9,28.74381216962961,5.208062726549058,36,9,0.11699061546654714,0.9800925925925926
36,10,93.49714253153037,11.761215535096175,36,10,1.0059907565553887,0.6236111111111111
36,11,45.6151254090742,6.804543164559568,36,11,0.5288846883394618,0.812962962962963
36,12,61.04747000020826,7.42492125155039,36,12,0.8723319707778711,0.6460648148148148
36,13,inf,,36,13,-0.0,1.0
36,14,84.49112571002298,10.770322759011032,36,14,1.0059907565553887,0.6236111111111111
36,15,39.873705201632,6.02882992508474,36,15,0.5288846883394618,0.812962962962963
36,16,104.08239725267579,12.626452508392285,36,16,1.0072800015863876,0.6236111111111111
36,17,26.01983284362965,4.618657532440179,36,17,0.6941983598796555,0.5217592592592593
36,18,89.08117324999525,11.077816955156232,36,18,1.4123134403530349,0.449537037037037
36,19,48.4597888802315,6.255366119333511,36,19,0.7346352768745759,0.7668981481481482
36,20,18.28586283316435,4.250554731401622,36,20,0.06425020017838225,0.9884259259259259
36,21,50.349659118759256,6.068522368686126,36,21,0.8723319707778711,0.6460648148148148
36,22,21.432541587993047,4.4567946744826115,36,22,0.06425020017838225,0.9884259259259259
36,23,39.963544223060225,5.0563386589286266,36,23,0.13961624019813626,0.9729166666666667
36,24,38.50957280106254,4.729178405961794,36,24,0.3595088153738926,0.8916666666666667
36,25,84.1108049719839,11.039565056657949,36,25,0.7499214481403447,0.7986111111111112
36,26,58.2246640757986,6.824292133637185,36,26,1.420776969922661,0.41712962962962963
36,27,102.05626529706475,13.340308756351133,36,27,1.4275601058340883,0.44837962962962963
36,28,33.57859493877322,4.679923280950378,36,28,0.13961624019813626,0.9729166666666667
36,29,16.693345460252342,3.3720400894530247,36,29,0.025297627686566338,0.9962962962962963
36,30,112.55307361565289,13.270415380237186,36,30,1.0072800015863876,0.6236111111111111
36,31,114.81172202200668,13.573108204870517,36,31,1.814265189829778,0.3773148148148148
36,32,72.39319559431935,9.805825716340554,36,32,0.6403711898785318,0.8173611111111111
36,33,7.1525009865694535,2.148659900872265,36,33,0.0021691886415661126,0.9997685185185186
36,34,22.151444964925936,3.9878669595502405,36,34,0.025297627686566338,0.9962962962962963
36,35,43.167680424948955,5.417137965312119,36,35,0.43441221526188334,0.8648148148148148
36,36,0.0,0.0,36,36,-0.0,1.0
36,37,50.24674139412494,6.233873401638571,36,37,0.6295298289343866,0.8182870370370371
36,38,21.10100535346984,3.8065193635591825,36,38,0.0021691886415661126,0.9997685185185186
36,39,101.36658757572916,13.975234698761819,36,39,0.9900588512251137,0.6053240740740741
36,40,60.60791403889568,7.886334573187183,36,40,0.6295298289343866,0.8182870370370371
36,41,10.541004483953705,2.9950481180466717,36,41,-0.0,1.0
36,42,32.57401179318513,4.662391294624601,36,42,0.022117417171752026,0.9972222222222222
36,43,10.765282346080989,2.8407329290311165,36,43,-0.0,1.0
36,44,45.98437226654388,6.628008600914438,36,44,0.050825323897283343,0.992824074074074
36,45,86.64170593262276,11.397145688829166,36,45,0.9900588512251137,0.6053240740740741
36,46,20.952058018898146,4.062877406985789,36,46,-0.0,1.0
36,47,71.40268259990758,8.956786582723963,36,47,0.6351349899353786,0.8175925925925925
36,48,25.577899210490713,4.42601387959054,36,48,0.013578687176177506,0.9983796296296297
36,49,78.6061546509053,10.281284254214063,36,49,0.8564124932784404,0.7534722222222222
36,50,83.12742848311099,10.651515165285208,36,50,0.8564124932784404,0.7534722222222222
36,51,56.19801410296057,7.477618967221144,36,51,0.0452369861508351,0.99375
36,52,80.80231008758074,10.271071125287618,36,52,0.942403562153911,0.6081018518518518
36,53,36.460541330907404,5.428212225261319,36,53,0.014220490121140418,0.9983796296296297
36,54,49.501904748372695,6.717725348858609,36,54,0.016068401856783848,0.9981481481481481
36,55,34.10736821138187,5.099467077900574,36,55,0.013578687176177506,0.9983796296296297
36,56,47.02415188718988,6.467493177502524,36,56,0.014220490121140418,0.9983796296296297
36,57,100.6232413261367,13.157757332545707,36,57,0.9900588512251137,0.6053240740740741
36,58,107.74711476038175,14.678510738622654,36,58,0.05165725825841167,0.993287037037037
36,59,47.73924624442591,6.9474535394309305,36,59,0.014220490121140418,0.9983796296296297
36,60,63.262056063101745,8.122345456931868,36,60,0.024101314788866623,0.9972222222222222
36,61,63.68298558353248,9.005840322144726,36,61,0.014220490121140418,0.9983796296296297
36,62,69.98703636870596,9.051897495615188,36,62,0.05165725825841167,0.993287037037037
36,63,82.20860576054656,10.99726872914359,36,63,0.05165725825841167,0.993287037037037
36,64,78.20708268822003,10.044128244387482,36,64,0.05165725825841167,0.993287037037037
36,65,89.85148598281037,11.459588909015874,36,65,0.05165725825841167,0.993287037037037
36,66,115.67627553012746,22.15522376740449,36,66,0.05165725825841167,0.993287037037037
37,0,67.15715717771758,8.05536932897052,37,0,0.7903113891568235,0.5981481481481481
37,1,inf,,37,1,-0.0,1.0
37,2,42.21654777006727,5.352865136565651,37,2,1.2823390020816365,0.4673611111111111
37,3,49.187603087534626,5.881511890763747,37,3,0.9103347784633005,0.6516203703703703
37,4,33.94695333235651,4.613902683781301,37,4,0.3717854836975389,0.8775462962962963
37,5,52.90979246252531,6.695352771412394,37,5,0.9713848672013898,0.6474537037037037
37,6,inf,,37,6,-0.0,1.0
37,7,55.02322227990499,6.744827144880167,37,7,1.1021255398075307,0.63125
37,8,85.48494432087489,11.86242585081339,37,8,0.8156305887536929,0.5951388888888889
37,9,43.3824655191922,5.4095839435096345,37,9,0.9103347784633005,0.6516203703703703
37,10,55.65546855516888,7.939371410184348,37,10,0.7903113891568235,0.5981481481481481
37,11,36.514661604925934,4.037867179090409,37,11,0.9003841069044799,0.6520833333333333
37,12,26.453943249458316,3.6582384726227146,37,12,0.3717854836975389,0.8775462962962963
37,13,inf,,37,13,-0.0,1.0
37,14,46.649451733662005,6.800377376718918,37,14,0.7903113891568235,0.5981481481481481
37,15,30.791890898261535,3.4400708328931353,37,15,0.8549283885844938,0.65625
37,16,66.23300774776388,8.866069798796053,37,16,0.8156305887536929,0.5951388888888889
37,17,57.41997871623149,6.481059989092983,37,17,2.118962872116402,0.2724537037037037
37,18,41.605933099659715,6.847057035209625,37,18,0.11437734423441714,0.9775462962962963
37,19,20.383118161111085,2.6295979980870157,37,19,0.3717854836975389,0.8775462962962963
37,20,49.41983667823146,5.398990687386369,37,20,1.4641808369768432,0.456712962962963
37,21,15.756132368009238,2.1632331748158684,37,21,0.3717854836975389,0.8775462962962963
37,22,52.566515433060175,5.663921564637245,37,22,1.4641808369768432,0.456712962962963
37,23,28.140898032622683,4.033133210917925,37,23,0.06303626209118056,0.9916666666666667
37,24,27.042245591314806,3.624260223210709,37,24,0.29740119127617715,0.9398148148148148
37,25,34.04329600079631,6.383695066003613,37,25,0.022102285005748762,0.9969907407407408
37,26,10.658390705349504,2.2688283349586373,37,26,0.0135011900769322,0.9981481481481481
37,27,54.59103868109234,9.266827378589797,37,27,0.11957008234847867,0.9773148148148149
37,28,21.755948748335687,3.5873242168289075,37,28,0.06303626209118056,0.9916666666666667
37,29,49.12278720765969,5.6725059826510025,37,29,0.9911946988682042,0.6226851851851852
37,30,74.70368411074057,9.531090249007727,37,30,0.8156305887536929,0.5951388888888889
37,31,70.60448630745604,10.25722374407373,37,31,0.5913099506152689,0.8527777777777777
37,32,22.15045177695598,5.108443505824487,37,32,0.010525772841444644,0.9986111111111111
37,33,39.638474882317134,4.698127654416905,37,33,0.9544934108342138,0.6240740740740741
37,34,54.58088671233345,6.208278107114039,37,34,0.9911946988682042,0.6226851851851852
37,35,7.724806948722231,2.1358770256397412,37,35,0.031297797921300316,0.9956018518518519
37,36,45.96396065875226,5.696007263526948,37,36,0.9544934108342138,0.6240740740740741
37,37,0.0,0.0,37,37,-0.0,1.0
37,38,29.954927110446857,4.059031296966847,37,38,0.9092520078752351,0.6273148148148148
37,39,54.25960521058792,9.789906017062739,37,39,0.158489811228276,0.9641203703703703
37,40,10.361172644770846,2.5436466603272936,37,40,-0.0,1.0
37,41,40.812561726460636,5.093940953454161,37,41,0.9169201275079807,0.6268518518518519
37,42,17.003695129041667,2.481257611993092,37,42,0.5850326740258276,0.7300925925925926
37,43,56.72924300483333,7.503807574846122,37,43,0.9544934108342138,0.6240740740740741
37,44,11.553780297819431,2.714138820466611,37,44,0.006186503651555,0.9993055555555556
37,45,39.53472356748156,7.25151050424411,37,45,0.158489811228276,0.9641203703703703
37,46,51.223615261405165,6.612194696536577,37,46,0.9169201275079807,0.6268518518518519
37,47,21.155941205782387,4.091287125995888,37,47,0.005744479923572491,0.9993055555555556
37,48,23.80387914394682,3.9022572531052315,37,48,0.5850326740258276,0.7300925925925926
37,49,28.7233153481759,5.606457482675613,37,49,0.031208153979809215,0.9958333333333333
37,50,33.244589180382015,5.9684488409729095,37,50,0.031208153979809215,0.9958333333333333
37,51,25.252371118291716,4.493341832391249,37,51,0.05795556163941321,0.9898148148148148
37,52,33.786268223500045,6.311901625991723,37,52,0.049135367331910464,0.992824074074074
37,53,21.050859325553294,4.584864605470273,37,53,0.025719690207264834,0.9960648148148148
37,54,30.39785772191208,4.959388530161014,37,54,0.5898143287130138,0.7252314814814815
37,55,32.33334814483793,5.330022282705936,37,55,0.5850326740258276,0.7300925925925926
37,56,30.497860512990794,5.1660288907281195,37,56,0.6374609803596459,0.6680555555555555
37,57,53.51625896099547,9.042020430747263,37,57,0.158489811228276,0.9641203703703703
37,58,83.87181977573835,13.862062096717988,37,58,0.6733997466775282,0.7789351851851852
37,59,32.32956423907176,6.690752265715216,37,59,0.025719690207264834,0.9960648148148148
37,60,43.918474499995554,6.496018936330447,37,60,0.8100737750836815,0.6747685185185185
37,61,47.15669420933335,8.413784217536382,37,61,0.6374609803596459,0.6680555555555555
37,62,46.111741384062405,7.743535086062323,37,62,0.6733997466775282,0.7789351851851852
37,63,58.333310775902675,9.832814846625062,37,63,0.6733997466775282,0.7789351851851852
37,64,54.331787703576346,9.078391315906082,37,64,0.6733997466775282,0.7789351851851852
37,65,65.9761909981666,10.371186554869515,37,65,0.6733997466775282,0.7789351851851852
37,66,91.80098054548395,20.786572077013023,37,66,0.6733997466775282,0.7789351851851852
38,0,90.09473692290497,10.404106618862551,38,0,0.6402590017061799,0.8143518518518519
38,1,inf,,38,1,-0.0,1.0
38,2,38.76396164461547,5.708429640141282,38,2,0.09150342073778266,0.9844907407407407
38,3,36.64242765616192,5.151456074276625,38,3,0.4091982682615866,0.8701388888888889
38,4,53.64383226326857,6.765627048083267,38,4,0.5130641114505105,0.8393518518518519
38,5,38.440544811055446,5.501776481287534,38,5,1.2253509601756964,0.3696759259259259
38,6,inf,,38,6,-0.0,1.0
38,7,36.14480163843753,5.471103096043301,38,7,0.8277882127613566,0.5020833333333333
38,8,108.43018715960692,14.037887929519803,38,8,0.6434945929235805,0.8143518518518519
38,9,30.837290087819397,4.638749786829399,38,9,0.4091982682615866,0.8701388888888889
38,10,78.59304830035654,10.318692801584561,38,10,0.6402590017061799,0.8143518518518519
38,11,30.908033731016157,4.80209317368847,38,11,0.08333387030310692,0.9849537037037037
38,12,46.15082218037022,5.929124523159091,38,12,0.5130641114505105,0.8393518518518519
38,13,inf,,38,13,-0.0,1.0
38,14,69.58703147884957,9.327204787676294,38,14,0.6402590017061799,0.8143518518518519
38,15,25.1666135235741,4.237652627123119,38,15,0.08333387030310692,0.9849537037037037
38,16,89.17825058649557,11.168416363056426,38,16,0.6434945929235805,0.8143518518518519
38,17,28.69770455050928,4.769689125844077,38,17,0.7133819378503622,0.5201388888888889
38,18,73.85647640295144,9.548355644888478,38,18,0.991647348431515,0.5680555555555555
38,19,33.82065211088651,4.2515257473702475,38,19,0.29567590649564396,0.9335648148148148
38,20,20.963892822435106,4.633479957798856,38,20,0.08587234289536858,0.9856481481481482
38,21,35.4530112989213,4.7104122721670185,38,21,0.5130641114505105,0.8393518518518519
38,22,24.11057157726392,4.807660079233596,38,22,0.08587234289536858,0.9856481481481482
38,23,19.208032839999962,4.614659363952116,38,23,0.03397227447937057,0.9951388888888889
38,24,18.244266363969885,4.334959650784756,38,24,0.045748180024352963,0.992824074074074
38,25,68.56319295829637,9.855090397361037,38,25,0.2489897423385709,0.9550925925925926
38,26,43.240943449942115,5.482690771024312,38,26,1.0440088460183312,0.5444444444444444
38,27,86.83202096384721,11.853271282707569,38,27,1.005302782781412,0.5668981481481481
38,28,12.823083555712975,4.381897715699148,38,28,0.03397227447937057,0.9951388888888889
38,29,19.401745071810186,4.442127912003616,38,29,0.034855131775533975,0.9951388888888889
38,30,97.64892694947191,11.801425260212143,38,30,0.6434945929235805,0.8143518518518519
38,31,99.72488298199521,12.016786978854945,38,31,1.414748558766172,0.4798611111111111
38,32,56.809370867810216,8.755954530690502,38,32,0.1349091267383197,0.9763888888888889
38,33,9.869521946671325,3.6989148910793914,38,33,0.007392827050184505,0.9990740740740741
38,34,24.85984457648381,4.7836465680500835,38,34,0.034855131775533975,0.9951388888888889
38,35,27.47266983721988,4.4520254410416875,38,35,0.10520628260752347,0.9784722222222222
38,36,16.195007723106478,4.183807352936033,38,36,0.007392827050184505,0.9990740740740741
38,37,34.66247912456711,5.162202274221882,38,37,0.12394608131684975,0.9775462962962963
38,38,0.0,0.0,38,38,-0.0,1.0
38,39,88.69991000871764,13.481448075131624,38,39,0.35886724591335895,0.9226851851851852
38,40,45.02365176933808,6.759786957931825,38,40,0.12394608131684975,0.9775462962962963
38,41,10.860549724969848,2.014702891636309,38,41,0.0040174222145676316,0.999537037037037
38,42,32.45939835869207,4.086749109669761,38,42,0.4117755945113607,0.857175925925926
38,43,26.960290069187547,5.807308144215376,38,43,0.007392827050184505,0.9990740740740741
38,44,43.9938522523218,6.117445391897928,38,44,0.6990748197571841,0.5293981481481481
38,45,73.97502836561118,10.996212038399962,38,45,0.35886724591335895,0.9226851851851852
38,46,21.271603259914336,3.955864014275949,38,46,0.0040174222145676316,0.999537037037037
38,47,55.81842033034939,7.9247510814035,38,47,0.1296747851254601,0.9768518518518519
38,48,25.863939793837936,3.7446071935794945,38,48,0.047729252596862566,0.9921296296296296
38,49,63.28185863645379,9.246978108016629,38,49,0.16534642321467302,0.9712962962962963
38,50,67.80313246865951,9.604426140409526,38,50,0.16534642321467302,0.9712962962962963
38,51,55.28923131610639,7.342618539975792,38,51,0.6285760431980036,0.6986111111111111
38,52,68.18428818826357,9.949703153018968,38,52,0.2620911316837066,0.944212962962963
38,53,36.71554266997683,4.933129097018978,38,53,0.07567946975884077,0.9875
38,54,49.700916087349476,6.492980907286793,38,54,0.1312672722017166,0.9766203703703704
38,55,34.39340879472909,4.854023066113436,38,55,0.047729252596862566,0.9921296296296296
38,56,47.26135731492591,6.206558278784175,38,56,0.10323567403624502,0.9833333333333333
38,57,87.95656375912492,12.725922085294904,38,57,0.35886724591335895,0.9226851851851852
38,58,107.60039232939332,14.94518824575547,38,58,0.34128186680621747,0.9115740740740741
38,59,47.99424758349561,6.808157332145276,38,59,0.07567946975884077,0.9875
38,60,63.4240541976576,8.009047308409952,38,60,0.15909055566179006,0.9726851851851852
38,61,63.920191011268535,9.040386980115379,38,61,0.10323567403624502,0.9833333333333333
38,62,69.84031393771761,9.068503887154328,38,62,0.34128186680621747,0.9115740740740741
38,63,82.0618833295579,11.098911970657833,38,63,0.34128186680621747,0.9115740740740741
38,64,78.06036025723117,10.266454860566661,38,64,0.34128186680621747,0.9115740740740741
38,65,89.70476355182167,11.59688690533029,38,65,0.34128186680621747,0.9115740740740741
38,66,115.52955309913906,22.170099475103637,38,66,0.34128186680621747,0.9115740740740741
39,0,92.26886306799527,12.146161521226864,39,0,0.2297610699446138,0.9416666666666667
39,1,inf,,39,1,-0.0,1.0
39,2,92.93700407632645,12.990434269086462,39,2,1.1462710154135718,0.6766203703703704
39,3,105.19082982249775,12.002444669375194,39,3,1.447734238423822,0.5715277777777777
39,4,83.32038931790258,12.031095863691494,39,4,0.6772721966593621,0.7738425925925926
39,5,108.73642971138469,12.809239254573257,39,5,1.5991348686523912,0.55625
39,6,inf,,39,6,-0.0,1.0
39,7,110.25068494665048,12.856247031338233,39,7,1.705405737627957,0.5016203703703703
39,8,110.58350790784037,15.299097813529487,39,8,0.2766344752933698,0.9344907407407408
39,9,99.38569225415524,11.555024898716152,39,9,1.447734238423822,0.5715277777777777
39,10,80.76717444544697,12.277754758874794,39,10,0.2297610699446138,0.9416666666666667
39,11,91.83468077610881,11.010523261280177,39,11,1.3892196307677058,0.5261574074074075
39,12,75.8273792350046,11.26084380209131,39,12,0.6772721966593621,0.7738425925925926
39,13,inf,,39,13,-0.0,1.0
39,14,71.76115762393971,11.477107124200666,39,14,0.2297610699446138,0.9416666666666667
39,15,87.0539741887824,9.965090416445534,39,15,1.3429905749172006,0.5965277777777778
39,16,91.33157133472896,13.074025305731476,39,16,0.2766344752933698,0.9344907407407408
39,17,109.11508562094897,12.38812174697585,39,17,1.9200997734804783,0.3699074074074074
39,18,64.72625927139367,10.784587312663275,39,18,0.2297610699446138,0.9416666666666667
39,19,76.70366657650459,9.64764359285668,39,19,0.8336125888920669,0.7953703703703704
39,20,101.21058327597206,11.289160905190423,39,20,1.2907489152241542,0.6872685185185186
39,21,72.07668078340274,9.257089924772842,39,21,0.8336125888920669,0.7953703703703704
39,22,104.35726203080074,11.570278220886088,39,22,1.2907489152241542,0.6872685185185186
39,23,84.51431201948614,10.058541950031252,39,23,0.5490760351792712,0.8898148148148148
39,24,83.39597215640502,9.90918864261557,39,24,0.7819328444835895,0.8469907407407408
39,25,57.0190955372106,10.0346952091056,39,25,0.2297610699446138,0.9416666666666667
39,26,67.21435869049289,9.198657399969557,39,26,0.4116397956686915,0.9118055555555555
39,27,77.71949440520838,12.729553682859292,39,27,0.23546379608785095,0.9409722222222222
39,28,78.12936273519895,9.655258061921577,39,28,0.5490760351792712,0.8898148148148148
39,29,100.33598745723404,11.200124651923465,39,29,0.9957548934330458,0.7513888888888889
39,30,99.80224769770636,13.655039197257368,39,30,0.2766344752933698,0.9344907407407408
39,31,94.14983451037743,14.05136817958426,39,31,0.505905510092406,0.8731481481481481
39,32,45.11143520291421,8.561365197825946,39,32,0.2297610699446138,0.9416666666666667
39,33,90.84387736568975,10.168588413738087,39,33,0.9587005659993502,0.7548611111111111
39,34,105.79408696190754,11.766446146111443,39,34,0.9957548934330458,0.7513888888888889
39,35,64.17731949369886,8.65249029396446,39,35,0.46443436796742504,0.9018518518518519
39,36,97.16936314212492,11.342577540167003,39,36,0.9587005659993502,0.7548611111111111
39,37,56.568810051147985,8.18473880638817,39,37,0.38897910216339704,0.913425925925926
39,38,81.15109962577084,9.519718222471742,39,38,0.9206404367047598,0.7569444444444444
39,39,0.0,0.0,39,39,-0.0,1.0
39,40,44.68712299477546,6.9386151215248955,39,40,0.3184970078199872,0.9229166666666667
39,41,92.01017411262046,10.671030283694028,39,41,0.9275787155258369,0.756712962962963
39,42,67.93955134366189,8.664458954178679,39,42,0.76768021162722,0.781712962962963
39,43,107.9346454882061,13.175929935286462,39,43,0.9587005659993502,0.7548611111111111
39,44,60.22397240107158,7.6738736613553025,39,44,0.5056809099444318,0.8736111111111111
39,45,15.192824588189813,3.555092297743336,39,45,-0.0,1.0
39,46,102.42122764756482,12.2389191465256,39,46,0.9275787155258369,0.756712962962963
39,47,46.14544352739125,6.151086629562097,39,47,0.15452516699059296,0.9685185185185186
39,48,74.73973535856706,10.030334166521715,39,48,0.76768021162722,0.781712962962963
39,49,24.394903586986164,4.578258602714075,39,49,-0.0,1.0
39,50,28.91617741919213,4.943746336159869,39,50,-0.0,1.0
39,51,50.14405673738426,6.665702651221771,39,51,0.262842952857461,0.9439814814814815
39,52,20.338859810319423,4.2673040761969165,39,52,-0.0,1.0
39,53,69.73638215934035,9.378621715365338,39,53,0.5056809099444318,0.8736111111111111
39,54,53.793802431703824,8.225575378949053,39,54,0.7170354769334885,0.5645833333333333
39,55,83.26920435945816,11.405518207802642,39,55,0.76768021162722,0.781712962962963
39,56,56.12568760689354,8.571703633880704,39,56,0.7170354769334885,0.5645833333333333
39,57,29.174359981703745,5.765390682225745,39,57,-0.0,1.0
39,58,71.4978422008771,13.144780547957948,39,58,-0.0,1.0
39,59,81.01508707285885,11.461580812937516,39,59,0.5056809099444318,0.8736111111111111
39,60,38.744879528569506,7.864975883391839,39,60,0.008982631761233529,0.9988425925925926
39,61,72.78452130323609,11.680818640643608,39,61,0.7170354769334885,0.5645833333333333
39,62,33.737763809201326,7.442171247409038,39,62,-0.0,1.0
39,63,45.95933320104167,9.22029646956965,39,63,-0.0,1.0
39,64,41.95781012871531,9.015756441164509,39,64,-0.0,1.0
39,65,53.60221342330556,9.721604881424259,39,65,-0.0,1.0
39,66,79.42700297062287,20.51121750122881,39,66,-0.0,1.0
40,0,58.894893561713054,7.447423475203247,40,0,0.0327355488942556,0.9951388888888889
40,1,inf,,40,1,-0.0,1.0
40,2,53.71575554109033,6.715455702865001,40,2,1.4870227138804388,0.39351851851851855
40,3,61.12126952165051,7.105591287411704,40,3,0.955259476721816,0.6474537037037037
40,4,45.28086219803471,5.923190727342718,40,4,0.7410822048360465,0.7354166666666667
40,5,64.82827058965951,7.868092534878703,40,5,1.0346306253850004,0.6423611111111112
40,6,inf,,40,6,-0.0,1.0
40,7,66.89101913121067,7.9301679077842255,40,7,1.183523622617215,0.6233796296296297
40,8,77.21464858230567,11.283596788548923,40,8,0.07754360732518434,0.9875
40,9,55.316131953307845,6.6392598968943455,40,9,0.955259476721816,0.6474537037037037
40,10,47.393204939164384,7.371275631203339,40,10,0.0327355488942556,0.9951388888888889
40,11,48.4028908863148,5.404208175816399,40,11,0.9600480914685322,0.6444444444444445
40,12,37.787852115136594,4.98635596685701,40,12,0.7410822048360465,0.7354166666666667
40,13,inf,,40,13,-0.0,1.0
40,14,38.38718811765742,6.307954279930108,40,14,0.0327355488942556,0.9951388888888889
40,15,42.74395659766437,4.907705385463369,40,15,0.8842241315575042,0.6537037037037037
40,16,57.96271200919453,8.193539274951238,40,16,0.07754360732518434,0.9875
40,17,69.00592186872481,7.7954178335511655,40,17,2.318967815675262,0.24097222222222223
40,18,31.398796237148115,5.587555184786432,40,18,0.01715333470887332,0.9979166666666667
40,19,32.33566723102553,4.332275457722602,40,19,0.4036659407683822,0.8743055555555556
40,20,61.02217109498361,6.72935586691912,40,20,1.6642994424915745,0.4043981481481482
40,21,27.708681437923694,3.974563898955821,40,21,0.4036659407683822,0.8743055555555556
40,22,64.16884984981262,6.990471053836846,40,22,1.6642994424915745,0.4043981481481482
40,23,40.08567000166661,5.40274654600266,40,23,0.10444396405562052,0.9856481481481482
40,24,38.99147657170137,5.093010655705823,40,24,0.33280327837788604,0.9351851851851852
40,25,23.696939466481474,4.914975768050422,40,25,0.010525772841444644,0.9986111111111111
40,26,22.622635908060154,4.010316348601111,40,26,0.029544095094072687,0.9960648148148148
40,27,44.392031370962954,8.036620377310683,40,27,0.022896365860420147,0.9972222222222222
40,28,33.70072071737968,4.988253780285321,40,28,0.10444396405562052,0.9856481481481482
40,29,60.64906872418526,6.844084678536416,40,29,1.2510764257379463,0.5506944444444445
40,30,66.4333883721713,8.79560079906663,40,30,0.07754360732518434,0.9875
40,31,60.80901356060408,9.274605464276986,40,31,0.3009544404538765,0.9252314814814815
40,32,11.789279132185195,3.664854161180749,40,32,0.010525772841444644,0.9986111111111111
40,33,51.16153570928923,5.827775560143435,40,33,1.2146651841705685,0.5518518518518518
40,34,66.107168228859,7.398033954578494,40,34,1.2510764257379463,0.5506944444444445
40,35,19.677121868840292,3.7901005006131627,40,35,0.06439125766445883,0.9907407407407407
40,36,57.487021485724775,6.876600057299598,40,36,1.2146651841705685,0.5518518518518518
40,37,11.965458049736153,2.892990078864737,40,37,0.0135011900769322,0.9981481481481481
40,38,41.47518510510411,5.185137567468155,40,38,1.1732997871868647,0.5548611111111111
40,39,43.898514888583215,8.070832266226807,40,39,0.15632902613730054,0.9643518518518519
40,40,0.0,0.0,40,40,-0.0,1.0
40,41,52.33330667784746,6.241687922810632,40,41,1.180769932536324,0.5543981481481481
40,42,28.484633294064714,3.936985879808294,40,42,0.893797724328462,0.6430555555555556
40,43,68.2523038318055,8.674852530696272,40,43,1.2146651841705685,0.5518518518518518
40,44,22.43298661848378,3.4517430276674426,40,44,0.6232586053832612,0.6847222222222222
40,45,29.173633245476783,5.520540217057784,40,45,0.15632902613730054,0.9643518518518519
40,46,62.74436021279161,7.787019436792529,40,46,1.180769932536324,0.5543981481481481
40,47,10.794768561011589,2.6497147067034335,40,47,0.005744479923572491,0.9993055555555556
40,48,35.28481730896994,5.25216598745687,40,48,0.893797724328462,0.6430555555555556
40,49,18.36262560496756,4.097252917742458,40,49,0.02977833820046416,0.9958333333333333
40,50,22.8838994371736,4.431922508546023,40,50,0.02977833820046416,0.9958333333333333
40,51,14.937199617203706,3.0556473907326898,40,51,0.005744479923572491,0.9993055555555556
40,52,23.425660803057852,4.726814098099417,40,52,0.04567498134605721,0.9930555555555556
40,53,31.94369104574082,5.385420947067501,40,53,0.6285605420557646,0.6842592592592592
40,54,20.99593653691438,3.7064071051247818,40,54,0.015669949601967097,0.9979166666666667
40,55,43.814286309861195,6.600472028192105,40,55,0.893797724328462,0.6430555555555556
40,56,23.317710828784715,3.9746965027534684,40,56,0.025297627686566338,0.9962962962962963
40,57,43.15516863899083,7.346646545110509,40,57,0.15632902613730054,0.9643518518518519
40,58,73.7089865687198,12.29282841955064,40,58,0.4847678306799749,0.8141203703703703
40,59,43.2223959592594,7.536876578399358,40,59,0.6285605420557646,0.6842592592592592
40,60,34.3252421912338,4.916360483449353,40,60,0.3460163325534299,0.8925925925925926
40,61,39.97654452512726,7.057472273428781,40,61,0.025297627686566338,0.9962962962962963
40,62,35.94890817704402,6.064833663518779,40,62,0.4847678306799749,0.8141203703703703
40,63,48.17047756888421,8.208913553908987,40,63,0.4847678306799749,0.8141203703703703
40,64,44.168954496557745,7.434414263154359,40,64,0.4847678306799749,0.8141203703703703
40,65,55.8133577911481,8.759315064822642,40,65,0.4847678306799749,0.8141203703703703
40,66,81.63814733846561,19.72000794788169,40,66,0.4847678306799749,0.8141203703703703
41,0,95.58785431743527,11.029295614399759,41,0,0.6364311056725845,0.8273148148148148
41,1,inf,,41,1,-0.0,1.0
41,2,49.15779226437969,6.25941828064299,41,2,0.14891834376460544,0.9738425925925925
41,3,47.13236000586351,5.817641050373644,41,3,0.4156398419000717,0.8701388888888889
41,4,59.15702024231253,7.428704110602041,41,4,0.47288565287698914,0.8578703703703704
41,5,48.944237976462944,6.305210465808162,41,5,1.2328085455474678,0.3696759259259259
41,6,inf,,41,6,-0.0,1.0
41,7,46.65247186658315,6.258872764745318,41,7,0.8375580614159042,0.5011574074074074
41,8,113.9233045541367,14.40273192834187,41,8,0.6396485788926584,0.8273148148148148
41,9,41.32722243752083,5.2884918376330585,41,9,0.4156398419000717,0.8701388888888889
41,10,84.08616569488646,10.968795798729062,41,10,0.6364311056725845,0.8273148148148148
41,11,41.36884854096278,5.382093405361229,41,11,0.11738495031250222,0.9803240740740741
41,12,51.66401015941432,6.498817363062761,41,12,0.47288565287698914,0.8578703703703704
41,13,inf,,41,13,-0.0,1.0
41,14,75.0801488733797,9.91560263417111,41,14,0.6364311056725845,0.8273148148148148
41,15,35.62906210962264,4.701679636618799,41,15,0.11559554659159646,0.9803240740740741
41,16,94.67136798102554,11.855861239333647,41,16,0.6396485788926584,0.8273148148148148
41,17,39.2121638469722,5.494857189729433,41,17,0.720827018263677,0.5196759259259259
41,18,79.18738665712014,10.163232742700652,41,18,1.2174507194032813,0.4925925925925926
41,19,42.86226450382633,4.6271815502510245,41,19,0.707868066197987,0.649537037037037
41,20,31.47985836546767,5.146936334528972,41,20,0.09327459439644475,0.9847222222222223
41,21,40.9661992779652,5.051203946498997,41,21,0.47288565287698914,0.8578703703703704
41,22,34.62653712029632,5.353677622337919,41,22,0.09327459439644475,0.9847222222222223
41,23,29.622548831497657,4.537624815488366,41,23,0.0611257856952354,0.9891203703703704
41,24,28.69081678133559,4.499186467771921,41,24,0.07245081851959213,0.9884259259259259
41,25,73.69605621775929,10.248206606805875,41,25,0.6784431937482905,0.8069444444444445
41,26,48.639699807050796,5.9066963814868325,41,26,1.1928647311372564,0.5479166666666667
41,27,92.16293121801657,12.48292615592393,41,27,1.230859170307412,0.4914351851851852
41,28,23.237599547210674,4.172741580280423,41,28,0.0611257856952354,0.9891203703703704
41,29,29.92976678412265,5.022471088939199,41,29,0.03939097815370894,0.9946759259259259
41,30,103.14204434400254,12.496553588555965,41,30,0.6396485788926584,0.8273148148148148
41,31,105.13642524535663,12.771156636964996,41,31,1.5297420471190253,0.4888888888888889
41,32,61.919476511793796,8.992824574048894,41,32,0.5901151805071418,0.8217592592592593
41,33,20.399239859291626,4.170378282084784,41,33,0.013657344137656856,0.9983796296296297
41,34,35.387866288796246,5.442392276317903,41,34,0.03939097815370894,0.9946759259259259
41,35,32.69145009374074,4.310570660677049,41,35,0.38612259893353157,0.8701388888888889
41,36,26.724725635726937,4.832184929643253,41,36,0.013657344137656856,0.9983796296296297
41,37,39.772097801402914,5.182599726830599,41,37,0.5795800487364086,0.8226851851851852
41,38,10.560905943583313,2.044678520743503,41,38,-0.0,1.0
41,39,90.87542788158096,13.153946966319362,41,39,0.9501066014175256,0.6074074074074074
41,40,50.13327044617361,6.931343404553601,41,40,0.5795800487364086,0.8226851851851852
41,41,0.0,0.0,41,41,-0.0,1.0
41,42,22.05160124718521,3.2939595542199323,41,42,0.012030099389652566,0.9983796296296297
41,43,37.490007981807736,6.503533909318503,41,43,0.013657344137656856,0.9983796296296297
41,44,35.45957083578703,5.4938355160131085,41,44,0.035352106230510535,0.9944444444444445
41,45,76.15054623847422,10.549529973657677,41,45,0.9501066014175256,0.6074074074074074
41,46,10.411053534944497,2.5233933481828257,41,46,-0.0,1.0
41,47,60.92803900718517,8.100349474528922,41,47,0.5851889338347341,0.8219907407407407
41,48,15.04309165895831,2.923710316575639,41,48,0.0021691886415661126,0.9997685185185186
41,49,68.13047825150001,9.397830918936336,41,49,0.8115876313237684,0.7569444444444444
41,50,72.65175208370576,9.777832932458391,41,50,0.8115876313237684,0.7569444444444444
41,51,45.67347927657166,6.420639694859769,41,51,0.0339967462181741,0.9949074074074075
41,52,70.31025060045845,9.38271254648155,41,52,0.9038873380234128,0.6101851851851852
41,53,25.928198359759303,4.0932837556213455,41,53,0.006186503651555,0.9993055555555556
41,54,38.96956177722437,5.537126802523389,41,54,0.008034629995147417,0.9990740740740741
41,55,23.572560659849525,3.7744071042999416,41,55,0.0021691886415661126,0.9997685185185186
41,56,36.49180891604179,5.27545690072325,41,56,0.006186503651555,0.9993055555555556
41,57,90.13208163198826,12.312780807992395,41,57,0.9501066014175256,0.6074074074074074
41,58,97.21848564105797,13.806052843769322,41,58,0.04213599571042451,0.9942129629629629
41,59,37.20690327327781,5.748139812435711,41,59,0.006186503651555,0.9993055555555556
41,60,52.72971309195373,7.056468410266051,41,60,0.016068401856783848,0.9981481481481481
41,61,53.150642612384196,7.952435849138304,41,61,0.006186503651555,0.9993055555555556
41,62,59.45840724938205,8.043870876920957,41,62,0.04213599571042451,0.9942129629629629
41,63,71.67997664122225,10.073166420472964,41,63,0.04213599571042451,0.9942129629629629
41,64,67.67845356889573,9.123485132933256,41,64,0.04213599571042451,0.9942129629629629
41,65,79.32285686348587,10.552633540469879,41,65,0.04213599571042451,0.9942129629629629
41,66,105.14764641080325,21.41143340002285,41,66,0.04213599571042451,0.9942129629629629
42,0,73.99007459439562,9.747512067190879,42,0,0.14780086808789145,0.9668981481481481
42,1,inf,,42,1,-0.0,1.0
42,2,45.51391012143957,6.225938196233363,42,2,1.1674021532991214,0.4951388888888889
42,3,48.50475972604405,5.318364321043449,42,3,0.9154119426902253,0.6613425925925925
42,4,37.54551972621993,5.841518898551081,42,4,-0.0,1.0
42,5,50.84579886852083,5.967825981424475,42,5,1.5316631450044575,0.300462962962963
42,6,inf,,42,6,-0.0,1.0
42,7,49.04963610084269,5.908679109954142,42,7,1.0531654317865304,0.47291666666666665
42,8,92.3255248310971,13.234663865703151,42,8,0.151161585478082,0.9668981481481481
42,9,42.69962215770141,4.777086732049134,42,9,0.9154119426902253,0.6613425925925925
42,10,62.48838597184732,9.61197426117625,42,10,0.14780086808789145,0.9668981481481481
42,11,39.56859181426597,4.640527556362572,42,11,0.967832854808172,0.6122685185185185
42,12,30.05250964332177,4.849963192958074,42,12,-0.0,1.0
42,13,inf,,42,13,-0.0,1.0
42,14,53.48236915034016,8.515373883489803,42,14,0.14780086808789145,0.9668981481481481
42,15,33.84065458965054,3.8572382437862482,42,15,0.9330924888094138,0.6171296296296296
42,16,73.07358825798619,10.500900867994023,42,16,0.151161585478082,0.9668981481481481
42,17,41.966252264458326,5.376991474651023,42,17,0.8071681338403259,0.5131944444444444
42,18,57.62381630462724,8.537409781829465,42,18,0.6803174400563877,0.5944444444444444
42,19,23.98168455497458,3.7307275915711005,42,19,-0.0,1.0
42,20,34.19105247732183,5.127773482657953,42,20,0.1791448064729357,0.9694444444444444
42,21,19.354698761872697,3.244149674696541,42,21,-0.0,1.0
42,22,37.33773123215031,5.29159185225556,42,22,0.1791448064729357,0.9694444444444444
42,23,30.028838965768593,3.655827671097898,42,23,0.6954250853472802,0.5263888888888889
42,24,29.057583868414348,3.528628617529261,42,24,0.7925298417451485,0.5113425925925926
42,25,52.16131146637503,8.500956654275807,42,25,0.11199977993335833,0.9775462962962963
42,26,27.075476347342548,4.083694666103264,42,26,0.6562651743128672,0.6412037037037037
42,27,70.59936086552311,10.999856473208586,42,27,0.6938214080497566,0.593287037037037
42,28,23.643889681481514,3.0675630156336315,42,28,0.6954250853472802,0.5263888888888889
42,29,32.760933106789466,5.360557850621652,42,29,0.11201728630189742,0.9831018518518518
42,30,81.54426462096265,11.141075799362211,42,30,0.151161585478082,0.9668981481481481
42,31,83.56615544253015,11.321756527588416,42,31,1.0161980253765048,0.5682870370370371
42,32,40.38549378396987,7.314154329342966,42,32,0.022559440899734537,0.9972222222222222
42,33,23.25872942408101,4.810632374908632,42,33,0.0832728747993358,0.9868055555555556
42,34,38.219032611462914,5.626725306218895,42,34,0.11201728630189742,0.9831018518518518
42,35,11.034796959736132,2.34076723772757,42,35,-0.0,1.0
42,36,29.5842152005162,5.202101486550332,42,36,0.0832728747993358,0.9868055555555556
42,37,18.23811507357877,3.2917225657181355,42,37,0.011151552298203402,0.9986111111111111
42,38,13.496511625372674,3.8559595541272365,42,38,0.05148470799612575,0.9909722222222223
42,39,72.36240745092603,12.283828318329109,42,39,0.2727131823960488,0.9405092592592592
42,40,28.599287718349565,5.101133652237478,42,40,0.011151552298203402,0.9986111111111111
42,41,24.357061350342548,4.404435684469311,42,41,0.05549793072710615,0.9905092592592593
42,42,0.0,0.0,42,42,-0.0,1.0
42,43,40.34949754659731,6.5697483889910515,42,43,0.0832728747993358,0.9868055555555556
42,44,26.593155896488508,4.855761139746939,42,44,0.5639286855286016,0.7502314814814814
42,45,57.63752580781941,9.693392215292743,42,45,0.2727131823960488,0.9405092592592592
42,46,34.76811488528706,5.451516592388631,42,46,0.05549793072710615,0.9905092592592593
42,47,39.39405627936116,6.348257189490398,42,47,0.01689506670966706,0.9979166666666667
42,48,6.800184014905076,1.828508281506004,42,48,-0.0,1.0
42,49,46.89094735723843,7.794181714663191,42,49,0.060436941836189605,0.9900462962962963
42,50,51.41222118944444,8.171400354548547,42,50,0.060436941836189605,0.9900462962962963
42,51,37.1523655822268,6.115953968890003,42,51,0.3200490506638933,0.9030092592592592
42,52,51.8416981176528,8.592938950535398,42,52,0.17125659430403645,0.9622685185185185
42,53,17.685603218750035,3.444084299060033,42,53,0.005744479923572491,0.9993055555555556
42,54,30.719187753645816,5.231330894019701,42,54,0.0258271776960107,0.9962962962962963
42,55,15.329653015796282,3.407862800727916,42,55,-0.0,1.0
42,56,28.24661361378475,4.894385721808127,42,56,0.011488477258889013,0.9986111111111111
42,57,71.61906120133328,11.463578138981978,42,57,0.2727131823960488,0.9405092592592592
42,58,88.85084603330998,13.945717032425534,42,58,0.14365403633899548,0.9694444444444444
42,59,28.96430813226859,5.612240699540833,42,59,0.005744479923572491,0.9993055555555556
42,60,44.46126548654638,6.794325545004797,42,60,0.04349533304472261,0.99375
42,61,44.90544731012752,8.00061097328028,42,61,0.011488477258889013,0.9986111111111111
42,62,51.09076764163438,7.90398939182765,42,62,0.14365403633899548,0.9694444444444444
42,63,63.31233703347456,10.022094197614065,42,63,0.14365403633899548,0.9694444444444444
42,64,59.31081396114813,9.106863526757866,42,64,0.14365403633899548,0.9694444444444444
42,65,70.95521725573833,10.533049262435526,42,65,0.14365403633899548,0.9694444444444444
42,66,96.78000680305558,21.212093389160675,42,66,0.14365403633899548,0.9694444444444444
43,0,116.558834756771,12.98836591323781,43,0,1.0059907565553887,0.6236111111111111
43,1,inf,,43,1,-0.0,1.0
43,2,65.03842161023853,9.739541094839527,43,2,0.5310059380089571,0.8127314814814814
43,3,46.10895334066431,8.068610069649777,43,3,0.11699061546654714,0.9800925925925926
43,4,80.1004836857988,9.916192630289293,43,4,0.8723319707778711,0.6460648148148148
43,5,47.454677586224406,8.075841608377774,43,5,1.087350160461276,0.3875
43,6,inf,,43,6,-0.0,1.0
43,7,45.07776707826156,7.950728913761871,43,7,0.7842854273972653,0.5060185185185185
43,8,134.89433742847916,16.213076774210588,43,8,1.0072800015863876,0.6236111111111111
43,9,40.30381577232187,7.6843624970802145,43,9,0.11699061546654714,0.9800925925925926
43,10,105.05714613422221,13.025848971014241,43,10,1.0059907565553887,0.6236111111111111
43,11,57.17512901176625,8.86364181158622,43,11,0.5288846883394618,0.812962962962963
43,12,72.60747360290053,9.174949053177198,43,12,0.8723319707778711,0.6460648148148148
43,13,inf,,43,13,-0.0,1.0
43,14,96.05112931271518,12.118113826049173,43,14,1.0059907565553887,0.6236111111111111
43,15,51.43370880432404,8.238716570315786,43,15,0.5288846883394618,0.812962962962963
43,16,115.64240085536814,13.848351754061612,43,16,1.0072800015863876,0.6236111111111111
43,17,37.57983644632167,7.163240344491892,43,17,0.6941983598796555,0.5217592592592593
43,18,100.64117685268732,12.38662274180092,43,18,1.4123134403530349,0.449537037037037
43,19,60.019792482923656,8.374939975224489,43,19,0.7346352768745759,0.7668981481481482
43,20,29.84586643585648,6.866694775106412,43,20,0.06425020017838225,0.9884259259259259
43,21,61.90966272145148,8.05926434047963,43,21,0.8723319707778711,0.6460648148148148
43,22,32.99254519068521,7.007702635871752,43,22,0.06425020017838225,0.9884259259259259
43,23,51.5235478257523,7.256121346959032,43,23,0.13961624019813626,0.9729166666666667
43,24,50.06957640375467,7.032147050342423,43,24,0.3595088153738926,0.8916666666666667
43,25,95.67080857467616,12.369278302938918,43,25,0.7499214481403447,0.7986111111111112
43,26,69.78466767849048,8.642912386155633,43,26,1.420776969922661,0.41712962962962963
43,27,113.61626889975695,14.452533148447463,43,27,1.4275601058340883,0.44837962962962963
43,28,45.13859854146512,6.987475142733712,43,28,0.13961624019813626,0.9729166666666667
43,29,28.25334906294444,6.265461441813505,43,29,0.025297627686566338,0.9962962962962963
43,30,124.11307721834493,14.45113973221901,43,30,1.0072800015863876,0.6236111111111111
43,31,126.37172562469932,14.677039285558088,43,31,1.814265189829778,0.3773148148148148
43,32,83.95319919701151,11.242490299104174,43,32,0.6403711898785318,0.8173611111111111
43,33,18.712504589261595,5.645271104341441,43,33,0.0021691886415661126,0.9997685185185186
43,34,33.71144856761812,6.656402933200576,43,34,0.025297627686566338,0.9962962962962963
43,35,54.727684027641054,7.457978186879249,43,35,0.43441221526188334,0.8648148148148148
43,36,11.560003602692142,4.868450421847851,43,36,-0.0,1.0
43,37,61.80674499681698,8.115851853885891,43,37,0.6295298289343866,0.8182870370370371
43,38,32.66100895616201,6.277196630106863,43,38,0.0021691886415661126,0.9997685185185186
43,39,112.92659117842167,15.18814160007221,43,39,0.9900588512251137,0.6053240740740741
43,40,72.16791764158816,9.584097597271258,43,40,0.6295298289343866,0.8182870370370371
43,41,22.101008086645876,5.754478276547418,43,41,-0.0,1.0
43,42,44.13401539587733,6.8688444862242175,43,42,0.022117417171752026,0.9972222222222222
43,43,0.0,0.0,43,43,-0.0,1.0
43,44,57.54437586923599,8.500195372697277,43,44,0.050825323897283343,0.992824074074074
43,45,98.20170953531492,12.751360499464967,43,45,0.9900588512251137,0.6053240740740741
43,46,32.51206162159029,6.462741579328718,43,46,-0.0,1.0
43,47,82.96268620259931,10.500124498441071,43,47,0.6351349899353786,0.8175925925925925
43,48,37.13790281318292,6.661665161636997,43,48,0.013578687176177506,0.9983796296296297
43,49,90.16615825359719,11.732206032413842,43,49,0.8564124932784404,0.7534722222222222
43,50,94.68743208580321,12.079854169737848,43,50,0.8564124932784404,0.7534722222222222
43,51,67.75801770565272,9.152359131670732,43,51,0.0452369861508351,0.99375
43,52,92.36231369027318,11.70491207646028,43,52,0.942403562153911,0.6081018518518518
43,53,48.02054493359947,7.450966103364417,43,53,0.014220490121140418,0.9983796296296297
43,54,61.061908351064794,8.48900094439979,43,54,0.016068401856783848,0.9981481481481481
43,55,45.667371814074095,7.219253937126822,43,55,0.013578687176177506,0.9983796296296297
43,56,58.58415548988193,8.271798314508436,43,56,0.014220490121140418,0.9983796296296297
43,57,112.18324492882887,14.36771331581591,43,57,0.9900588512251137,0.6053240740740741
43,58,119.30711836307411,15.741789513468042,43,58,0.05165725825841167,0.993287037037037
43,59,59.299249847118084,8.80775015691479,43,59,0.014220490121140418,0.9983796296296297
43,60,74.82205966579427,9.689036376511943,43,60,0.024101314788866623,0.9972222222222222
43,61,75.24298918622468,10.45775370570498,43,61,0.014220490121140418,0.9983796296296297
43,62,81.54703997139806,10.52863614696008,43,62,0.05165725825841167,0.993287037037037
43,63,93.76860936323874,12.257135900492612,43,63,0.05165725825841167,0.993287037037037
43,64,89.76708629091202,11.459619738721225,43,64,0.05165725825841167,0.993287037037037
43,65,101.41148958550241,12.691299206490376,43,65,0.05165725825841167,0.993287037037037
43,66,127.23627913281916,22.92156075695486,43,66,0.05165725825841167,0.993287037037037
44,0,77.74480791806722,9.370028525751838,44,0,1.0863117335827228,0.5291666666666667
44,1,inf,,44,1,-0.0,1.0
44,2,52.11991161014126,6.822953755661776,44,2,1.890869737618551,0.26643518518518516
44,3,55.965411118384175,6.222744915318291,44,3,1.3103004081101293,0.5768518518518518
44,4,43.9876466339886,6.162527192698703,44,4,0.8657005720674705,0.5266203703703703
44,5,58.45435040618062,6.981324041213431,44,5,1.7938710456816314,0.26458333333333334
44,6,inf,,44,6,-0.0,1.0
44,7,56.917364327520815,6.9543022609844485,44,7,1.2204395208313898,0.4548611111111111
44,8,96.07376779698846,13.01152013696018,44,8,1.1072036545385622,0.5268518518518519
44,9,50.1602735500415,5.704925488060307,44,9,1.3103004081101293,0.5768518518518518
44,10,66.24311929551857,9.327640310086666,44,10,1.0863117335827228,0.5291666666666667
44,11,46.29003156371305,5.297253599840593,44,11,1.5975271619290234,0.37060185185185185
44,12,36.49463655109028,5.1987544400996,44,12,0.8657005720674705,0.5266203703703703
44,13,inf,,44,13,-0.0,1.0
44,14,57.237102474011635,8.228294570856193,44,14,1.0863117335827228,0.5291666666666667
44,15,40.56304678018272,4.519151878202907,44,15,1.559849149943305,0.37245370370370373
44,16,76.8218312238775,10.259119065366793,44,16,1.1072036545385622,0.5268518518518519
44,17,50.00034907493071,6.388367559455529,44,17,0.8623529154059895,0.5094907407407407
44,18,52.67239446292825,8.191026632631592,44,18,0.18132236478079847,0.9659722222222222
44,19,30.423811462743092,4.135928924246218,44,19,0.8657005720674705,0.5266203703703703
44,20,42.22109275158561,5.869641296298284,44,20,0.2355498405112825,0.9627314814814815
44,21,25.79682566964122,3.648093460620406,44,21,0.8657005720674705,0.5266203703703703
44,22,45.36777150641431,6.069990455428493,44,22,0.2355498405112825,0.9627314814814815
44,23,37.12931708542361,4.479408082361374,44,23,1.0876327667212387,0.41388888888888886
44,24,36.13544950362728,4.351485749958485,44,24,1.224333030196602,0.3974537037037037
44,25,45.15760693621524,7.7138784448480795,44,25,0.047891837934581336,0.993287037037037
44,26,21.759201257504685,3.9332192579709746,44,26,0.053117964165409176,0.9916666666666667
44,27,65.65750004436109,10.49835636915677,44,27,0.1861521691636673,0.9657407407407408
44,28,30.744367801136562,3.925828197830918,44,28,1.0876327667212387,0.41388888888888886
44,29,40.82033184384489,6.132328420933556,44,29,0.14839823824723647,0.9784722222222222
44,30,85.29250758685419,10.934427715389763,44,30,1.1072036545385622,0.5268518518518519
44,31,81.56961485107404,11.496561025634506,44,31,0.716604648869196,0.8331018518518518
44,32,33.2684817293194,6.41528133224043,44,32,0.032332519974014054,0.9953703703703703
44,33,31.319348002168933,5.437317248129907,44,33,0.12046757987905683,0.9819444444444444
44,34,46.278431348518424,6.467562918662133,44,34,0.14839823824723647,0.9784722222222222
44,35,17.54807353954174,2.799573110179359,44,35,0.6854877514840565,0.5618055555555556
44,36,37.64483377860411,6.016363193728485,44,36,0.12046757987905683,0.9819444444444444
44,37,11.118029952363436,2.5612239589046824,44,37,0.021811258609293675,0.9967592592592592
44,38,21.576118111064833,4.508953211995446,44,38,0.08709463908926517,0.9858796296296296
44,39,65.21301623976628,11.173779159787529,44,39,0.2997535641419387,0.9310185185185185
44,40,21.47920259713429,4.222663236650378,44,40,0.021811258609293675,0.9967592592592592
44,41,32.436667836034694,5.22978387211767,44,41,0.0911054759669044,0.9854166666666667
44,42,8.110334298925926,2.064765879837848,44,42,0.020476670688374877,0.9969907407407408
44,43,48.41011612468505,7.4819176015076945,44,43,0.12046757987905683,0.9819444444444444
44,44,0.0,0.0,44,44,-0.0,1.0
44,45,50.488134596659734,8.613851475436341,44,45,0.2997535641419387,0.9310185185185185
44,46,42.847721370979286,6.395603471413375,44,46,0.0911054759669044,0.9854166666666667
44,47,32.27397115814589,5.479555314642941,44,47,0.027553483579565236,0.9960648148148148
44,48,14.910518313831027,3.2130335078032695,44,48,0.020476670688374877,0.9969907407407408
44,49,39.769710592523126,6.802399616241214,44,49,0.06702778751990832,0.9888888888888889
44,50,44.290984424729224,7.179713394961484,44,50,0.06702778751990832,0.9888888888888889
44,51,29.12557998648378,5.228686679455858,44,51,0.2197735029596986,0.9425925925925925
44,52,44.691693835548556,7.537803395410928,44,52,0.19740358981557843,0.9527777777777777
44,53,9.512409758268502,2.5332950585215035,44,53,-0.0,1.0
44,54,22.554817770671356,4.279423958525842,44,54,-0.0,1.0
44,55,23.439987314722206,4.614066318331778,44,55,0.020476670688374877,0.9969907407407408
44,56,20.076020314550924,3.9348991228368844,44,56,-0.0,1.0
44,57,64.46966999017364,10.387948698406005,44,57,0.2997535641419387,0.9310185185185185
44,58,80.74908813101132,13.118073536206785,44,58,0.08191953450889036,0.9840277777777777
44,59,20.791114671787053,4.787071254587202,44,59,-0.0,1.0
44,60,36.30976988908573,5.896229054762368,44,60,0.0135011900769322,0.9981481481481481
44,61,36.734854010893514,7.169080447251323,44,61,-0.0,1.0
44,62,42.98900973933567,6.991912702957424,44,62,0.08191953450889036,0.9840277777777777
44,63,55.21057913117583,9.167840933506342,44,63,0.08191953450889036,0.9840277777777777
44,64,51.20905605884953,8.176194948041772,44,64,0.08191953450889036,0.9840277777777777
44,65,62.85345935343973,9.69477341818031,44,65,0.08191953450889036,0.9840277777777777
44,66,88.67824890075688,20.59827997281115,44,66,0.08191953450889036,0.9840277777777777
45,0,77.07603847980556,10.024213416020888,45,0,0.2297610699446138,0.9416666666666667
45,1,inf,,45,1,-0.0,1.0
45,2,77.74417948813645,10.668723271861504,45,2,1.1462710154135718,0.6766203703703704
45,3,89.99800523430801,9.659703259904811,45,3,1.447734238423822,0.5715277777777777
45,4,68.12756472971301,9.729774205323992,45,4,0.6772721966593621,0.7738425925925926
45,5,93.54360512319452,10.440786139172532,45,5,1.5991348686523912,0.55625
45,6,inf,,45,6,-0.0,1.0
45,7,95.05786035846077,10.430864707311107,45,7,1.705405737627957,0.5016203703703703
45,8,95.39068331965032,13.409732463678864,45,8,0.2766344752933698,0.9344907407407408
45,9,84.19286766596535,9.22235796025242,45,9,1.447734238423822,0.5715277777777777
45,10,65.57434985725703,10.067444216794444,45,10,0.2297610699446138,0.9416666666666667
45,11,76.64185618791905,8.616181821099655,45,11,1.3892196307677058,0.5261574074074075
45,12,60.634554646814756,8.912834115159319,45,12,0.6772721966593621,0.7738425925925926
45,13,inf,,45,13,-0.0,1.0
45,14,56.568333035750115,9.173571724551044,45,14,0.2297610699446138,0.9416666666666667
45,15,71.86114960059238,7.676487330469276,45,15,1.3429905749172006,0.5965277777777778
45,16,76.13874674653935,10.884982159852656,45,16,0.2766344752933698,0.9344907407407408
45,17,93.92226103275907,9.981076759565438,45,17,1.9200997734804783,0.3699074074074074
45,18,49.53343468320364,8.423617422060225,45,18,0.2297610699446138,0.9416666666666667
45,19,61.51084198831487,7.340611743567012,45,19,0.8336125888920669,0.7953703703703704
45,20,86.01775868778218,8.919534395505377,45,20,1.2907489152241542,0.6872685185185186
45,21,56.883856195212985,6.971309633996818,45,21,0.8336125888920669,0.7953703703703704
45,22,89.16443744261102,9.186824805409321,45,22,1.2907489152241542,0.6872685185185186
45,23,69.32148743129635,7.882111440332098,45,23,0.5490760351792712,0.8898148148148148
45,24,68.20314756821543,7.698374267964019,45,24,0.7819328444835895,0.8469907407407408
45,25,41.82627094902081,7.680007307028879,45,25,0.2297610699446138,0.9416666666666667
45,26,52.02153410230326,6.974009166641191,45,26,0.4116397956686915,0.9118055555555555
45,27,62.52666981701871,10.506692513868057,45,27,0.23546379608785095,0.9409722222222222
45,28,62.93653814700937,7.492486132024061,45,28,0.5490760351792712,0.8898148148148148
45,29,85.14316286904422,8.89015241108688,45,29,0.9957548934330458,0.7513888888888889
45,30,84.60942310951631,11.472098654682224,45,30,0.2766344752933698,0.9344907407407408
45,31,78.95700992218751,11.846326461752561,45,31,0.505905510092406,0.8731481481481481
45,32,29.918610614724532,6.193030177372062,45,32,0.2297610699446138,0.9416666666666667
45,33,75.65105277749998,7.888389888019662,45,33,0.9587005659993502,0.7548611111111111
45,34,90.60126237371811,9.449857725632045,45,34,0.9957548934330458,0.7513888888888889
45,35,48.984494905509294,6.5380504917816324,45,35,0.46443436796742504,0.9018518518518519
45,36,81.97653855393519,8.97784606596693,45,36,0.9587005659993502,0.7548611111111111
45,37,41.37598546295812,6.019376822719669,45,37,0.38897910216339704,0.913425925925926
45,38,65.95827503758093,7.1797744099279965,45,38,0.9206404367047598,0.7569444444444444
45,39,14.72488164310645,3.435573356428217,45,39,-0.0,1.0
45,40,29.494298406585685,4.816697098192431,45,40,0.3184970078199872,0.9229166666666667
45,41,76.81734952443041,8.267731205383031,45,41,0.9275787155258369,0.756712962962963
45,42,52.746726755472174,6.152952995609068,45,42,0.76768021162722,0.781712962962963
45,43,92.74182090001624,10.745491511121957,45,43,0.9587005659993502,0.7548611111111111
45,44,45.03114781288182,5.10986825109143,45,44,0.5056809099444318,0.8736111111111111
45,45,0.0,0.0,45,45,-0.0,1.0
45,46,87.2284030593748,9.790620866669354,45,46,0.9275787155258369,0.756712962962963
45,47,30.952618939201425,3.6627032920475773,45,47,0.15452516699059296,0.9685185185185186
45,48,59.546910770377245,7.433869654153708,45,48,0.76768021162722,0.781712962962963
45,49,9.202078998796287,1.4728839084711773,45,49,-0.0,1.0
45,50,13.723352831002323,1.9585970572527887,45,50,-0.0,1.0
45,51,34.95123214919446,4.065134351014899,45,51,0.262842952857461,0.9439814814814815
45,52,5.146035222129623,1.0207016186281757,45,52,-0.0,1.0
45,53,54.54355757115048,6.791965640017884,45,53,0.5056809099444318,0.8736111111111111
45,54,38.600977843514016,5.542380967237425,45,54,0.7170354769334885,0.5645833333333333
45,55,68.07637977126868,8.76974297840774,45,55,0.76768021162722,0.781712962962963
45,56,40.9328630187036,5.899196664854702,45,56,0.7170354769334885,0.5645833333333333
45,57,13.981535393513854,3.3550418059155476,45,57,-0.0,1.0
45,58,56.30501761268762,10.699575410284167,45,58,-0.0,1.0
45,59,65.82226248466884,8.88699654336915,45,59,0.5056809099444318,0.8736111111111111
45,60,23.552054940379637,4.970642586647538,45,60,0.008982631761233529,0.9988425925925926
45,61,57.59169671504618,9.123160630838218,45,61,0.7170354769334885,0.5645833333333333
45,62,18.544939221011568,4.504880006882525,45,62,-0.0,1.0
45,63,30.766508612851794,6.561624221792923,45,63,-0.0,1.0
45,64,26.764985540525373,6.110779934661901,45,64,-0.0,1.0
45,65,38.409388835115806,7.094338517874439,45,65,-0.0,1.0
45,66,64.23417838243283,18.76574836793941,45,66,-0.0,1.0
46,0,106.8690261716779,12.800698287805774,46,0,0.6364311056725845,0.8273148148148148
46,1,inf,,46,1,-0.0,1.0
46,2,60.43896411862265,8.216917737766074,46,2,0.14891834376460544,0.9738425925925925
46,3,58.41353186010651,7.666240495442864,46,3,0.4156398419000717,0.8701388888888889
46,4,70.43819209655568,9.476738871612909,46,4,0.47288565287698914,0.8578703703703704
46,5,60.22540983070616,8.37788804572152,46,5,1.2328085455474678,0.3696759259259259
46,6,inf,,46,6,-0.0,1.0
46,7,57.933643720826566,8.309646515237354,46,7,0.8375580614159042,0.5011574074074074
46,8,125.20447640837959,16.038427809011974,46,8,0.6396485788926584,0.8273148148148148
46,9,52.60839429176403,7.141932224138123,46,9,0.4156398419000717,0.8701388888888889
46,10,95.36733754912957,12.821241284397635,46,10,0.6364311056725845,0.8273148148148148
46,11,52.650020395206056,7.225508284642319,46,11,0.11738495031250222,0.9803240740740741
46,12,62.94518201365747,8.560305921312429,46,12,0.47288565287698914,0.8578703703703704
46,13,inf,,46,13,-0.0,1.0
46,14,86.3613207276223,11.821699749484159,46,14,0.6364311056725845,0.8273148148148148
46,15,46.910233963865785,6.442529522862795,46,15,0.11559554659159646,0.9803240740740741
46,16,105.95253983526852,13.719198043865784,46,16,0.6396485788926584,0.8273148148148148
46,17,50.49333570121532,7.409651572790242,46,17,0.720827018263677,0.5196759259259259
46,18,90.46855851136328,12.23294792902972,46,18,1.2174507194032813,0.4925925925925926
46,19,54.14343635806936,6.738438739042708,46,19,0.707868066197987,0.649537037037037
46,20,42.761030219710506,6.630506102126224,46,20,0.09327459439644475,0.9847222222222223
46,21,52.24737113220825,7.148891820853371,46,21,0.47288565287698914,0.8578703703703704
46,22,45.90770897453934,6.883053699888667,46,22,0.09327459439644475,0.9847222222222223
46,23,40.90372068574069,6.064497128795981,46,23,0.0611257856952354,0.9891203703703704
46,24,39.97198863557854,6.0624219230501195,46,24,0.07245081851959213,0.9884259259259259
46,25,84.97722807200242,12.312497690909622,46,25,0.6784431937482905,0.8069444444444445
46,26,59.92087166129383,8.016616102983892,46,26,1.1928647311372564,0.5479166666666667
46,27,103.4441030722591,14.443450995534779,46,27,1.230859170307412,0.4914351851851852
46,28,34.51877140145373,5.638605494735039,46,28,0.0611257856952354,0.9891203703703704
46,29,41.2109386383657,6.466677718798858,46,29,0.03939097815370894,0.9946759259259259
46,30,114.42321619824546,14.370450790838701,46,30,0.6396485788926584,0.8273148148148148
46,31,116.41759709959963,14.737009546885975,46,31,1.5297420471190253,0.4888888888888889
46,32,73.2006483660369,11.01363397431707,46,32,0.5901151805071418,0.8217592592592593
46,33,31.68041171353471,5.449783435179925,46,33,0.013657344137656856,0.9983796296296297
46,34,46.669038143039366,7.032052825371276,46,34,0.03939097815370894,0.9946759259259259
46,35,43.97262194798389,6.3984531367524,46,35,0.38612259893353157,0.8701388888888889
46,36,38.005897489969975,6.435084781437962,46,36,0.013657344137656856,0.9983796296296297
46,37,51.05326965564577,7.285966305854314,46,37,0.5795800487364086,0.8226851851851852
46,38,21.842077797826384,3.987622025293429,46,38,-0.0,1.0
46,39,102.15659973582436,15.209066818872065,46,39,0.9501066014175256,0.6074074074074074
46,40,61.41444230041673,9.024896154481388,46,40,0.5795800487364086,0.8226851851851852
46,41,11.281171854243068,2.744852712226647,46,41,-0.0,1.0
46,42,33.33277310142825,5.0047799344701245,46,42,0.012030099389652566,0.9983796296296297
46,43,48.77117983605096,8.260073903493113,46,43,0.013657344137656856,0.9983796296296297
46,44,46.74074269003004,7.425078872557021,46,44,0.035352106230510535,0.9944444444444445
46,45,87.4317180927174,12.640204881602884,46,45,0.9501066014175256,0.6074074074074074
46,46,0.0,0.0,46,46,-0.0,1.0
46,47,72.20921086142819,10.137480452659316,46,47,0.5851889338347341,0.8219907407407407
46,48,26.32426351320137,4.394064490057814,46,48,0.0021691886415661126,0.9997685185185186
46,49,79.4116501057429,11.484771729203318,46,49,0.8115876313237684,0.7569444444444444
46,50,83.93292393794911,11.875021099765188,46,50,0.8115876313237684,0.7569444444444444
46,51,56.95465113081478,8.32266827870598,46,51,0.0339967462181741,0.9949074074074075
46,52,81.591422454701,11.46872310280205,46,52,0.9038873380234128,0.6101851851851852
46,53,37.20937021400241,5.7585097900908275,46,53,0.006186503651555,0.9993055555555556
46,54,50.25073363146754,7.33410816847407,46,54,0.008034629995147417,0.9990740740740741
46,55,34.85373251409264,5.518398972883298,46,55,0.0021691886415661126,0.9997685185185186
46,56,47.77298077028468,7.014719357880514,46,56,0.006186503651555,0.9993055555555556
46,57,101.41325348623167,14.380338835653074,46,57,0.9501066014175256,0.6074074074074074
46,58,108.49965749530101,15.611691569880303,46,58,0.04213599571042451,0.9942129629629629
46,59,48.48807512752079,7.631852886005452,46,59,0.006186503651555,0.9993055555555556
46,60,64.0108849461967,8.84774863125556,46,60,0.016068401856783848,0.9981481481481481
46,61,64.43181446662713,9.86886053750074,46,61,0.006186503651555,0.9993055555555556
46,62,70.73957910362502,9.912991106993102,46,62,0.04213599571042451,0.9942129629629629
46,63,82.96114849546525,11.883541245393301,46,63,0.04213599571042451,0.9942129629629629
46,64,78.95962542313895,11.04641212743058,46,64,0.04213599571042451,0.9942129629629629
46,65,90.60402871772918,12.36092053775536,46,65,0.04213599571042451,0.9942129629629629
46,66,116.42881826504613,22.702776141675134,46,66,0.04213599571042451,0.9942129629629629
47,0,69.48183201156483,8.65353920035012,47,0,0.05290512415540588,0.9925925925925926
47,1,inf,,47,1,-0.0,1.0
47,2,63.515720361136765,8.031641436760541,47,2,2.1442075936761924,0.29791666666666666
47,3,68.72893663260898,7.607149469459407,47,3,1.5542405084830582,0.40578703703703706
47,4,55.184924982370376,7.281177410715248,47,4,1.30155104095451,0.5706018518518519
47,5,71.55630463290518,8.40883293074226,47,5,1.9215016497282014,0.28194444444444444
47,6,inf,,47,6,-0.0,1.0
47,7,70.72390203135416,8.378870837800688,47,7,1.4487704704531317,0.4
47,8,87.80158703215761,12.289638091680164,47,8,0.09769353604881731,0.9849537037037037
47,9,62.92379906426624,7.117002163937998,47,9,1.5542405084830582,0.40578703703703706
47,10,57.98014338901629,8.651754595143819,47,10,0.05290512415540588,0.9925925925925926
47,11,57.934666036127105,6.487970425959164,47,11,1.7196932733614128,0.47430555555555554
47,12,47.69191489947211,6.338065033429229,47,12,1.30155104095451,0.5706018518518519
47,13,inf,,47,13,-0.0,1.0
47,14,48.97412656750931,7.627144198281037,47,14,0.05290512415540588,0.9925925925925926
47,15,52.22550816202318,5.746091212813844,47,15,1.6613941949156965,0.47800925925925924
47,16,68.54965045904619,9.476983419613143,47,16,0.09769353604881731,0.9849537037037037
47,17,64.35756160768751,7.779326458841893,47,17,0.9194884201119901,0.5041666666666667
47,18,42.00094805391219,6.9295268846968225,47,18,0.021611814915358525,0.9974537037037037
47,19,41.94754023309494,5.364383966419267,47,19,1.0785743869852076,0.6449074074074074
47,20,56.55219216104855,7.055474414346568,47,20,0.29729729897846746,0.9520833333333333
47,21,37.32055443999293,4.9153075369194825,47,21,1.0785743869852076,0.6449074074074074
47,22,59.698870915877286,7.289355026028224,47,22,0.29729729897846746,0.9520833333333333
47,23,49.11980015828946,5.7755233461310995,47,23,1.0350475893948383,0.6460648148148148
47,24,48.09741878224549,5.636589333990446,47,24,1.2083439804335483,0.6199074074074075
47,25,34.304451095405014,6.252831511177158,47,25,0.014863452928337375,0.9981481481481481
47,26,32.54028521917818,4.876932593937793,47,26,0.5349643372279961,0.7891203703703704
47,27,54.994183187727025,9.29325327602567,47,27,0.027354523706694153,0.9967592592592592
47,28,42.73485087400239,5.266198214624751,47,28,1.0350475893948383,0.6460648148148148
47,29,55.20492491177315,7.174840143474161,47,29,0.18757719409042445,0.9719907407407408
47,30,77.020326822023,10.082595784582006,47,30,0.09769353604881731,0.9849537037037037
47,31,71.40523526956933,10.54434203838984,47,31,0.30786590710292716,0.924537037037037
47,32,22.396790761108782,4.963149396476999,47,32,0.014863452928337375,0.9981481481481481
47,33,45.70465043994667,6.333887336207524,47,33,0.15869997829877014,0.975462962962963
47,34,60.66302441644679,7.596177729620404,47,34,0.18757719409042445,0.9719907407407408
47,35,29.13946232323142,4.182437255067713,47,35,0.8052188999946913,0.7069444444444445
47,36,52.03013621638179,7.136583312770813,47,36,0.15869997829877014,0.975462962962963
47,37,21.888623285726734,3.5464777659930147,47,37,0.5165745292721007,0.7905092592592593
47,38,35.97576305037501,5.472279709971236,47,38,0.12190654163730996,0.9796296296296296
47,39,54.33927150132182,9.371417810216458,47,39,0.28591163504488876,0.9342592592592592
47,40,10.608111956798604,2.381966130652981,47,40,0.0040174222145676316,0.999537037037037
47,41,46.83631277534487,6.351857510713024,47,41,0.12591443351733306,0.9791666666666666
47,42,22.56478339430324,3.778170105064129,47,42,0.04652712871302109,0.992824074074074
47,43,62.79541856246305,8.722133579934802,47,43,0.15869997829877014,0.975462962962963
47,44,14.472790323331065,2.4981532576517127,47,44,0.016359415015602636,0.9976851851851852
47,45,39.614389858215304,6.805982881260064,47,45,0.28591163504488876,0.9342592592592592
47,46,57.247366310289515,7.682429254636186,47,46,0.12591443351733306,0.9791666666666666
47,47,0.0,0.0,47,47,-0.0,1.0
47,48,29.364967409208358,4.936782370355478,47,48,0.04652712871302109,0.992824074074074
47,49,28.882791576011563,5.131683589372852,47,49,0.05148470799612575,0.9909722222222223
47,50,33.4040654082175,5.514193727391907,47,50,0.05148470799612575,0.9909722222222223
47,51,4.142431056192119,0.8957693804942638,47,51,-0.0,1.0
47,52,33.80906571579176,5.791490513156478,47,52,0.18988033779980618,0.9543981481481482
47,53,23.98520008159952,4.19865792729654,47,53,0.016359415015602636,0.9976851851851852
47,54,10.21174793330787,2.011686094007407,47,54,-0.0,1.0
47,55,37.8944364100996,6.2771983629865025,47,55,0.04652712871302109,0.992824074074074
47,56,12.543633108497703,2.358941266936035,47,56,-0.0,1.0
47,57,53.595925251729106,8.611524022962943,47,57,0.28591163504488876,0.9342592592592592
47,58,68.43999284087249,11.257750217431054,47,58,0.05039409953252864,0.9912037037037037
47,59,35.26390499511792,6.317800773330572,47,59,0.016359415015602636,0.9976851851851852
47,60,23.967279977694414,3.927596779559012,47,60,0.010525772841444644,0.9986111111111111
47,61,29.20246680484027,5.811437778157668,47,61,-0.0,1.0
47,62,30.679914449196776,4.960232749394213,47,62,0.05039409953252864,0.9912037037037037
47,63,42.901483841037155,7.286541155503618,47,63,0.05039409953252864,0.9912037037037037
47,64,38.8999607687107,6.143736269446703,47,64,0.05039409953252864,0.9912037037037037
47,65,50.54436406330097,7.795975794841121,47,65,0.05039409953252864,0.9912037037037037
47,66,76.36915361061796,19.333495970790565,47,66,0.05039409953252864,0.9912037037037037
48,0,80.9912876712038,10.37504897183509,48,0,0.1734346842396053,0.9636574074074075
48,1,inf,,48,1,-0.0,1.0
48,2,52.53160344028254,6.960536086988014,48,2,1.1694086023543426,0.4949074074074074
48,3,55.52272632804176,5.9696455736209435,48,3,0.9154119426902253,0.6613425925925925
48,4,44.56321304506254,6.585514805231731,48,4,0.0021691886415661126,0.9997685185185186
48,5,57.86376547051847,6.674665816578237,48,5,1.5316631450044575,0.300462962962963
48,6,inf,,48,6,-0.0,1.0
48,7,56.067602702840205,6.5806455603604865,48,7,1.0531654317865304,0.47291666666666665
48,8,99.32673790790504,13.782600782944412,48,8,0.17674374412192836,0.9636574074074075
48,9,49.71758875969895,5.44151062240294,48,9,0.9154119426902253,0.6613425925925925
48,10,69.48959904865504,10.270739929965453,48,10,0.1734346842396053,0.9636574074074075
48,11,46.586285133108746,5.3617654450383725,48,11,0.9698884652907063,0.612037037037037
48,12,37.07020296216438,5.604707652710234,48,12,0.0021691886415661126,0.9997685185185186
48,13,inf,,48,13,-0.0,1.0
48,14,60.483582227148155,9.186023542469563,48,14,0.1734346842396053,0.9636574074074075
48,15,40.858347908492895,4.561459203701116,48,15,0.9351499302284872,0.6168981481481481
48,16,80.07480133479412,11.173791712238575,48,16,0.17674374412192836,0.9636574074074075
48,17,48.9842188664559,5.914816359617209,48,17,0.8071681338403259,0.5131944444444444
48,18,64.54126974215043,9.261457583516982,48,18,0.8285918016171071,0.5594907407407408
48,19,30.99937787381704,4.5103008163962155,48,19,0.0021691886415661126,0.9997685185185186
48,20,41.20901907931942,5.471173923943492,48,20,0.1791448064729357,0.9694444444444444
48,21,26.372392080715258,4.02816811885517,48,21,0.0021691886415661126,0.9997685185185186
48,22,44.355697834148216,5.666201395175806,48,22,0.1791448064729357,0.9694444444444444
48,23,37.04680556776625,4.337179516488192,48,23,0.6954250853472802,0.5263888888888889
48,24,36.07555047041193,4.228596569473765,48,24,0.7925298417451485,0.5113425925925926
48,25,59.01378948920827,9.24621904872025,48,25,0.3447417652260718,0.9125
48,26,34.00638275801616,4.833466410807366,48,26,0.787753330373206,0.6261574074074074
48,27,77.51681430304622,11.689473882228498,48,27,0.8420068212361161,0.5583333333333333
48,28,30.66185628347918,3.761408571558702,48,28,0.6954250853472802,0.5263888888888889
48,29,39.778899708787115,5.636180318209034,48,29,0.11201728630189742,0.9831018518518518
48,30,88.54547769777103,11.822245034209958,48,30,0.17674374412192836,0.9636574074074075
48,31,90.51549760068531,12.022166969472554,48,31,1.1044257315908668,0.562962962962963
48,32,47.23490628915052,8.01777669908077,48,32,0.26389522758433237,0.9298611111111111
48,33,30.276696026078657,4.980120366459123,48,33,0.0832728747993358,0.9868055555555556
48,34,45.23699921346062,5.984048690338378,48,34,0.11201728630189742,0.9831018518518518
48,35,18.052490278578652,3.138625514438984,48,35,0.0021691886415661126,0.9997685185185186
48,36,36.602181802513954,5.55004274007289,48,36,0.0832728747993358,0.9868055555555556
48,37,25.0875275787593,3.995362432233864,48,37,0.25314899359636217,0.930787037037037
48,38,20.514478227370432,3.999788867357575,48,38,0.05148470799612575,0.9909722222222223
48,39,76.02207825943974,12.18686259049825,48,39,0.7805077660832788,0.6259259259259259
48,40,35.448700223530174,5.837480324688457,48,40,0.25314899359636217,0.930787037037037
48,41,31.375027952340336,4.720455492595113,48,41,0.05549793072710615,0.9905092592592593
48,42,7.0179666019976725,1.1405932622529644,48,42,-0.0,1.0
48,43,47.36746414859518,7.058572767859811,48,43,0.0832728747993358,0.9868055555555556
48,44,20.437044044395858,4.153173928852968,48,44,0.007392827050184505,0.9990740740740741
48,45,61.297196616333395,9.483783056077469,48,45,0.7805077660832788,0.6259259259259259
48,46,41.78608148728463,5.92995664188435,48,46,0.05549793072710615,0.9905092592592593
48,47,46.24346878454162,7.051257533517539,48,47,0.2588436467101742,0.9300925925925926
48,48,0.0,0.0,48,48,-0.0,1.0
48,49,53.40454170651849,8.368920152420905,48,49,0.5170857469121377,0.8530092592592593
48,50,57.925815538724606,8.762120854635986,48,50,0.5170857469121377,0.8530092592592593
48,51,30.649309016629672,5.198302542213553,48,51,0.010525772841444644,0.9986111111111111
48,52,55.45317066849534,8.272108262813068,48,52,0.7355121639903709,0.6284722222222222
48,53,10.886592108935218,2.313670270648114,48,53,-0.0,1.0
48,54,23.929000121337918,4.147925733470547,48,54,-0.0,1.0
48,55,8.529469000891215,1.7963946743790864,48,55,-0.0,1.0
48,56,21.45020266521761,3.829351700338608,48,56,-0.0,1.0
48,57,75.27873200984712,11.287505382106282,48,57,0.7805077660832788,0.6259259259259259
48,58,82.18906831633339,12.871380932497686,48,58,0.024431732654320193,0.9962962962962963
48,59,22.165297022453615,4.299492373769584,48,59,-0.0,1.0
48,60,37.69128808982173,5.770247057256794,48,60,0.0040174222145676316,0.999537037037037
48,61,38.10903636156013,6.80526768145912,48,61,-0.0,1.0
48,62,44.4289899246575,6.853349251794502,48,62,0.024431732654320193,0.9962962962962963
48,63,56.65055931649758,9.000914633634935,48,63,0.024431732654320193,0.9962962962962963
48,64,52.6490362441713,7.925626337732562,48,64,0.024431732654320193,0.9962962962962963
48,65,64.29343953876155,9.495971701669449,48,65,0.024431732654320193,0.9962962962962963
48,66,90.11822908607888,20.54649206833901,48,66,0.024431732654320193,0.9962962962962963
49,0,78.84162237593307,9.157448452974439,49,0,0.4460853889091932,0.8648148148148148
49,1,inf,,49,1,-0.0,1.0
49,2,73.98222064110189,8.860708716833942,49,2,1.7611547909043586,0.3736111111111111
49,3,81.16303915108789,8.886401253061702,49,3,1.2544759809145243,0.5969907407407408
49,4,65.51327971907163,8.084743805470747,49,4,1.0386371617666648,0.6939814814814815
49,5,84.68022761421976,9.586378245624642,49,5,1.4093918807289825,0.580324074074074
49,6,inf,,49,6,-0.0,1.0
49,7,86.15229441162035,9.53007998330491,49,7,1.5171550712071082,0.5194444444444445
49,8,97.15626721577802,12.849074897368128,49,8,0.49272012387040415,0.8587962962962963
49,9,75.35790158274537,8.461755492332692,49,9,1.2544759809145243,0.5969907407407408
49,10,67.33993375338399,9.192460706891305,49,10,0.4460853889091932,0.8648148148148148
49,11,68.7212688314306,7.58648877596429,49,11,1.223113046159108,0.618287037037037
49,12,58.02026963617369,7.296486736811324,49,12,1.0386371617666648,0.6939814814814815
49,13,inf,,49,13,-0.0,1.0
49,14,58.33391693187738,8.307198804771485,49,14,0.4460853889091932,0.8648148148148148
49,15,63.07267950950915,7.075682479982949,49,15,1.1397374308596004,0.6270833333333333
49,16,77.90433064266658,9.98034942812226,49,16,0.49272012387040415,0.8587962962962963
49,17,84.88895451487734,9.103404234171002,49,17,1.797152083322319,0.37592592592592594
49,18,51.30697049126843,7.563432680033533,49,18,0.4374111910828196,0.8652777777777778
49,19,52.680579870106435,6.7534496122730285,49,19,0.6424061603129165,0.8351851851851851
49,20,76.998071226479,8.117271037689086,49,20,1.1541116992716214,0.7060185185185185
49,21,48.053594077004725,6.43053928080266,49,21,0.6424061603129165,0.8351851851851851
49,22,80.14474998130797,8.371907673770762,49,22,1.1541116992716214,0.7060185185185185
49,23,60.31133917711337,7.335684553963368,49,23,0.38593851818945435,0.924074074074074
49,24,59.24498381212733,7.171474082477802,49,24,0.6010779306641959,0.8805555555555555
49,25,43.59980675708561,6.847146507123714,49,25,0.4374111910828196,0.8652777777777778
49,26,43.019810071837846,6.428474996162599,49,26,0.25168107485627705,0.9490740740740741
49,27,64.30020562508344,9.736298924954516,49,27,0.44305514407437696,0.8645833333333334
49,28,53.92638989282641,6.967610140820707,49,28,0.38593851818945435,0.924074074074074
49,29,76.07646239359516,8.132492005088434,49,29,0.8868153656596625,0.7673611111111112
49,30,86.37500700564341,10.57272235016536,49,30,0.49272012387040415,0.8587962962962963
49,31,80.72729237554637,11.044469413242163,49,31,0.7149922525222379,0.8087962962962963
49,32,31.692146422789335,5.503826230506726,49,32,0.4374111910828196,0.8652777777777778
49,33,66.58128575750688,7.17935408376146,49,33,0.8531708285594575,0.7703703703703704
49,34,81.5345618982686,8.659509279895488,49,34,0.8868153656596625,0.7673611111111112
49,35,39.97050731893987,6.06987801571856,49,35,0.3080617513620077,0.9368055555555556
49,36,72.90677153394199,8.177693684339944,49,36,0.8531708285594575,0.7703703703703704
49,37,32.366431403037,5.5608629457425724,49,37,0.2373705720993028,0.950462962962963
49,38,56.87966071999305,6.438524758596884,49,38,0.8155080579581767,0.7726851851851851
49,39,25.71572944129163,5.673290895668317,49,39,-0.0,1.0
49,40,20.50607277586576,4.579476274880678,49,40,0.16391567834662346,0.962037037037037
49,41,67.73974903564118,7.4561535662830805,49,41,0.8203798759122645,0.7726851851851851
49,42,43.652011272766266,5.311642330816451,49,42,0.661882805110753,0.7986111111111112
49,43,83.67205388002328,9.87165903182746,49,43,0.8531708285594575,0.7703703703703704
49,44,35.938480809194495,4.2695873195964245,49,44,0.39381428150915354,0.8930555555555556
49,45,10.9908477981852,2.74548675702567,49,45,-0.0,1.0
49,46,78.15080257058557,8.912118368614241,49,46,0.8203798759122645,0.7726851851851851
49,47,21.77470667435647,2.9987821067483718,49,47,0.1307351493704388,0.9715277777777778
49,48,50.452195287671316,6.518972043118235,49,48,0.661882805110753,0.7986111111111112
49,49,0.0,0.0,49,49,-0.0,1.0
49,50,4.521273832206023,0.807083201810017,49,50,-0.0,1.0
49,51,25.884908777393566,3.279308852230061,49,51,0.15554383619621975,0.9685185185185186
49,52,5.112728937881933,1.661723113351194,49,52,-0.0,1.0
49,53,45.45089056746287,5.887278361191657,49,53,0.39381428150915354,0.8930555555555556
49,54,31.693863681370406,3.9562253795975284,49,54,0.3402450580143665,0.9122685185185185
49,55,58.98166428856254,7.820508872324322,49,55,0.661882805110753,0.7986111111111112
49,56,34.025748856560114,4.283151883361479,49,56,0.3402450580143665,0.9122685185185185
49,57,24.972383191699087,4.9921322319050905,49,57,-0.0,1.0
49,58,56.267772783273045,10.795114032963545,49,58,0.005744479923572491,0.9993055555555556
49,59,56.729595480981544,7.953954604127068,49,59,0.39381428150915354,0.8930555555555556
49,60,23.48892649106246,4.8850092432921155,49,60,0.030741927902575836,0.9951388888888889
49,61,50.684582552902675,7.475763299123143,49,61,0.3402450580143665,0.9122685185185185
49,62,18.507694391597234,4.4872674526098875,49,62,0.005744479923572491,0.9993055555555556
49,63,30.729263783437467,6.658035310476413,49,63,0.005744479923572491,0.9993055555555556
49,64,26.72774071111112,6.0509944485595355,49,64,0.005744479923572491,0.9993055555555556
49,65,38.372144005701394,7.225174241321865,49,65,0.005744479923572491,0.9993055555555556
49,66,64.19693355301861,18.85420592791657,49,66,0.005744479923572491,0.9993055555555556
50,0,86.87557278171538,9.943470538875669,50,0,0.05290512415540588,0.9925925925925926
50,1,inf,,50,1,-0.0,1.0
50,2,80.90946113128723,9.367630495390468,50,2,2.1442075936761924,0.29791666666666666
50,3,86.12267740275911,9.11478300582126,50,3,1.5542405084830582,0.40578703703703706
50,4,72.57866575252076,8.759143434776007,50,4,1.30155104095451,0.5706018518518519
50,5,88.95004540305571,9.894040270731175,50,5,1.9215016497282014,0.28194444444444444
50,6,inf,,50,6,-0.0,1.0
50,7,88.1176428015046,9.90015797349446,50,7,1.4487704704531317,0.4
50,8,105.19532780230774,13.284890157893772,50,8,0.09769353604881731,0.9849537037037037
50,9,80.31753983441664,8.693023356428608,50,9,1.5542405084830582,0.40578703703703706
50,10,75.37388415916669,9.954944175746608,50,10,0.05290512415540588,0.9925925925925926
50,11,75.32840680627763,8.057386790146248,50,11,1.7196932733614128,0.47430555555555554
50,12,65.08565566962261,7.910850831737141,50,12,1.30155104095451,0.5706018518518519
50,13,inf,,50,13,-0.0,1.0
50,14,66.36786733765965,9.038886908252232,50,14,0.05290512415540588,0.9925925925925926
50,15,69.61924893217375,7.420575207108047,50,15,1.6613941949156965,0.47800925925925924
50,16,85.94339122919669,10.719707575416521,50,16,0.09769353604881731,0.9849537037037037
50,17,81.75130237783789,9.346349282759693,50,17,0.9194884201119901,0.5041666666666667
50,18,59.394688824062364,8.395964342674713,50,18,0.021611814915358525,0.9974537037037037
50,19,59.34128100324547,7.137930088754086,50,19,1.0785743869852076,0.6449074074074074
50,20,73.94593293119908,8.627398071621398,50,20,0.29729729897846746,0.9520833333333333
50,21,54.71429521014344,6.775960607394444,50,21,1.0785743869852076,0.6449074074074074
50,22,77.09261168602777,8.854515537989144,50,22,0.29729729897846746,0.9520833333333333
50,23,66.51354092843962,7.420846893724286,50,23,1.0350475893948383,0.6460648148148148
50,24,65.49115955239589,7.329653385381643,50,24,1.2083439804335483,0.6199074074074075
50,25,51.698191865555316,7.784705698229307,50,25,0.014863452928337375,0.9981481481481481
50,26,49.934025989328724,6.667729484551177,50,26,0.5349643372279961,0.7891203703703704
50,27,72.38792395787735,10.727477573057666,50,27,0.027354523706694153,0.9967592592592592
50,28,60.12859164415279,7.003211281545254,50,28,1.0350475893948383,0.6460648148148148
50,29,72.59866568192355,8.72168687701145,50,29,0.18757719409042445,0.9719907407407408
50,30,94.41406759217357,11.287598218394567,50,30,0.09769353604881731,0.9849537037037037
50,31,88.79897603971956,11.811316719365164,50,31,0.30786590710292716,0.924537037037037
50,32,39.7905315312593,6.67697446029437,50,32,0.014863452928337375,0.9981481481481481
50,33,63.0983912100973,7.969816467447305,50,33,0.15869997829877014,0.975462962962963
50,34,78.05676518659718,9.1282952310989,50,34,0.18757719409042445,0.9719907407407408
50,35,46.53320309338206,6.191064830068055,50,35,0.8052188999946913,0.7069444444444445
50,36,69.42387698653218,8.727505589733088,50,36,0.15869997829877014,0.975462962962963
50,37,39.28236405587736,5.6827000496856535,50,37,0.5165745292721007,0.7905092592592593
50,38,53.369503820525516,7.174787883608521,50,38,0.12190654163730996,0.9796296296296296
50,39,71.73301227147223,10.692306029922495,50,39,0.28591163504488876,0.9342592592592592
50,40,28.001852726949117,4.792102920002206,50,40,0.0040174222145676316,0.999537037037037
50,41,64.23005354549525,8.017366553979752,50,41,0.12591443351733306,0.9791666666666666
50,42,39.958524164453706,5.97468059286148,50,42,0.04652712871302109,0.992824074074074
50,43,80.18915933261334,10.176740161505332,50,43,0.15869997829877014,0.975462962962963
50,44,31.86653109348154,4.9774833878526845,50,44,0.016359415015602636,0.9976851851851852
50,45,57.008130628365635,8.386888915894806,50,45,0.28591163504488876,0.9342592592592592
50,46,74.64110708044007,9.21362061975689,50,46,0.12591443351733306,0.9791666666666666
50,47,17.393740770150462,3.863580285367489,50,47,-0.0,1.0
50,48,46.75870817935882,6.915766196460735,50,48,0.04652712871302109,0.992824074074074
50,49,46.27653234616185,6.9979420583489205,50,49,0.05148470799612575,0.9909722222222223
50,50,0.0,0.0,50,50,-0.0,1.0
50,51,21.5361718263426,4.130393934636177,50,51,-0.0,1.0
50,52,51.202806485942155,7.486678110018674,50,52,0.18988033779980618,0.9543981481481482
50,53,41.37894085174989,6.203498304848854,50,53,0.016359415015602636,0.9976851851851852
50,54,27.605488703458345,4.676445550448918,50,54,-0.0,1.0
50,55,55.288177180250024,8.05531635862794,50,55,0.04652712871302109,0.992824074074074
50,56,29.93737387864821,4.888772974899535,50,56,-0.0,1.0
50,57,70.98966602187961,9.985319996121259,50,57,0.28591163504488876,0.9342592592592592
50,58,85.83373361102315,12.3306521566592,50,58,0.05039409953252864,0.9912037037037037
50,59,52.65764576526856,7.9869535879077596,50,59,0.016359415015602636,0.9976851851851852
50,60,41.361020747844854,5.893063535561512,50,60,0.010525772841444644,0.9986111111111111
50,61,46.59620757499068,7.535318924715601,50,61,-0.0,1.0
50,62,48.073655219347295,6.6878473676861745,50,62,0.05039409953252864,0.9912037037037037
50,63,60.295224611187436,8.63888421883616,50,63,0.05039409953252864,0.9912037037037037
50,64,56.29370153886101,7.709948914540522,50,64,0.05039409953252864,0.9912037037037037
50,65,67.93810483345145,9.12839928023978,50,65,0.05039409953252864,0.9912037037037037
50,66,93.76289438076843,20.007829309720506,50,66,0.05039409953252864,0.9912037037037037
51,0,88.09268726336359,10.1752712036346,51,0,1.0965784656637998,0.5277777777777778
51,1,inf,,51,1,-0.0,1.0
51,2,62.48369315531469,7.848202732663175,51,2,1.8948641101573054,0.26643518518518516
51,3,66.32941381626617,7.360177908386516,51,3,1.3144027512785406,0.5766203703703704
51,4,54.35061740696516,7.204141020171935,51,4,0.8708721520822837,0.5263888888888889
51,5,68.8193537114629,8.137623052469802,51,5,1.7981659552419276,0.26458333333333334
51,6,inf,,51,6,-0.0,1.0
51,7,67.28459945303011,8.135002532884071,51,7,1.2255640170814435,0.4548611111111111
51,8,106.42164714228491,13.729678805012064,51,8,1.1174642896401736,0.5254629629629629
51,9,60.52427624792357,6.897247898682669,51,9,1.3144027512785406,0.5766203703703704
51,10,76.59099864081489,10.17953096326713,51,10,1.0965784656637998,0.5277777777777778
51,11,56.65393204888196,6.389103253549083,51,11,1.6015999627778297,0.37060185185185185
51,12,46.857607324067175,6.295750179160096,51,12,0.8708721520822837,0.5263888888888889
51,13,inf,,51,13,-0.0,1.0
51,14,67.58498181930803,9.138517804340703,51,14,1.0965784656637998,0.5277777777777778
51,15,50.92694726535187,5.646093553470738,51,15,1.5639273562447764,0.37245370370370373
51,16,87.1697105691737,11.099071570755644,51,16,1.1174642896401736,0.5254629629629629
51,17,60.37013340789131,7.538177354054441,51,17,0.8663359706366753,0.5094907407407407
51,18,63.01875361059972,9.13449034147367,51,18,0.19280449324336826,0.9645833333333333
51,19,40.78678223572,5.335703465635999,51,19,0.8708721520822837,0.5263888888888889
51,20,52.59087708454634,7.003202301366644,51,20,0.23987057637182785,0.9622685185185185
51,21,36.15979644261808,4.899768514145911,51,21,0.8708721520822837,0.5263888888888889
51,22,55.7375558393749,7.214853779785803,51,22,0.23987057637182785,0.9622685185185185
51,23,47.49321757059265,5.59621121134339,51,23,1.0925432666885118,0.4136574074074074
51,24,46.499349988796354,5.499068410859318,51,24,1.2292218694042314,0.3972222222222222
51,25,55.497969419523045,8.643053951362822,51,25,0.06725256549680445,0.9905092592592593
51,26,32.122150795074,5.016343801196864,51,26,0.05885663077727227,0.9909722222222223
51,27,76.00385919203237,11.365521741388493,51,27,0.19762034359619957,0.9643518518518519
51,28,41.108268286305545,5.131705131006868,51,28,1.0925432666885118,0.4136574074074074
51,29,51.19011617680559,7.172625828054582,51,29,0.1527264841679974,0.9780092592592593
51,30,95.6403869321504,11.76262196060425,51,30,1.1174642896401736,0.5254629629629629
51,31,91.91644946195365,12.33162714430571,51,31,0.7272189981736744,0.8319444444444445
51,32,43.60170904854631,7.307252763123799,51,32,0.05598445684714193,0.9918981481481481
51,33,41.689132335129656,6.449887113323706,51,33,0.12479746615693092,0.9814814814814815
51,34,56.64821568147925,7.525204596234807,51,34,0.1527264841679974,0.9780092592592593
51,35,27.911974024710627,4.165760842308509,51,35,0.6907167208594892,0.5615740740740741
51,36,48.014618111564786,7.087423883727061,51,36,0.12479746615693092,0.9814814814814815
51,37,21.480979489932835,3.8069086267904364,51,37,0.027553483579565236,0.9960648148148148
51,38,31.94590244402542,5.576284155400717,51,38,0.09142637743938585,0.9854166666666667
51,39,60.01495174825476,10.01072045600396,51,39,0.10900084580383985,0.9791666666666666
51,40,31.829458205326414,5.260032584204477,51,40,0.032332519974014054,0.9953703703703703
51,41,42.80645216899532,6.297489291185531,51,41,0.09543699681033974,0.9849537037037037
51,42,18.481365898215216,3.7040983267489462,51,42,0.024492697303363606,0.9965277777777778
51,43,58.77990045764586,8.521232472808968,51,43,0.12479746615693092,0.9814814814814815
51,44,10.371697770983776,2.5854343878708086,51,44,0.0040174222145676316,0.999537037037037
51,45,45.29007010514806,7.308877614964997,51,45,0.10900084580383985,0.9791666666666666
51,46,53.217505703939786,7.472238798560104,51,46,0.09543699681033974,0.9849537037037037
51,47,42.594782766680694,6.373420579710276,51,47,0.05470467414496785,0.9916666666666667
51,48,25.281549913120372,4.692240999976415,51,48,0.024492697303363606,0.9965277777777778
51,49,43.00899799731485,6.104816800975016,51,49,0.381695556361515,0.8724537037037037
51,50,47.530271829520835,6.507819736477674,51,50,0.381695556361515,0.8724537037037037
51,51,0.0,0.0,51,51,-0.0,1.0
51,52,39.42178248734041,6.1185644022385155,51,52,0.09767854050814921,0.9800925925925926
51,53,19.884107529252287,3.9979850973171267,51,53,0.0040174222145676316,0.999537037037037
51,54,6.069316877115739,1.4509952490950115,51,54,-0.0,1.0
51,55,33.81101891401156,5.935283585477229,51,55,0.024492697303363606,0.9965277777777778
51,56,8.40120205230557,1.7705770288615958,51,56,-0.0,1.0
51,57,59.27160549866195,9.117213569262564,51,57,0.10900084580383985,0.9791666666666666
51,58,64.34939955452306,10.832810293424643,51,58,0.0040174222145676316,0.999537037037037
51,59,31.16281244277091,5.957674459017903,51,59,0.0040174222145676316,0.999537037037037
51,60,19.832738020597162,3.491058310679803,51,60,-0.0,1.0
51,61,25.060035748648097,5.254208520583507,51,61,-0.0,1.0
51,62,26.5893211628473,4.558473845604081,51,62,0.0040174222145676316,0.999537037037037
51,63,38.81089055468754,6.883360736044824,51,63,0.0040174222145676316,0.999537037037037
51,64,34.80936748236108,5.675591377755341,51,64,0.0040174222145676316,0.999537037037037
51,65,46.453770776951444,7.377416090967051,51,65,0.0040174222145676316,0.999537037037037
51,66,72.27856032426858,19.162075829498498,51,66,0.0040174222145676316,0.999537037037037
52,0,80.4240073304075,9.718618544626711,52,0,0.7242916983118256,0.5083333333333333
52,1,inf,,52,1,-0.0,1.0
52,2,77.14349343384487,9.420523199204947,52,2,1.771850281195565,0.3122685185185185
52,3,85.15701787960857,9.134248622197735,52,3,1.3075418585398881,0.594212962962963
52,4,68.45114346839357,8.642610453907585,52,4,1.1336296566981583,0.5824074074074074
52,5,88.67300358442573,9.868406588143431,52,5,1.471609745581319,0.5775462962962963
52,6,inf,,52,6,-0.0,1.0
52,7,90.14009720787257,9.84293885602098,52,7,1.5845307891609468,0.5173611111111112
52,8,98.73865217025207,13.318775688126289,52,8,0.7711433031010734,0.5041666666666667
52,9,79.35188031126624,8.712823086421295,52,9,1.3075418585398881,0.594212962962963
52,10,68.92231870785882,9.764399535400926,52,10,0.7242916983118256,0.5083333333333333
52,11,72.56765897938422,7.844925165825872,52,11,1.2604465821726434,0.6106481481481482
52,12,60.958133385495344,7.789039103252011,52,12,1.1336296566981583,0.5824074074074074
52,13,inf,,52,13,-0.0,1.0
52,14,59.91630188635162,8.81285626535571,52,14,0.7242916983118256,0.5083333333333333
52,15,67.07018233833129,7.276264016210173,52,15,1.1873236102159457,0.624537037037037
52,16,79.48671559714101,10.615924724044111,52,16,0.7711433031010734,0.5041666666666667
52,17,88.865820485933,9.46932443020231,52,17,1.8526252537440144,0.37222222222222223
52,18,52.88203789231932,7.980558732573001,52,18,0.7202663057017075,0.5087962962962963
52,19,56.685231959062506,6.9626578762568805,52,19,0.6842847690710518,0.8319444444444445
52,20,80.97871954323155,8.460767420889086,52,20,1.2144118751752417,0.6953703703703704
52,21,52.058246165960576,6.6291556688888695,52,21,0.6842847690710518,0.8319444444444445
52,22,84.12539829806047,8.717917941985442,52,22,1.2144118751752417,0.6953703703703704
52,23,64.33614123439837,7.5224231594251805,52,23,0.42670517721194745,0.9199074074074074
52,24,63.26757733682167,7.365861612480278,52,24,0.6431337685751003,0.8766203703703703
52,25,45.17487415813663,7.1796565682676325,52,25,0.7202663057017075,0.5087962962962963
52,26,47.05361963198846,6.625845580175551,52,26,0.27835370138806814,0.9462962962962963
52,27,65.87527302613414,10.236593986958113,52,27,0.7259626405238484,0.5085648148148149
52,28,57.95119195011098,7.152339390790417,52,28,0.42670517721194745,0.9199074074074074
52,29,80.05405152016463,8.470000714902397,52,29,0.9497654633182264,0.7553240740740741
52,30,87.95739196011827,11.23776117698948,52,30,0.7711433031010734,0.5041666666666667
52,31,82.30561313130318,11.609704189854265,52,31,0.9964558673742783,0.4699074074074074
52,32,33.26721382384026,5.6002552637490695,52,32,0.7202663057017075,0.5087962962962963
52,33,70.5588748840765,7.507621164704319,52,33,0.9156818542718236,0.7583333333333333
52,34,85.51215102483815,9.010516775785964,52,34,0.9497654633182264,0.7553240740740741
52,35,43.99795760254865,6.251404511497439,52,35,0.34352505221402957,0.9331018518518519
52,36,76.88436066051132,8.531823667005938,52,36,0.9156818542718236,0.7583333333333333
52,37,36.40171312395129,5.747444839884423,52,37,0.261965445877671,0.9479166666666666
52,38,60.85755804096532,6.763251785458988,52,38,0.8796435128628851,0.7601851851851852
52,39,20.603000503409707,4.7756801853671105,52,39,-0.0,1.0
52,40,24.54788037562489,4.719115081233416,52,40,0.18271491677359092,0.9597222222222223
52,41,71.71764635661346,7.80402722461572,52,41,0.8845015725853177,0.7601851851851852
52,42,47.62230342069218,5.677663054878513,52,42,0.7278916256531449,0.7854166666666667
52,43,87.64964300659248,10.243030086660859,52,43,0.9156818542718236,0.7583333333333333
52,44,39.89735700414588,4.636241565577566,52,44,0.47607762567486234,0.8759259259259259
52,45,5.878118860303244,1.6083137603205953,52,45,-0.0,1.0
52,46,82.12869989155796,9.27670630617751,52,46,0.8845015725853177,0.7601851851851852
52,47,25.82672413993292,3.320733948807984,52,47,0.13347350454004664,0.9715277777777778
52,48,54.42248743559741,6.897138154787762,52,48,0.7278916256531449,0.7854166666666667
52,49,4.05604377666666,0.8480561757283692,52,49,-0.0,1.0
52,50,8.577317608872642,1.3791015455590676,52,50,-0.0,1.0
52,51,29.81241611687721,3.597497992208619,52,51,0.24874951692938765,0.9453703703703704
52,52,0.0,0.0,52,52,-0.0,1.0
52,53,49.40976676241443,6.266699531739547,52,53,0.47607762567486234,0.8759259259259259
52,54,33.45844276610641,4.992982151118064,52,54,0.7134406482254277,0.5645833333333333
52,55,62.95195643648836,8.202320853224053,52,55,0.7278916256531449,0.7854166666666667
52,56,35.79032794129618,5.351533482676889,52,56,0.7134406482254277,0.5645833333333333
52,57,19.85965425381708,4.219814796414994,52,57,-0.0,1.0
52,58,51.15898239055778,10.152425219183861,52,58,-0.0,1.0
52,59,60.688471675932846,8.334976326181087,52,59,0.47607762567486234,0.8759259259259259
52,60,18.406019718249997,4.267372307267691,52,60,0.008982631761233529,0.9988425925925926
52,61,52.44916163763887,8.592357557393063,52,61,0.7134406482254277,0.5645833333333333
52,62,13.398903998881996,3.767410744897862,52,62,-0.0,1.0
52,63,25.620473390722218,5.9635927679679925,52,63,-0.0,1.0
52,64,21.61895031839585,5.375005459598726,52,64,-0.0,1.0
52,65,33.263353612986194,6.50429612736741,52,65,-0.0,1.0
52,66,59.08814316030318,18.45532610031746,52,66,-0.0,1.0
53,0,87.30053921931044,11.180104918629905,53,0,1.0863117335827228,0.5291666666666667
53,1,inf,,53,1,-0.0,1.0
53,2,61.675642911384166,8.721553937992274,53,2,1.890869737618551,0.26643518518518516
53,3,65.52114241962725,8.067995756969069,53,3,1.3103004081101293,0.5768518518518518
53,4,53.54337793523147,8.08076796124522,53,4,0.8657005720674705,0.5266203703703703
53,5,68.0100817074237,8.878748662885858,53,5,1.7938710456816314,0.26458333333333334
53,6,inf,,53,6,-0.0,1.0
53,7,66.47309562876404,8.777513243016402,53,7,1.2204395208313898,0.4548611111111111
53,8,105.62949909823134,14.589425357011883,53,8,1.1072036545385622,0.5268518518518519
53,9,59.716004851284694,7.572376241014225,53,9,1.3103004081101293,0.5768518518518518
53,10,75.79885059676162,11.206997635623019,53,10,1.0863117335827228,0.5291666666666667
53,11,55.845762864956036,7.228709422557722,53,11,1.5975271619290234,0.37060185185185185
53,12,46.05036785233333,7.158059040489517,53,12,0.8657005720674705,0.5266203703703703
53,13,inf,,53,13,-0.0,1.0
53,14,66.7928337752545,10.156029966866832,53,14,1.0863117335827228,0.5291666666666667
53,15,50.118778081425866,6.435662000612775,53,15,1.559849149943305,0.37245370370370373
53,16,86.37756252512047,12.135894041017128,53,16,1.1072036545385622,0.5268518518518519
53,17,59.55608037617361,7.951341179535794,53,17,0.8623529154059895,0.5094907407407407
53,18,62.22812576417119,10.073869965631216,53,18,0.18132236478079847,0.9659722222222222
53,19,39.97954276398603,6.169348485242066,53,19,0.8657005720674705,0.5266203703703703
53,20,51.77682405282881,7.135474723279412,53,20,0.2355498405112825,0.9627314814814815
53,21,35.35255697088413,5.710122869358113,53,21,0.8657005720674705,0.5266203703703703
53,22,54.92350280765735,7.3739588341271665,53,22,0.2355498405112825,0.9627314814814815
53,23,46.685048386666644,6.323568856521124,53,23,1.0876327667212387,0.41388888888888886
53,24,45.69118080487036,6.265213197463634,53,24,1.224333030196602,0.3974537037037037
53,25,54.713338237458395,9.52738809399875,53,25,0.047891837934581336,0.993287037037037
53,26,31.314932558747575,5.757578806017835,53,26,0.053117964165409176,0.9916666666666667
53,27,75.21323134560413,12.266697786461144,53,27,0.1861521691636673,0.9657407407407408
53,28,40.30009910237962,5.829027730687113,53,28,1.0876327667212387,0.41388888888888886
53,29,50.37606314508792,7.241974311183756,53,29,0.14839823824723647,0.9784722222222222
53,30,94.84823888809763,12.815280450054505,53,30,1.1072036545385622,0.5268518518518519
53,31,91.12534615231733,13.322103916803835,53,31,0.716604648869196,0.8331018518518518
53,32,42.82225174462501,8.195681374334137,53,32,0.033295224391458426,0.9953703703703703
53,33,40.87507930341207,6.381505656152137,53,33,0.12046757987905683,0.9819444444444444
53,34,55.83416264976152,7.718836326514251,53,34,0.14839823824723647,0.9784722222222222
53,35,27.10380484078473,4.871450299106462,53,35,0.6854877514840565,0.5618055555555556
53,36,47.20056507984714,7.248918334305193,53,36,0.12046757987905683,0.9819444444444444
53,37,20.673761253606525,4.423224695655583,53,37,0.021811258609293675,0.9967592592592592
53,38,31.13184941230787,5.508122393456703,53,38,0.08709463908926517,0.9858796296296296
53,39,66.55754150216424,10.964008175449045,53,39,0.38828566640822665,0.8805555555555555
53,40,31.03493389837728,6.1155813446851,53,40,0.021811258609293675,0.9967592592592592
53,41,41.99239913727778,6.459508062175648,53,41,0.0911054759669044,0.9854166666666667
53,42,17.666065600168977,3.866651876180227,53,42,0.020476670688374877,0.9969907407407408
53,43,57.965847425928196,8.912913109926402,53,43,0.12046757987905683,0.9819444444444444
53,44,9.555731301243068,2.607347891148961,53,44,-0.0,1.0
53,45,51.832659859057834,8.205414026307414,53,45,0.38828566640822665,0.8805555555555555
53,46,52.403452672222286,7.842821036787739,53,46,0.0911054759669044,0.9854166666666667
53,47,41.829702459389054,7.276293656286447,53,47,0.027553483579565236,0.9960648148148148
53,48,24.46624961507413,5.073357690237205,53,48,0.020476670688374877,0.9969907407407408
53,49,47.34049627301847,7.529988388192567,53,49,0.6829461221631259,0.5712962962962963
53,50,51.86177010522451,7.931481263528571,53,50,0.6829461221631259,0.5712962962962963
53,51,19.767717598969966,3.627604447415427,53,51,-0.0,1.0
53,52,45.9740877838216,6.975638540434871,53,52,0.36559361817979225,0.882175925925926
53,53,0.0,0.0,53,53,-0.0,1.0
53,54,13.04240801240278,2.4543025456625447,53,54,-0.0,1.0
53,55,32.99571861596531,6.413963120330793,53,55,0.020476670688374877,0.9969907407407408
53,56,10.563610556282429,2.139954332344529,53,56,-0.0,1.0
53,57,65.8141952525719,10.022303005415766,53,57,0.38828566640822665,0.8805555555555555
53,58,71.31879006289373,11.66963829279199,53,58,0.010525772841444644,0.9986111111111111
53,59,11.278704913518528,2.797995940744166,53,59,-0.0,1.0
53,60,26.805829155884243,4.306359344200111,53,60,-0.0,1.0
53,61,27.222444252624996,5.420526278272813,53,61,-0.0,1.0
53,62,33.55871167121758,5.446904042083938,53,62,0.010525772841444644,0.9986111111111111
53,63,45.78028106305793,7.71758772725939,53,63,0.010525772841444644,0.9986111111111111
53,64,41.77875799073154,6.544268359440516,53,64,0.010525772841444644,0.9986111111111111
53,65,53.423161285321775,8.229025806791261,53,65,0.010525772841444644,0.9986111111111111
53,66,79.24795083263906,19.70679054086947,53,66,0.010525772841444644,0.9986111111111111
54,0,94.77801832040558,11.269581463431063,54,0,1.1233025511952266,0.525
54,1,inf,,54,1,-0.0,1.0
54,2,69.19975499719442,8.943119162267028,54,2,1.896281004107803,0.26643518518518516
54,3,73.04600487554602,8.365240333989684,54,3,1.3152429512469608,0.5766203703703704
54,4,61.066453711323994,8.322060868506934,54,4,0.8728383909889271,0.5263888888888889
54,5,75.53594477074304,9.19770265918092,54,5,1.798874624464066,0.26458333333333334
54,6,inf,,54,6,-0.0,1.0
54,7,74.0017520308008,9.160638444622656,54,7,1.2270055483025015,0.4548611111111111
54,8,113.10653793269209,14.658318295540553,54,8,1.1446758460356778,0.5229166666666667
54,9,67.24086730720374,7.91360830939928,54,9,1.3152429512469608,0.5766203703703704
54,10,83.27632969785624,11.301744050538696,54,10,1.1233025511952266,0.525
54,11,63.37052310816197,7.43826775041527,54,11,1.6026631000835923,0.37060185185185185
54,12,53.57344362842605,7.409170535221704,54,12,0.8728383909889271,0.5263888888888889
54,13,inf,,54,13,-0.0,1.0
54,14,74.27031287634958,10.273245345901254,54,14,1.1233025511952266,0.525
54,15,57.643538324632026,6.677384179327213,54,15,1.5649925006293786,0.37245370370370373
54,16,93.85460135958058,12.219005620396626,54,16,1.1446758460356778,0.5229166666666667
54,17,67.08975136831013,8.448859104920189,54,17,0.8663359706366753,0.5094907407407407
54,18,69.67051052500723,10.200421305926568,54,18,0.24848444417804247,0.9548611111111112
54,19,47.5026797465301,6.422835382022864,54,19,0.8725174895164456,0.5263888888888889
54,20,59.310495044965414,7.7337743671933135,54,20,0.23987057637182785,0.9622685185185185
54,21,42.875693953428154,5.986777165345504,54,21,0.8725174895164456,0.5263888888888889
54,22,62.4571737997938,7.965719045205626,54,22,0.23987057637182785,0.9622685185185185
54,23,54.20980862987267,6.630116875325258,54,23,1.0938765112595727,0.4136574074074074
54,24,53.215941048076466,6.537580782470443,54,24,1.2305489662115494,0.3972222222222222
54,25,62.10285038649765,9.604241815260883,54,25,0.13146120358779534,0.9770833333333333
54,26,38.83690728030329,5.930423004198256,54,26,0.06050303923177077,0.9907407407407407
54,27,82.65561610643965,12.425125851068453,54,27,0.25191617068241234,0.9548611111111112
54,28,47.82485934558559,6.161114646444944,54,28,1.0938765112595727,0.4136574074074074
54,29,57.90973413722448,7.867808799878043,54,29,0.1527264841679974,0.9780092592592593
54,30,102.32527772255777,12.88016105071205,54,30,1.1446758460356778,0.5229166666666667
54,31,98.58140928642587,13.411351211857669,54,31,0.7714135607811249,0.825925925925926
54,32,50.20134402079612,8.200762733035411,54,32,0.12625301598629798,0.9777777777777777
54,33,48.40875029554875,7.026155551683246,54,33,0.12479746615693092,0.9814814814814815
54,34,63.367833641898216,8.293116339184587,54,34,0.1527264841679974,0.9780092592592593
54,35,34.62856508399076,5.219286126509929,54,35,0.692173956052359,0.5615740740740741
54,36,54.73423607198395,7.793645056335621,54,36,0.12479746615693092,0.9814814814814815
54,37,28.19573597516212,4.715141872237786,54,37,0.02920107870626881,0.9958333333333333
54,38,38.66552040444438,6.143324633313891,54,38,0.09142637743938585,0.9854166666666667
54,39,54.04858041864344,9.598480503388243,54,39,0.018959672547463474,0.9974537037037037
54,40,38.51764308188433,6.246573010718635,54,40,0.06633630080208326,0.9893518518518518
54,41,49.52607012941432,6.985366580614063,54,41,0.09543699681033974,0.9849537037037037
54,42,25.200983858634196,4.587205478511541,54,42,0.024492697303363606,0.9965277777777778
54,43,65.49951841806478,9.31004378574927,54,43,0.12479746615693092,0.9814814814814815
54,44,17.09131573140276,3.4123221621921678,54,44,0.0040174222145676316,0.999537037037037
54,45,39.323698775536926,6.903885523445129,54,45,0.018959672547463474,0.9974537037037037
54,46,59.93712366435882,8.29060989887297,54,46,0.09543699681033974,0.9849537037037037
54,47,49.10038155534259,7.182228039404706,54,47,0.2279962244309794,0.9428240740740741
54,48,32.00116787353944,5.641107251620416,54,48,0.024492697303363606,0.9965277777777778
54,49,37.45023643225696,5.820266874508395,54,49,0.06311548821912608,0.9884259259259259
54,50,41.971510264462935,6.186277173974519,54,50,0.06311548821912608,0.9884259259259259
54,51,6.725309586567129,1.8068292564360457,54,51,-0.0,1.0
54,52,33.44610782330324,5.711086599537505,54,52,0.014943216068960777,0.9979166666666667
54,53,26.60372548967127,4.960524222323809,54,53,0.0040174222145676316,0.999537037037037
54,54,0.0,0.0,54,54,-0.0,1.0
54,55,40.530636874430435,6.878245747719685,54,55,0.024492697303363606,0.9965277777777778
54,56,2.3318851751898206,0.6171329423383796,54,56,-0.0,1.0
54,57,53.30523416905098,8.712602921102821,54,57,0.018959672547463474,0.9974537037037037
54,58,58.28449056594685,10.321102580959396,54,58,0.0021691886415661126,0.9997685185185186
54,59,37.882430403189865,6.961539562130004,54,59,0.0040174222145676316,0.999537037037037
54,60,13.763421143481462,2.900284259906964,54,60,-0.0,1.0
54,61,18.99071887153243,4.5779899071217836,54,61,-0.0,1.0
54,62,20.52441217427075,3.989355395858173,54,62,0.0021691886415661126,0.9997685185185186
54,63,32.74598156611109,6.348814872695576,54,63,0.0021691886415661126,0.9997685185185186
54,64,28.744458493784702,5.0750737805607615,54,64,0.0021691886415661126,0.9997685185185186
54,65,40.38886178837498,6.841599451472682,54,65,0.0021691886415661126,0.9997685185185186
54,66,66.21365133569202,18.842231345320716,54,66,0.0021691886415661126,0.9997685185185186
55,0,89.83989178965757,11.354452428222029,55,0,0.1734346842396053,0.9636574074074075
55,1,inf,,55,1,-0.0,1.0
55,2,61.38020755873618,8.070739988721478,55,2,1.1694086023543426,0.4949074074074074
55,3,64.3713304464952,6.976910407552762,55,3,0.9154119426902253,0.6613425925925925
55,4,53.41181716351634,7.692385982549773,55,4,0.0021691886415661126,0.9997685185185186
55,5,66.71236958897228,7.739568496825055,55,5,1.5316631450044575,0.300462962962963
55,6,inf,,55,6,-0.0,1.0
55,7,64.91620682129395,7.59516352009622,55,7,1.0531654317865304,0.47291666666666665
55,8,108.17534202635878,14.652142670577794,55,8,0.17674374412192836,0.9636574074074075
55,9,58.5661928781528,6.4615647794934326,55,9,0.9154119426902253,0.6613425925925925
55,10,78.33820316710846,11.287913306883663,55,10,0.1734346842396053,0.9636574074074075
55,11,55.43488925156265,6.458975166670424,55,11,0.9698884652907063,0.612037037037037
55,12,45.91880708061802,6.716035852827014,55,12,0.0021691886415661126,0.9997685185185186
55,13,inf,,55,13,-0.0,1.0
55,14,69.33218634560188,10.217298244194279,55,14,0.1734346842396053,0.9636574074074075
55,15,49.706952026946865,5.647399416907166,55,15,0.9351499302284872,0.6168981481481481
55,16,88.92340545324774,12.202465042417192,55,16,0.17674374412192836,0.9636574074074075
55,17,57.8328229849096,6.756461977716891,55,17,0.8071681338403259,0.5131944444444444
55,18,73.38987386060428,10.38741754400584,55,18,0.8285918016171071,0.5594907407407408
55,19,39.847981992270796,5.652549165463135,55,19,0.0021691886415661126,0.9997685185185186
55,20,50.05762319777316,6.083009676810168,55,20,0.1791448064729357,0.9694444444444444
55,21,35.22099619916903,5.173596170115598,55,21,0.0021691886415661126,0.9997685185185186
55,22,53.20430195260185,6.310373966514463,55,22,0.1791448064729357,0.9694444444444444
55,23,45.89540968621988,5.3782342132144345,55,23,0.6954250853472802,0.5263888888888889
55,24,44.92415458886575,5.308871568037895,55,24,0.7925298417451485,0.5113425925925926
55,25,67.86239360766214,10.352314818105116,55,25,0.3447417652260718,0.9125
55,26,42.85498687646991,5.983294073558513,55,26,0.787753330373206,0.6261574074074074
55,27,86.36541842150038,12.753515406822817,55,27,0.8420068212361161,0.5583333333333333
55,28,39.510460401932804,4.825892122113493,55,28,0.6954250853472802,0.5263888888888889
55,29,48.62750382724093,6.133863298461792,55,29,0.11201728630189742,0.9831018518518518
55,30,97.39408181622437,12.861184379477749,55,30,0.17674374412192836,0.9636574074074075
55,31,99.36410171913883,13.098044428981877,55,31,1.1044257315908668,0.562962962962963
55,32,56.08351040760434,9.083936423646952,55,32,0.26389522758433237,0.9298611111111111
55,33,39.125300144532446,5.3276264396497215,55,33,0.0832728747993358,0.9868055555555556
55,34,54.08560333191431,6.592638369683136,55,34,0.11201728630189742,0.9831018518518518
55,35,26.901094397032363,4.2763115945952155,55,35,0.0021691886415661126,0.9997685185185186
55,36,45.45078592096767,6.125280504740256,55,36,0.0832728747993358,0.9868055555555556
55,37,33.936131697212986,5.14176942164488,55,37,0.25314899359636217,0.930787037037037
55,38,29.36308234582409,4.37373606022122,55,38,0.05148470799612575,0.9909722222222223
55,39,84.87068237789346,13.300553885883035,55,39,0.7805077660832788,0.6259259259259259
55,40,44.29730434198387,6.963604705128179,55,40,0.25314899359636217,0.930787037037037
55,41,40.223632070793954,5.310522824776815,55,41,0.05549793072710615,0.9905092592592593
55,42,15.866570720451412,2.3119893685801505,55,42,-0.0,1.0
55,43,56.21606826704865,7.796310833094256,55,43,0.0832728747993358,0.9868055555555556
55,44,29.285648162849537,5.190847510542958,55,44,0.007392827050184505,0.9990740740740741
55,45,70.14580073478673,10.613635922162112,55,45,0.7805077660832788,0.6259259259259259
55,46,50.63468560573836,6.717132238781993,55,46,0.05549793072710615,0.9905092592592593
55,47,55.09207290299522,8.128168780622019,55,47,0.2588436467101742,0.9300925925925926
55,48,8.848604118453723,1.4533761457135104,55,48,-0.0,1.0
55,49,62.253145824972336,9.48180031505871,55,49,0.5170857469121377,0.8530092592592593
55,50,66.77441965717816,9.878700537800224,55,50,0.5170857469121377,0.8530092592592593
55,51,39.49791313508334,6.235695288745334,55,51,0.010525772841444644,0.9986111111111111
55,52,64.30177478694918,9.395111145525945,55,52,0.7355121639903709,0.6284722222222222
55,53,19.735196227388865,3.237006857009906,55,53,-0.0,1.0
55,54,32.777604239791614,5.1299611089303765,55,54,-0.0,1.0
55,55,0.0,0.0,55,55,-0.0,1.0
55,56,30.29880678367129,4.777230065551348,55,56,-0.0,1.0
55,57,84.12733612830084,12.405479474686823,55,57,0.7805077660832788,0.6259259259259259
55,58,91.03767243478714,13.85519990914104,55,58,0.024431732654320193,0.9962962962962963
55,59,31.013901140907418,5.325118221462002,55,59,-0.0,1.0
55,60,46.53989220827546,6.713013690507915,55,60,0.0040174222145676316,0.999537037037037
55,61,46.95764048001367,7.829926597590377,55,61,-0.0,1.0
55,62,53.27759404311111,7.847158592947756,55,62,0.024431732654320193,0.9962962962962963
55,63,65.49916343495143,9.99337327076799,55,63,0.024431732654320193,0.9962962962962963
55,64,61.49764036262498,8.957718990614076,55,64,0.024431732654320193,0.9962962962962963
55,65,73.14204365721514,10.496572219201852,55,65,0.024431732654320193,0.9962962962962963
55,66,98.96683320453228,21.22143428335881,55,66,0.024431732654320193,0.9962962962962963
56,0,97.25681577652566,11.631582636572968,56,0,1.1233025511952266,0.525
56,1,inf,,56,1,-0.0,1.0
56,2,71.67855245331474,9.311947643127175,56,2,1.896281004107803,0.26643518518518516
56,3,75.52480233166673,8.71218144198221,56,3,1.3152429512469608,0.5766203703703704
56,4,63.54525116744459,8.688740645480635,56,4,0.8728383909889271,0.5263888888888889
56,5,78.01474222686359,9.559303551123067,56,5,1.798874624464066,0.26458333333333334
56,6,inf,,56,6,-0.0,1.0
56,7,76.4805494869211,9.515724141529038,56,7,1.2270055483025015,0.4548611111111111
56,8,115.58533538881275,14.987305952695166,56,8,1.1446758460356778,0.5229166666666667
56,9,69.71966476332416,8.261301712854307,56,9,1.3152429512469608,0.5766203703703704
56,10,85.75512715397697,11.674099907929367,56,10,1.1233025511952266,0.525
56,11,65.84932056428231,7.799224306224889,56,11,1.6026631000835923,0.37060185185185185
56,12,56.052241084546296,7.775963953423447,56,12,0.8728383909889271,0.5263888888888889
56,13,inf,,56,13,-0.0,1.0
56,14,76.74911033246985,10.652255350999784,56,14,1.1233025511952266,0.525
56,15,60.122335780752195,7.032337314563565,56,15,1.5649925006293786,0.37245370370370373
56,16,96.33339881570146,12.592287873734422,56,16,1.1446758460356778,0.5229166666666667
56,17,69.56854882443038,8.76747679259678,56,17,0.8663359706366753,0.5094907407407407
56,18,72.1493079811271,10.576551427996641,56,18,0.24848444417804247,0.9548611111111112
56,19,49.981477202650495,6.792330045334797,56,19,0.8725174895164456,0.5263888888888889
56,20,61.789292501085676,8.002768923538673,56,20,0.23987057637182785,0.9622685185185185
56,21,45.35449140954861,6.354243505940934,56,21,0.8725174895164456,0.5263888888888889
56,22,64.93597125591413,8.240238524132167,56,22,0.23987057637182785,0.9622685185185185
56,23,56.68860608599316,6.983781577043071,56,23,1.0938765112595727,0.4136574074074074
56,24,55.69473850419666,6.895466449001883,56,24,1.2305489662115494,0.3972222222222222
56,25,64.58164784261825,9.97465948924016,56,25,0.13146120358779534,0.9770833333333333
56,26,41.31570473642354,6.257338473683695,56,26,0.06050303923177077,0.9907407407407407
56,27,85.13441356256006,12.786639841992669,56,27,0.25191617068241234,0.9548611111111112
56,28,50.30365680170581,6.513264616199678,56,28,1.0938765112595727,0.4136574074074074
56,29,60.38853159334482,8.118863044059205,56,29,0.1527264841679974,0.9780092592592593
56,30,104.80407517867823,13.255478769024434,56,30,1.1446758460356778,0.5229166666666667
56,31,101.06020674254641,13.778932351165235,56,31,0.7714135607811249,0.825925925925926
56,32,52.68014147691669,8.567351315752386,56,32,0.12625301598629798,0.9777777777777777
56,33,50.88754775166886,7.244873129143735,56,33,0.12479746615693092,0.9814814814814815
56,34,65.84663109801849,8.566288352895395,56,34,0.1527264841679974,0.9780092592592593
56,35,37.107362540111026,5.575614993134411,56,35,0.692173956052359,0.5615740740740741
56,36,57.213033528104184,8.057828152512093,56,36,0.12479746615693092,0.9814814814814815
56,37,30.67453343128245,5.040709406182459,56,37,0.02920107870626881,0.9958333333333333
56,38,41.14431786056492,6.369386129321683,56,38,0.09142637743938585,0.9854166666666667
56,39,56.5273778747639,9.944553848250774,56,39,0.018959672547463474,0.9974537037037037
56,40,40.996440538004606,6.608120563003122,56,40,0.06633630080208326,0.9893518518518518
56,41,52.0048675855348,7.250453574774926,56,41,0.09543699681033974,0.9849537037037037
56,42,27.67978131475465,4.892434777775582,56,42,0.024492697303363606,0.9965277777777778
56,43,67.97831587418528,9.611939557655026,56,43,0.12479746615693092,0.9814814814814815
56,44,19.570113187523127,3.7046373858917785,56,44,0.0040174222145676316,0.999537037037037
56,45,41.80249623165743,7.238655876613456,56,45,0.018959672547463474,0.9974537037037037
56,46,62.41592112047924,8.590998448347886,56,46,0.09543699681033974,0.9849537037037037
56,47,51.57917901146283,7.537697776889001,56,47,0.2279962244309794,0.9428240740740741
56,48,34.47996532965985,5.972518024144837,56,48,0.024492697303363606,0.9965277777777778
56,49,39.92903388837731,6.14866002642335,56,49,0.06311548821912608,0.9884259259259259
56,50,44.450307720583304,6.5192061534074695,56,50,0.06311548821912608,0.9884259259259259
56,51,9.204107042687477,2.1529974643900753,56,51,-0.0,1.0
56,52,35.92490527942368,6.028719500626668,56,52,0.014943216068960777,0.9979166666666667
56,53,29.082522945791784,5.2983995745316745,56,53,0.0040174222145676316,0.999537037037037
56,54,2.478797456120365,0.5677060276888539,56,54,-0.0,1.0
56,55,43.009434330550825,7.2186547976615305,56,55,0.024492697303363606,0.9965277777777778
56,56,0.0,0.0,56,56,-0.0,1.0
56,57,55.78403162517126,9.04317043313863,56,57,0.018959672547463474,0.9974537037037037
56,58,60.76328802206733,10.630376494404986,56,58,0.0021691886415661126,0.9997685185185186
56,59,40.36122785931034,7.316401844941322,56,59,0.0040174222145676316,0.999537037037037
56,60,16.242218599601873,3.1314573143808,56,60,-0.0,1.0
56,61,16.658833696342622,4.207462755065218,56,61,-0.0,1.0
56,62,23.003209630391236,4.274005408239816,56,62,0.0021691886415661126,0.9997685185185186
56,63,35.22477902223144,6.637779091800316,56,63,0.0021691886415661126,0.9997685185185186
56,64,31.223255949905177,5.384400857904936,56,64,0.0021691886415661126,0.9997685185185186
56,65,42.86765924449534,7.135946501677313,56,65,0.0021691886415661126,0.9997685185185186
56,66,68.69244879181254,19.037069312148727,56,66,0.0021691886415661126,0.9997685185185186
57,0,91.77663122999542,11.43204629078881,57,0,0.9039073219859184,0.6381944444444444
57,1,inf,,57,1,-0.0,1.0
57,2,90.06949244679195,11.477141948687233,57,2,1.8647377870217183,0.32175925925925924
57,3,99.25655682143996,10.983304686575591,57,3,1.5277316538587398,0.5659722222222222
57,4,81.06477524143281,10.595598823863792,57,4,1.3059685446492868,0.43194444444444446
57,5,102.784884352766,11.814322113760829,57,5,1.6901426500545935,0.5502314814814815
57,6,inf,,57,6,-0.0,1.0
57,7,104.26586581981266,11.87739070335466,57,7,1.800229554333916,0.49236111111111114
57,8,110.0912760698404,14.74550763708547,57,8,0.9500560517423827,0.6342592592592593
57,9,93.45141925309704,10.565884911994996,57,9,1.5277316538587398,0.5659722222222222
57,10,80.27494260744662,11.53388691793964,57,10,0.9039073219859184,0.6381944444444444
57,11,86.4483320802196,9.753304000856266,57,11,1.4933967381739206,0.5655092592592592
57,12,73.5717651585349,9.785844985988225,57,12,1.3059685446492868,0.43194444444444446
57,13,inf,,57,13,-0.0,1.0
57,14,71.26892578593962,10.6597226661757,57,14,0.9039073219859184,0.6381944444444444
57,15,81.15733004472918,9.054783873252395,57,15,1.4162580046846656,0.594212962962963
57,16,90.83933949672927,12.348371447838897,57,16,0.9500560517423827,0.6342592592592593
57,17,103.02678896076868,11.544894907253513,57,17,2.0603382149499216,0.3594907407407407
57,18,64.2340274333936,9.895919287113525,57,18,0.9039073219859184,0.6381944444444444
57,19,70.78095691680558,8.747197316613534,57,19,0.9140091829894547,0.7888888888888889
57,20,95.13346142110404,10.504219708027637,57,20,1.421817582165045,0.6662037037037037
57,21,66.15397112370397,8.390810073217269,57,21,0.9140091829894547,0.7888888888888889
57,22,98.28014017593303,10.771439465552161,57,22,1.421817582165045,0.6662037037037037
57,23,78.4848135172266,9.304215340392052,57,23,0.6517767910882555,0.874537037037037
57,24,77.39871158091425,9.102805330926422,57,24,0.8705869020031257,0.8347222222222223
57,25,56.52686369921074,9.125587277350146,57,25,0.9039073219859184,0.6381944444444444
57,26,61.1975987414792,8.420888718867458,57,26,0.5027390675476877,0.8983796296296296
57,27,77.22726256720847,12.004605000059742,57,27,0.9093720718472801,0.637962962962963
57,28,72.09986423293991,8.902223091650946,57,28,0.6517767910882555,0.874537037037037
57,29,94.22304319955545,10.508005997397674,57,29,1.1578480032737266,0.7212962962962963
57,30,99.31001585970617,12.943601833852671,57,30,0.9500560517423827,0.6342592592592593
57,31,93.65760267237722,13.29180523964123,57,31,1.1789678595043163,0.5895833333333333
57,32,44.61920336491437,7.5947562053037805,57,32,0.9039073219859184,0.6381944444444444
57,33,84.72964786294445,9.527156661179168,57,33,1.1220230288700113,0.7240740740740741
57,34,99.68114270422909,11.04839807535416,57,34,1.1578480032737266,0.7212962962962963
57,35,58.14694924959732,7.9328733053530875,57,35,0.5663212339174533,0.8868055555555555
57,36,91.05513363937956,10.621329650254818,57,36,1.1220230288700113,0.7240740740740741
57,37,50.549470304310276,7.491880868045259,57,37,0.4865869302118615,0.8997685185185185
57,38,75.03572266952311,8.837236980233344,57,38,1.0878100833937352,0.725462962962963
57,39,30.550058248717594,5.822847858046428,57,39,0.4434125282084265,0.8377314814814815
57,40,38.684377852578706,6.368926254181739,57,40,0.4076942810673598,0.9106481481481481
57,41,85.89479715637276,9.930536730456781,57,41,1.0939989634242493,0.725462962962963
57,42,61.80722466139597,7.852663183675309,57,42,0.9365121592621363,0.7488425925925926
57,43,101.82041598546061,12.38308295867509,57,43,1.1220230288700113,0.7240740740740741
57,44,54.083621084118164,6.844557790267278,57,44,0.6813164755396194,0.8356481481481481
57,45,15.82517660561118,3.4484593030280024,57,45,0.4434125282084265,0.8377314814814815
57,46,96.30585069131709,11.407872250131165,57,46,1.0939989634242493,0.725462962962963
57,47,40.0137558971203,5.427709695636971,57,47,0.3366675778751694,0.9236111111111112
57,48,68.60740867630096,9.175030454843483,57,48,0.9365121592621363,0.7488425925925926
57,49,18.246310315916663,3.6950028524737384,57,49,0.19987615995162306,0.9495370370370371
57,50,22.76758414812272,4.082544839481867,57,50,0.19987615995162306,0.9495370370370371
57,51,44.000844174439855,5.855256291513684,57,51,0.4478613004164501,0.9016203703703703
57,52,14.190266539249995,3.3864671947172384,57,52,0.19987615995162306,0.9495370370370371
57,53,63.596030842386234,8.418789699160437,57,53,0.6813164755396194,0.8356481481481481
57,54,47.64853289321522,7.214122297387937,57,54,0.9143127867015212,0.5368055555555555
57,55,77.13687767719192,10.509449002738094,57,55,0.9365121592621363,0.7488425925925926
57,56,49.98041806840515,7.562902593896315,57,56,0.9143127867015212,0.5368055555555555
57,57,0.0,0.0,57,57,-0.0,1.0
57,58,65.34924892980789,12.242595882645784,57,58,0.19987615995162306,0.9495370370370371
57,59,74.87473575590502,10.4818635932966,57,59,0.6813164755396194,0.8356481481481481
57,60,32.59628625750005,6.724825695591063,57,60,0.20879882467340538,0.9483796296296296
57,61,66.63925176474754,10.674870382311157,57,61,0.9143127867015212,0.5368055555555555
57,62,27.589170538131896,6.3022870102514945,57,62,0.19987615995162306,0.9495370370370371
57,63,39.81073992997237,8.161502342911222,57,63,0.19987615995162306,0.9495370370370371
57,64,35.80921685764583,7.822275271225133,57,64,0.19987615995162306,0.9495370370370371
57,65,47.45362015223616,8.682086756205718,57,65,0.19987615995162306,0.9495370370370371
57,66,73.27840969955326,19.94218209895347,57,66,0.19987615995162306,0.9495370370370371
58,0,134.61119000938407,18.976595286254913,58,0,0.753264241217912,0.50625
58,1,inf,,58,1,-0.0,1.0
58,2,129.19614444364814,19.138807015396647,58,2,2.442717339633549,0.19328703703703703
58,3,134.56866025694913,19.18987161286042,58,3,1.7351835637903423,0.40625
58,4,120.75914639745837,18.428293595586744,58,4,1.6507451218114502,0.37824074074074077
58,5,137.36051343825895,20.12980875761349,58,5,2.0776975127730624,0.23402777777777778
58,6,inf,,58,6,-0.0,1.0
58,7,136.5934639045073,20.380881725199668,58,7,1.5869434725226905,0.38055555555555554
58,8,152.92610031646944,21.714329411661957,58,8,0.7989235256873479,0.5020833333333333
58,9,128.7635226886065,18.762864516835823,58,9,1.7351835637903423,0.40625
58,10,123.10950138683555,19.19594263145497,58,10,0.753264241217912,0.50625
58,11,123.8702942677569,17.88496419564365,58,11,1.9970550459762904,0.3472222222222222
58,12,113.26613631456028,17.730854139626796,58,12,1.6507451218114502,0.37824074074074077
58,13,inf,,58,13,-0.0,1.0
58,14,114.10348456532894,18.546395175726964,58,14,0.753264241217912,0.50625
58,15,118.19179360771774,17.2372167309946,58,15,1.924074835441199,0.3506944444444444
58,16,133.67416374335875,19.952957745444255,58,16,0.7989235256873479,0.5020833333333333
58,17,130.496018085625,20.0271710102233,58,17,1.0571120145501771,0.4925925925925926
58,18,107.08890607318985,17.90994461098094,58,18,0.7318346800274772,0.5078703703703704
58,19,107.93357548712481,17.075934834775797,58,19,1.3245314952845897,0.4675925925925926
58,20,122.69236156047218,19.075349868762565,58,20,0.43126058231685305,0.930787037037037
58,21,103.30658969402278,16.723124798214407,58,21,1.3245314952845897,0.4675925925925926
58,22,125.8390403153012,19.344691343348977,58,22,0.43126058231685305,0.930787037037037
58,23,115.02202763566676,17.467969196162155,58,23,1.3108610614537366,0.47430555555555554
58,24,114.00120340213391,17.354572488466182,58,24,1.4847534905910673,0.45023148148148145
58,25,99.38242941377347,17.272725120848786,58,25,0.7298222472727374,0.5081018518518519
58,26,98.73999472788661,16.489665651833,58,26,0.7502841052566598,0.5664351851851852
58,27,120.08214120700436,19.539415088082666,58,27,0.737529931262854,0.5076388888888889
58,28,108.63707835137973,17.078817978137746,58,28,1.3108610614537366,0.47430555555555554
58,29,121.36800740984502,19.065035699904275,58,29,0.3154044398169288,0.9502314814814815
58,30,142.1448401063354,20.518422295193595,58,30,0.7989235256873479,0.5020833333333333
58,31,136.51204994359472,20.696107208090194,58,31,1.0095774522286722,0.46875
58,32,87.47476907947666,15.969334483425524,58,32,0.7298222472727374,0.5081018518518519
58,33,111.86930358741218,18.156412006864976,58,33,0.28943528718969014,0.9532407407407407
58,34,126.82610691451802,19.57211621780315,58,34,0.3154044398169288,0.9502314814814815
58,35,95.11177460131972,16.157288874727413,58,35,1.0696474028142002,0.5122685185185185
58,36,118.19478936384715,19.231944593621787,58,36,0.28943528718969014,0.9532407407407407
58,37,88.08966813403003,15.576643110496107,58,37,0.7321544592013384,0.5668981481481481
58,38,102.13293009052079,17.60777781988891,58,38,0.25633783399972726,0.9564814814814815
58,39,74.81332700252749,15.362364868993517,58,39,-0.0,1.0
58,40,78.71857210733819,14.156942571604745,58,40,0.21538389880477257,0.9555555555555556
58,41,112.99347981549073,18.623153446093443,58,41,0.25946862092265655,0.95625
58,42,88.70681847229162,16.851378500623248,58,42,0.17408120347128503,0.969212962962963
58,43,128.9600717099284,20.871193661048665,58,43,0.28943528718969014,0.9532407407407407
58,44,80.62424940473163,15.83052049619063,58,44,0.12899286941605811,0.975462962962963
58,45,60.08844535942126,13.234284465805372,58,45,-0.0,1.0
58,46,123.40453335043519,20.020633117576867,58,46,0.25946862092265655,0.95625
58,47,80.03055612146505,13.673279200885014,58,47,0.13740754272321343,0.9712962962962963
58,48,95.50700248719714,18.08746891863905,58,48,0.17408120347128503,0.969212962962963
58,49,58.26637027578481,12.608207524314045,58,49,-0.0,1.0
58,50,62.78764410799059,12.910110129345236,58,50,-0.0,1.0
58,51,70.3038329160787,14.935422175340447,58,51,0.10342913216387865,0.9789351851851852
58,52,54.210326499117905,12.321513567012659,58,52,-0.0,1.0
58,53,90.13665916299999,17.254323841965178,58,53,0.12899286941605811,0.975462962962963
58,54,63.70561319127778,14.35511418307727,58,54,0.028255328366162367,0.9956018518518519
58,55,104.03647148808814,19.316165555721245,58,55,0.17408120347128503,0.969212962962963
58,56,66.03749836646764,14.629626701910306,58,56,0.028255328366162367,0.9956018518518519
58,57,74.06998075293508,14.895685295182597,58,57,-0.0,1.0
58,58,0.0,0.0,58,58,-0.0,1.0
58,59,101.41536407651843,19.146970110478563,58,59,0.12899286941605811,0.975462962962963
58,60,46.285599946437515,11.484413544064575,58,60,-0.0,1.0
58,61,82.69633206281011,17.121076367570062,58,61,0.028255328366162367,0.9956018518518519
58,62,41.27230064227321,11.06491581376458,58,62,-0.0,1.0
58,63,27.332282124726856,9.089175424497801,58,63,-0.0,1.0
58,64,49.49234696178684,12.163811357837751,58,64,-0.0,1.0
58,65,34.975162346990786,9.565785942474925,58,65,-0.0,1.0
58,66,60.79995189430778,20.62943491688149,58,66,-0.0,1.0
59,0,98.97791205252791,13.035666298387449,59,0,1.0863117335827228,0.5291666666666667
59,1,inf,,59,1,-0.0,1.0
59,2,73.35301574460179,10.659652424445186,59,2,1.890869737618551,0.26643518518518516
59,3,77.1985152528449,9.909974388903017,59,3,1.3103004081101293,0.5768518518518518
59,4,65.22075076844928,10.047042649982416,59,4,0.8657005720674705,0.5266203703703703
59,5,79.68745454064106,10.754064320010304,59,5,1.7938710456816314,0.26458333333333334
59,6,inf,,59,6,-0.0,1.0
59,7,78.15046846198157,10.611479395252514,59,7,1.2204395208313898,0.4548611111111111
59,8,117.30687193144867,16.327708766392554,59,8,1.1072036545385622,0.5268518518518519
59,9,71.39337768450257,9.431066183341828,59,9,1.3103004081101293,0.5768518518518518
59,10,87.47622342997933,13.106046814686028,59,10,1.0863117335827228,0.5291666666666667
59,11,67.52313569817345,9.145047121743463,59,11,1.5975271619290234,0.37060185185185185
59,12,57.72774068555082,9.14253166653331,59,12,0.8657005720674705,0.5266203703703703
59,13,inf,,59,13,-0.0,1.0
59,14,78.47020660847225,12.092998808299619,59,14,1.0863117335827228,0.5291666666666667
59,15,61.79615091464339,8.345823156647711,59,15,1.559849149943305,0.37245370370370373
59,16,98.05493535833823,14.044966166274765,59,16,1.1072036545385622,0.5268518518518519
59,17,71.23345320939117,9.646038714642648,59,17,0.8623529154059895,0.5094907407407407
59,18,73.90549859738903,11.947741483181323,59,18,0.18132236478079847,0.9659722222222222
59,19,51.65691559720374,8.158411986405804,59,19,0.8657005720674705,0.5266203703703703
59,20,63.45419688604627,8.654373172167059,59,20,0.2355498405112825,0.9627314814814815
59,21,47.02992980410181,7.708854619366868,59,21,0.8657005720674705,0.5266203703703703
59,22,66.60087564087499,8.923424890447683,59,22,0.2355498405112825,0.9627314814814815
59,23,58.3624212198842,8.232709575586393,59,23,1.0876327667212387,0.41388888888888886
59,24,57.368553638087924,8.180859463324236,59,24,1.224333030196602,0.3974537037037037
59,25,66.390711070676,11.35211992634359,59,25,0.047891837934581336,0.993287037037037
59,26,42.99230539196508,7.635628342723317,59,26,0.053117964165409176,0.9916666666666667
59,27,86.89060417882179,14.0709051483841,59,27,0.1861521691636673,0.9657407407407408
59,28,51.97747193559717,7.772405119335701,59,28,1.0876327667212387,0.41388888888888886
59,29,62.05343597830541,8.642586008755083,59,29,0.14839823824723647,0.9784722222222222
59,30,106.52561172131492,14.723716707015344,59,30,1.1072036545385622,0.5268518518518519
59,31,102.80271898553498,15.153645068348824,59,31,0.716604648869196,0.8331018518518518
59,32,54.49962457784265,10.013810159932047,59,32,0.033295224391458426,0.9953703703703703
59,33,52.552452136629505,7.694501370212513,59,33,0.12046757987905683,0.9819444444444444
59,34,67.51153548297908,9.2104181966956,59,34,0.14839823824723647,0.9784722222222222
59,35,38.78117767400226,6.881464088827831,59,35,0.6854877514840565,0.5618055555555556
59,36,58.87793791306473,8.711804796933205,59,36,0.12046757987905683,0.9819444444444444
59,37,32.3511340868241,6.348224368567544,59,37,0.021811258609293675,0.9967592592592592
59,38,42.809222245525426,6.9157374035152195,59,38,0.08709463908926517,0.9858796296296296
59,39,78.23491433538177,12.776653034233,59,39,0.38828566640822665,0.8805555555555555
59,40,42.712306731594936,8.040164095393548,59,40,0.021811258609293675,0.9967592592592592
59,41,53.6697719704953,7.957871102227487,59,41,0.0911054759669044,0.9854166666666667
59,42,29.3434384333866,5.812223704772355,59,42,0.020476670688374877,0.9969907407407408
59,43,69.64322025914595,10.455852529035752,59,43,0.12046757987905683,0.9819444444444444
59,44,21.23310413446064,4.674996165356502,59,44,-0.0,1.0
59,45,63.51003269227553,10.067763759101437,59,45,0.38828566640822665,0.8805555555555555
59,46,64.08082550543998,9.454873231895062,59,46,0.0911054759669044,0.9854166666666667
59,47,53.50707529260646,9.145436468829013,59,47,0.027553483579565236,0.9960648148148148
59,48,36.143622448291616,6.997208243258263,59,48,0.020476670688374877,0.9969907407407408
59,49,59.017869106236034,9.488806037504931,59,49,0.6829461221631259,0.5712962962962963
59,50,63.53914293844213,9.88626095685888,59,50,0.6829461221631259,0.5712962962962963
59,51,31.44509043218749,5.5540280829038,59,51,-0.0,1.0
59,52,57.65146061703929,8.84494563155,59,52,0.36559361817979225,0.882175925925926
59,53,11.67737283321758,2.616924625631517,59,53,-0.0,1.0
59,54,24.719780845620324,4.40109659085815,59,54,-0.0,1.0
59,55,44.67309144918295,8.288296828592184,59,55,0.020476670688374877,0.9969907407407408
59,56,22.240983389500016,4.050751220282146,59,56,-0.0,1.0
59,57,77.4915680857895,11.812582753340049,59,57,0.38828566640822665,0.8805555555555555
59,58,82.99616289611083,13.271555542217506,59,58,0.010525772841444644,0.9986111111111111
59,59,0.0,0.0,59,59,-0.0,1.0
59,60,38.483201989101865,6.01477127718524,59,60,-0.0,1.0
59,61,38.89981708584252,7.22546627558942,59,61,-0.0,1.0
59,62,45.23608450443518,7.197203470185157,59,62,0.010525772841444644,0.9986111111111111
59,63,57.45765389627529,9.365573632562203,59,63,0.010525772841444644,0.9986111111111111
59,64,53.456130823949046,8.313082217883482,59,64,0.010525772841444644,0.9986111111111111
59,65,65.10053411853946,9.880957090831199,59,65,0.010525772841444644,0.9986111111111111
59,66,90.92532366585664,20.825350191740775,59,66,0.010525772841444644,0.9986111111111111
60,0,99.87335056522474,12.233988885765088,60,0,0.950690738527119,0.48194444444444445
60,1,inf,,60,1,-0.0,1.0
60,2,86.29009459707639,11.815302603489327,60,2,2.1335410369716725,0.24837962962962962
60,3,90.27495281666192,11.336524301945618,60,3,1.4495352404001873,0.5657407407407408
60,4,78.10791329468977,11.126034557172385,60,4,1.1579359256751016,0.4900462962962963
60,5,92.78964820894679,12.23868398179151,60,5,1.9061882816541464,0.25949074074074074
60,6,inf,,60,6,-0.0,1.0
60,7,91.3087966876945,12.240693576264913,60,7,1.3169965657064433,0.44814814814814813
60,8,118.18826307342809,15.517396403280841,60,8,0.9940171765984704,0.4777777777777778
60,9,84.46981524831983,10.903675261370187,60,9,1.4495352404001873,0.5657407407407408
60,10,88.37166194267583,12.342893465709563,60,10,0.950690738527119,0.48194444444444445
60,11,80.53740228151419,10.351241011063445,60,11,1.7904516518709097,0.3525462962962963
60,12,70.61490321179177,10.248072342051119,60,12,1.1579359256751016,0.4900462962962963
60,13,inf,,60,13,-0.0,1.0
60,14,79.36564512116902,11.421836615458671,60,14,0.950690738527119,0.48194444444444445
60,15,74.82134572792147,9.589508613180753,60,15,1.7439437391131283,0.3548611111111111
60,16,98.93632650031712,13.221419027089336,60,16,0.9940171765984704,0.4777777777777778
60,17,84.47049559177096,11.499033133639072,60,17,0.9091980345526411,0.5069444444444444
60,18,72.46839850181932,10.636136735503714,60,18,0.8247793539333655,0.49699074074074073
60,19,64.66763759100462,9.40425508453886,60,19,1.0638906277053086,0.49930555555555556
60,20,76.68536506438892,10.599540959152803,60,20,0.2852806166840765,0.9576388888888889
60,21,60.04065179790274,8.981501804485024,60,21,1.0638906277053086,0.49930555555555556
60,22,79.83204381921767,10.853059832618213,60,22,0.2852806166840765,0.9576388888888889
60,23,71.42060862391673,9.66297869986345,60,23,1.2382947790105847,0.39143518518518516
60,24,70.41883953975713,9.547459294204456,60,24,1.384813944068999,0.3761574074074074
60,25,64.77104578500473,9.867951612056913,60,25,0.8146198240097922,0.4979166666666667
60,26,55.90397921281483,8.760878309870563,60,26,0.3100497781593683,0.9215277777777777
60,27,85.46163363563433,12.746456750345613,60,27,0.8304572866729512,0.49675925925925923
60,28,65.03565933962977,9.20168881138039,60,28,1.2382947790105847,0.39143518518518516
60,29,75.29912660370603,10.623260688313254,60,29,0.19398414499301514,0.9726851851851852
60,30,107.40700286329388,13.873896113024012,60,30,0.9940171765984704,0.4777777777777778
60,31,101.87467231535189,14.093163500424074,60,31,1.1214726583343262,0.45810185185185187
60,32,52.86338545070849,8.366581529709983,60,32,0.8146198240097922,0.4979166666666667
60,33,65.79814276203004,9.705334563953796,60,33,0.16695348118023526,0.975925925925926
60,34,80.75722610837971,11.108160123961246,60,34,0.19398414499301514,0.9726851851851852
60,35,51.8053380059792,8.253394471063878,60,35,0.8695851335702011,0.5324074074074074
60,36,72.12362853846524,10.64487038943855,60,36,0.16695348118023526,0.975925925925926
60,37,45.25796228197683,7.587943240797924,60,37,0.28272907662182895,0.9256944444444445
60,38,56.056744745831075,8.914004767644286,60,38,0.1326508312430997,0.9798611111111111
60,39,40.302937809412015,8.197064851054105,60,39,-0.0,1.0
60,40,43.888301016087986,6.58156204569207,60,40,0.3662208120926005,0.906712962962963
60,41,66.9172944708008,9.876491091061268,60,41,0.13665883253183683,0.9793981481481482
60,42,42.5977338497522,7.80488079383238,60,42,0.06149767479785772,0.9912037037037037
60,43,82.88891088454643,12.247808152767433,60,43,0.16695348118023526,0.975925925925926
60,44,34.49114302772687,6.714484517865754,60,44,0.037926044905764074,0.9944444444444445
60,45,25.578056166305522,5.341694906293693,60,45,-0.0,1.0
60,46,77.32834800574541,11.274871531773792,60,46,0.13665883253183683,0.9793981481481482
60,47,45.47850238651149,5.8684225904855385,60,47,0.17032311605670264,0.9657407407407408
60,48,49.39791786465741,8.941680954668671,60,48,0.06149767479785772,0.9912037037037037
60,49,23.755981082668946,4.343280712980138,60,49,-0.0,1.0
60,50,28.27725491487501,4.729438457271011,60,50,-0.0,1.0
60,51,24.152903413942184,5.708504347353687,60,51,0.026993969543528583,0.9958333333333333
60,52,19.699937306002376,4.039637954211172,60,52,-0.0,1.0
60,53,44.003552785995446,8.226219475135572,60,53,0.037926044905764074,0.9944444444444445
60,54,17.458539556976866,4.9138881862155595,60,54,0.012030099389652566,0.9983796296296297
60,55,57.92738686554845,10.16548580328086,60,55,0.06149767479785772,0.9912037037037037
60,56,19.790424732166656,5.188774533911246,60,56,0.012030099389652566,0.9983796296296297
60,57,39.55959155981937,7.207944407959226,60,57,-0.0,1.0
60,58,44.52198984083348,8.969899775737712,60,58,-0.0,1.0
60,59,55.282257699513984,10.188899140322103,60,59,0.037926044905764074,0.9944444444444445
60,60,0.0,0.0,60,60,-0.0,1.0
60,61,36.44925842850922,8.077225275568578,60,61,0.012030099389652566,0.9983796296296297
60,62,6.761911449157412,1.8239232715909095,60,62,-0.0,1.0
60,63,18.983480840997725,4.726899569295592,60,63,-0.0,1.0
60,64,14.98195776867131,3.1065713562506008,60,64,-0.0,1.0
60,65,26.626361063261506,5.2433165112320275,60,65,-0.0,1.0
60,66,52.45115061057888,17.55242504265594,60,66,-0.0,1.0
61,0,114.70828194746798,14.581587965407698,61,0,1.1233025511952266,0.525
61,1,inf,,61,1,-0.0,1.0
61,2,89.13001862425729,12.326661304003753,61,2,1.896281004107803,0.26643518518518516
61,3,92.97626850260916,11.592392993746564,61,3,1.3152429512469608,0.5766203703703704
61,4,80.99671733838666,11.73036860890904,61,4,0.8728383909889271,0.5263888888888889
61,5,95.46620839780581,12.47337278782598,61,5,1.798874624464066,0.26458333333333334
61,6,inf,,61,6,-0.0,1.0
61,7,93.93201565786346,12.365664396193111,61,7,1.2270055483025015,0.4548611111111111
61,8,133.03680155975417,17.713675376810574,61,8,1.1446758460356778,0.5229166666666667
61,9,87.1711309342661,11.164113640138073,61,9,1.3152429512469608,0.5766203703703704
61,10,103.20659332491927,14.669881349542422,61,10,1.1233025511952266,0.525
61,11,83.30078673522438,10.818825572655767,61,11,1.6026631000835923,0.37060185185185185
61,12,73.50370725548841,10.84280133607921,61,12,0.8728383909889271,0.5263888888888889
61,13,inf,,61,13,-0.0,1.0
61,14,94.20057650341215,13.699686697369627,61,14,1.1233025511952266,0.525
61,15,77.57380195169448,10.059074474892492,61,15,1.5649925006293786,0.37245370370370373
61,16,113.7848649866434,15.579890656829564,61,16,1.1446758460356778,0.5229166666666667
61,17,87.0200149953724,11.44069267674171,61,17,0.8663359706366753,0.5094907407407407
61,18,89.60077415206966,13.538292277337671,61,18,0.24848444417804247,0.9548611111111112
61,19,67.43294337359278,9.888985064271452,61,19,0.8725174895164456,0.5263888888888889
61,20,79.2407586720276,10.45378078501022,61,20,0.23987057637182785,0.9622685185185185
61,21,62.80595758049075,9.465817498634467,61,21,0.8725174895164456,0.5263888888888889
61,22,82.38743742685664,10.709248319329449,61,22,0.23987057637182785,0.9622685185185185
61,23,74.14007225693513,10.00315893706067,61,23,1.0938765112595727,0.4136574074074074
61,24,73.14620467513897,9.933899521054508,61,24,1.2305489662115494,0.3972222222222222
61,25,82.03311401356018,12.92050932328561,61,25,0.13146120358779534,0.9770833333333333
61,26,58.767170907365774,9.179726180466135,61,26,0.06050303923177077,0.9907407407407407
61,27,102.5858797335028,15.659746291454358,61,27,0.25191617068241234,0.9548611111111112
61,28,67.75512297264821,9.550214644507175,61,28,1.0938765112595727,0.4136574074074074
61,29,77.83999776428693,10.46422082203835,61,29,0.1527264841679974,0.9780092592592593
61,30,122.2555413496206,16.238629529496766,61,30,1.1446758460356778,0.5229166666666667
61,31,118.51167291348847,16.693506806902175,61,31,0.7714135607811249,0.825925925925926
61,32,70.13160764785901,11.5321112434011,61,32,0.12625301598629798,0.9777777777777777
61,33,68.33901392261076,9.472083609261858,61,33,0.12479746615693092,0.9814814814814815
61,34,83.29809726896093,11.01326535794386,61,34,0.1527264841679974,0.9780092592592593
61,35,54.55882871105312,8.697393419253538,61,35,0.692173956052359,0.5615740740740741
61,36,74.66449969904609,10.46680748992968,61,36,0.12479746615693092,0.9814814814814815
61,37,48.125999602224354,8.061750112840096,61,37,0.02920107870626881,0.9958333333333333
61,38,58.59578403150701,8.691772860719535,61,38,0.09142637743938585,0.9854166666666667
61,39,73.97884404570617,12.764471959934198,61,39,0.018959672547463474,0.9974537037037037
61,40,58.44790670894661,9.63573988950111,61,40,0.06633630080208326,0.9893518518518518
61,41,69.45633375647697,9.660933816224995,61,41,0.09543699681033974,0.9849537037037037
61,42,45.131247485696825,7.826238708387502,61,42,0.024492697303363606,0.9965277777777778
61,43,85.42978204512734,12.14320138272595,61,43,0.12479746615693092,0.9814814814814815
61,44,37.021579358465154,6.7694578689960485,61,44,0.0040174222145676316,0.999537037037037
61,45,59.25396240259951,10.124341362668433,61,45,0.018959672547463474,0.9974537037037037
61,46,79.86738729142125,11.13869586558751,61,46,0.09543699681033974,0.9849537037037037
61,47,69.03064518240505,10.517094717977734,61,47,0.2279962244309794,0.9428240740740741
61,48,51.93143150060185,8.912377179635737,61,48,0.024492697303363606,0.9965277777777778
61,49,57.38050005931949,9.077882106639814,61,49,0.06311548821912608,0.9884259259259259
61,50,61.90177389152548,9.460251630067006,61,50,0.06311548821912608,0.9884259259259259
61,51,26.655573213629687,5.637470227849875,61,51,-0.0,1.0
61,52,53.376371450365696,8.93044198472968,61,52,0.014943216068960777,0.9979166666666667
61,53,46.53398911673381,8.365452772187636,61,53,0.0040174222145676316,0.999537037037037
61,54,19.930263627062523,4.505436658758461,61,54,-0.0,1.0
61,55,60.460900501493015,10.121964074541669,61,55,0.024492697303363606,0.9965277777777778
61,56,17.45146617094213,4.164632480230199,61,56,-0.0,1.0
61,57,73.23549779611345,11.82192816440473,61,57,0.018959672547463474,0.9974537037037037
61,58,78.21475419300926,13.115020100902793,61,58,0.0021691886415661126,0.9997685185185186
61,59,57.81269403025225,10.371402074520041,61,59,0.0040174222145676316,0.999537037037037
61,60,33.693684770544046,6.105529603492627,61,60,-0.0,1.0
61,61,0.0,0.0,61,61,-0.0,1.0
61,62,40.45467580133338,7.234478231787866,61,62,0.0021691886415661126,0.9997685185185186
61,63,52.6762451931735,9.34445546281291,61,63,0.0021691886415661126,0.9997685185185186
61,64,48.67472212084731,8.303346351219014,61,64,0.0021691886415661126,0.9997685185185186
61,65,60.319125415437654,9.817598162307743,61,65,0.0021691886415661126,0.9997685185185186
61,66,86.14391496275483,21.039239115301296,61,66,0.0021691886415661126,0.9997685185185186
62,0,93.33888936711124,11.33522850471382,62,0,0.753264241217912,0.50625
62,1,inf,,62,1,-0.0,1.0
62,2,87.9238438013753,11.18457140137083,62,2,2.442717339633549,0.19328703703703703
62,3,93.29635961467585,10.848132080348588,62,3,1.7351835637903423,0.40625
62,4,79.48684575518526,10.459324506765181,62,4,1.6507451218114502,0.37824074074074077
62,5,96.08821279598622,11.816880696884239,62,5,2.0776975127730624,0.23402777777777778
62,6,inf,,62,6,-0.0,1.0
62,7,95.32116326223422,12.004578061174588,62,7,1.5869434725226905,0.38055555555555554
62,8,111.65379967419659,14.694648069096827,62,8,0.7989235256873479,0.5020833333333333
62,9,87.49122204633336,10.403712604142122,62,9,1.7351835637903423,0.40625
62,10,81.83720074456289,11.413576631307645,62,10,0.753264241217912,0.50625
62,11,82.59799362548394,9.591163409844377,62,11,1.9970550459762904,0.3472222222222222
62,12,71.993835672287,9.563588472015455,62,12,1.6507451218114502,0.37824074074074077
62,13,inf,,62,13,-0.0,1.0
62,14,72.83118392305562,10.490912387662926,62,14,0.753264241217912,0.50625
62,15,76.91949296544475,8.831933462252033,62,15,1.924074835441199,0.3506944444444444
62,16,92.40186310108572,12.27229171077716,62,16,0.7989235256873479,0.5020833333333333
62,17,89.22371744335197,11.682492363443286,62,17,1.0571120145501771,0.4925925925925926
62,18,65.81660543091675,9.671988362599672,62,18,0.7318346800274772,0.5078703703703704
62,19,66.66127484485177,8.603134049796553,62,19,1.3245314952845897,0.4675925925925926
62,20,81.4200609181992,10.71022335511064,62,20,0.43126058231685305,0.930787037037037
62,21,62.03428905174987,8.168954573918999,62,21,1.3245314952845897,0.4675925925925926
62,22,84.56673967302798,10.968082163661148,62,22,0.43126058231685305,0.930787037037037
62,23,73.74972699339376,8.903269134155664,62,23,1.3108610614537366,0.47430555555555554
62,24,72.72890275986109,8.81456870353735,62,24,1.4847534905910673,0.45023148148148145
62,25,58.11012877150006,8.901457626560665,62,25,0.7298222472727374,0.5081018518518519
62,26,57.46769408561353,7.900646036877582,62,26,0.7502841052566598,0.5664351851851852
62,27,78.8098405647318,11.805714359851148,62,27,0.737529931262854,0.5076388888888889
62,28,67.36477770910655,8.455231846883892,62,28,1.3108610614537366,0.47430555555555554
62,29,80.09570676757166,10.76605311913507,62,29,0.3154044398169288,0.9502314814814815
62,30,100.87253946406275,12.909700877541288,62,30,0.7989235256873479,0.5020833333333333
62,31,95.23974930132174,13.133460332333291,62,31,1.0095774522286722,0.46875
62,32,46.20246843720367,7.3973543149069,62,32,0.7298222472727374,0.5081018518518519
62,33,70.59700294513918,9.822186856963437,62,33,0.28943528718969014,0.9532407407407407
62,34,85.55380627224547,11.277421650970549,62,34,0.3154044398169288,0.9502314814814815
62,35,53.83947395904622,7.45207542987003,62,35,1.0696474028142002,0.5122685185185185
62,36,76.92248872157393,10.810620077907043,62,36,0.28943528718969014,0.9532407407407407
62,37,46.817367491756954,6.747923994597187,62,37,0.7321544592013384,0.5668981481481481
62,38,60.86062944824775,9.063425791436996,62,38,0.25633783399972726,0.9564814814814815
62,39,33.541026360254634,7.184440546630589,62,39,-0.0,1.0
62,40,37.44627146506483,5.965804266922995,62,40,0.21538389880477257,0.9555555555555556
62,41,71.72117917321778,10.066116646432715,62,41,0.25946862092265655,0.95625
62,42,47.434517830018585,8.02853644695675,62,42,0.17408120347128503,0.969212962962963
62,43,87.68777106765505,12.468328838171498,62,43,0.28943528718969014,0.9532407407407407
62,44,39.351948762458264,6.9638605590580145,62,44,0.12899286941605811,0.975462962962963
62,45,18.816144717148152,4.314822415952088,62,45,-0.0,1.0
62,46,82.13223270816208,11.502764520673031,62,46,0.25946862092265655,0.95625
62,47,38.758255479192066,4.969508372799271,62,47,0.13740754272321343,0.9712962962962963
62,48,54.23470184492364,9.186158209010502,62,48,0.17408120347128503,0.969212962962963
62,49,16.9940696335116,3.3157369374135457,62,49,-0.0,1.0
62,50,21.515343465717677,3.6736222301767345,62,50,-0.0,1.0
62,51,29.031532273805592,5.984860906670446,62,51,0.10342913216387865,0.9789351851851852
62,52,12.938025856844899,3.025760859297351,62,52,-0.0,1.0
62,53,48.86435852072697,8.504065703987303,62,53,0.12899286941605811,0.975462962962963
62,54,22.433312549004597,5.384304991863919,62,54,0.028255328366162367,0.9956018518518519
62,55,62.76417084581482,10.429131726991631,62,55,0.17408120347128503,0.969212962962963
62,56,24.765197724194447,5.667012280743046,62,56,0.028255328366162367,0.9956018518518519
62,57,32.797680110661965,6.181349443143351,62,57,-0.0,1.0
62,58,37.76007839167593,8.059571103990502,62,58,-0.0,1.0
62,59,60.143063434245505,10.484689713636481,62,59,0.12899286941605811,0.975462962962963
62,60,5.013299304164355,1.4302175444444576,62,60,-0.0,1.0
62,61,41.42403142053708,8.523259104570066,62,61,0.028255328366162367,0.9956018518518519
62,62,0.0,0.0,62,62,-0.0,1.0
62,63,12.22156939184028,3.8378521409319077,62,63,-0.0,1.0
62,64,8.220046319513882,1.8775993162088622,62,64,-0.0,1.0
62,65,19.86444961410407,4.354721597209344,62,65,-0.0,1.0
62,66,45.68923916142121,17.00240122540645,62,66,-0.0,1.0
63,0,107.27890788465749,13.271678982287359,63,0,0.753264241217912,0.50625
63,1,inf,,63,1,-0.0,1.0
63,2,101.86386231892116,13.295306212159884,63,2,2.442717339633549,0.19328703703703703
63,3,107.2363781322221,13.123071222681542,63,3,1.7351835637903423,0.40625
63,4,93.42686427273124,12.601172376982557,63,4,1.6507451218114502,0.37824074074074077
63,5,110.02823131353266,14.048836068471589,63,5,2.0776975127730624,0.23402777777777778
63,6,inf,,63,6,-0.0,1.0
63,7,109.26118177978047,14.241263076512265,63,7,1.5869434725226905,0.38055555555555554
63,8,125.593818191743,16.416997833399254,63,8,0.7989235256873479,0.5020833333333333
63,9,101.43124056387948,12.689703846596794,63,9,1.7351835637903423,0.40625
63,10,95.77721926210883,13.38544414477244,63,10,0.753264241217912,0.50625
63,11,96.53801214302995,11.844814762915725,63,11,1.9970550459762904,0.3472222222222222
63,12,85.93385418983317,11.763814976555578,63,12,1.6507451218114502,0.37824074074074077
63,13,inf,,63,13,-0.0,1.0
63,14,86.77120244060163,12.521466601128148,63,14,0.753264241217912,0.50625
63,15,90.85951148299083,11.135686247324788,63,15,1.924074835441199,0.3506944444444444
63,16,106.34188161863172,14.22809121497438,63,16,0.7989235256873479,0.5020833333333333
63,17,103.1637359608981,13.903036537979007,63,17,1.0571120145501771,0.4925925925925926
63,18,79.75662394846312,11.736632882388527,63,18,0.7318346800274772,0.5078703703703704
63,19,80.60129336239847,10.976692850600749,63,19,1.3245314952845897,0.4675925925925926
63,20,95.36007943574526,12.948043241378294,63,20,0.43126058231685305,0.930787037037037
63,21,75.97430756929641,10.576976600041686,63,21,1.3245314952845897,0.4675925925925926
63,22,98.50675819057399,13.1948993496208,63,22,0.43126058231685305,0.930787037037037
63,23,87.6897455109399,11.258749541774657,63,23,1.3108610614537366,0.47430555555555554
63,24,86.6689212774075,11.173648852933866,63,24,1.4847534905910673,0.45023148148148145
63,25,72.05014728904615,11.01762229512537,63,25,0.7298222472727374,0.5081018518518519
63,26,71.40771260315981,10.297507538224336,63,26,0.7502841052566598,0.5664351851851852
63,27,92.74985908227781,13.74160701521699,63,27,0.737529931262854,0.5076388888888889
63,28,81.30479622665283,10.853768532348436,63,28,1.3108610614537366,0.47430555555555554
63,29,94.03572528511792,12.949888439927399,63,29,0.3154044398169288,0.9502314814814815
63,30,114.81255798160845,14.860675160796678,63,30,0.7989235256873479,0.5020833333333333
63,31,109.1797678188681,15.026944638670397,63,31,1.0095774522286722,0.46875
63,32,60.14248695474998,9.6028613938513,63,32,0.7298222472727374,0.5081018518518519
63,33,84.53702146268537,12.023068008770853,63,33,0.28943528718969014,0.9532407407407407
63,34,99.49382478979142,13.467467907672809,63,34,0.3154044398169288,0.9502314814814815
63,35,67.77949247659282,9.925439817931812,63,35,1.0696474028142002,0.5122685185185185
63,36,90.8625072391203,13.01478159659619,63,36,0.28943528718969014,0.9532407407407407
63,37,60.75738600930334,9.25411054790723,63,37,0.7321544592013384,0.5668981481481481
63,38,74.80064796579417,11.335884165607087,63,38,0.25633783399972726,0.9564814814814815
63,39,47.481044877800905,9.321432419176562,63,39,-0.0,1.0
63,40,51.38628998261114,8.138530938732234,63,40,0.21538389880477257,0.9555555555555556
63,41,85.66119769076408,12.279334587108233,63,41,0.25946862092265655,0.95625
63,42,61.37453634756468,10.51408569590676,63,42,0.17408120347128503,0.969212962962963
63,43,101.62778958520134,14.605424868483297,63,43,0.28943528718969014,0.9532407407407407
63,44,53.29196728000457,9.454225701451577,63,44,0.12899286941605811,0.975462962962963
63,45,32.75616323469442,6.768672482435868,63,45,-0.0,1.0
63,46,96.0722512257083,13.70571706523255,63,46,0.25946862092265655,0.95625
63,47,52.69827399673841,7.325604643703991,63,47,0.13740754272321343,0.9712962962962963
63,48,68.17472036247001,11.602775832193666,63,48,0.17408120347128503,0.969212962962963
63,49,30.93408815105783,6.0041973567248235,63,49,-0.0,1.0
63,50,35.45536198326386,6.321859771635115,63,50,-0.0,1.0
63,51,42.97155079135189,8.522180731252526,63,51,0.10342913216387865,0.9789351851851852
63,52,26.878044374391187,5.688622436425945,63,52,-0.0,1.0
63,53,62.80437703827334,10.92875994389807,63,53,0.12899286941605811,0.975462962962963
63,54,36.37333106655091,7.918621802237549,63,54,0.028255328366162367,0.9956018518518519
63,55,76.704189363361,12.767563731896546,63,55,0.17408120347128503,0.969212962962963
63,56,38.70521624174088,8.19524587425635,63,56,0.028255328366162367,0.9956018518518519
63,57,46.73769862820827,8.465797608879077,63,57,-0.0,1.0
63,58,25.538508999835678,6.119786966835442,63,58,-0.0,1.0
63,59,74.08308195179181,12.802761048941337,63,59,0.12899286941605811,0.975462962962963
63,60,18.953317821710627,4.686377076258144,63,60,-0.0,1.0
63,61,55.364049938083426,10.866171739629861,63,61,0.028255328366162367,0.9956018518518519
63,62,13.940018517546289,4.202710293737473,63,62,-0.0,1.0
63,63,0.0,0.0,63,63,-0.0,1.0
63,64,22.16006483706026,4.993231411449042,63,64,-0.0,1.0
63,65,7.6428802222639005,1.3872489495305795,63,65,-0.0,1.0
63,66,33.467669769580944,15.845873257834638,63,66,-0.0,1.0
64,0,101.42703610357631,12.079672663307782,64,0,0.753264241217912,0.50625
64,1,inf,,64,1,-0.0,1.0
64,2,96.01199053784013,11.973200314046002,64,2,2.442717339633549,0.19328703703703703
64,3,101.38450635114104,11.638782664742452,64,3,1.7351835637903423,0.40625
64,4,87.57499249165006,11.25713349488503,64,4,1.6507451218114502,0.37824074074074077
64,5,104.1763595324515,12.624575633409519,64,5,2.0776975127730624,0.23402777777777778
64,6,inf,,64,6,-0.0,1.0
64,7,103.40930999869943,12.806690509452599,64,7,1.5869434725226905,0.38055555555555554
64,8,119.74194641066198,15.341803372082701,64,8,0.7989235256873479,0.5020833333333333
64,9,95.57936878279868,11.195876473413371,64,9,1.7351835637903423,0.40625
64,10,89.92534748102753,12.180212935961348,64,10,0.753264241217912,0.50625
64,11,90.68614036194926,10.379654874775598,64,11,1.9970550459762904,0.3472222222222222
64,12,80.08198240875244,10.372457377749901,64,12,1.6507451218114502,0.37824074074074077
64,13,inf,,64,13,-0.0,1.0
64,14,80.9193306595204,11.277665369638878,64,14,0.753264241217912,0.50625
64,15,85.00763970190987,9.615755146830827,64,15,1.924074835441199,0.3506944444444444
64,16,100.49000983755057,13.043052944595592,64,16,0.7989235256873479,0.5020833333333333
64,17,97.31186417981687,12.421642530352834,64,17,1.0571120145501771,0.4925925925925926
64,18,73.90475216738191,10.47550381610527,64,18,0.7318346800274772,0.5078703703703704
64,19,74.74942158131712,9.38844086364651,64,19,1.3245314952845897,0.4675925925925926
64,20,89.50820765466449,11.40379678180449,64,20,0.43126058231685305,0.930787037037037
64,21,70.12243578821528,8.950157512550094,64,21,1.3245314952845897,0.4675925925925926
64,22,92.65488640949268,11.669213297910824,64,22,0.43126058231685305,0.930787037037037
64,23,81.83787372985863,9.64942596347832,64,23,1.3108610614537366,0.47430555555555554
64,24,80.81704949632632,9.573664562603925,64,24,1.4847534905910673,0.45023148148148145
64,25,66.19827550796533,9.699783087686633,64,25,0.7298222472727374,0.5081018518518519
64,26,65.55584082207893,8.666877612543255,64,26,0.7502841052566598,0.5664351851851852
64,27,86.89798730119699,12.563273698840755,64,27,0.737529931262854,0.5076388888888889
64,28,75.45292444557175,9.204354737269966,64,28,1.3108610614537366,0.47430555555555554
64,29,88.18385350403706,11.447431314996654,64,29,0.3154044398169288,0.9502314814814815
64,30,108.96068620052773,13.679070606262167,64,30,0.7989235256873479,0.5020833333333333
64,31,103.32789603778696,13.889454999067873,64,31,1.0095774522286722,0.46875
64,32,54.290615173668876,8.205905109860788,64,32,0.7298222472727374,0.5081018518518519
64,33,78.68514968160426,10.493104165472454,64,33,0.28943528718969014,0.9532407407407407
64,34,93.64195300871076,11.97634407402624,64,34,0.3154044398169288,0.9502314814814815
64,35,61.927620695511415,8.213999047978184,64,35,1.0696474028142002,0.5122685185185185
64,36,85.01063545803925,11.520282693476956,64,36,0.28943528718969014,0.9532407407407407
64,37,54.905514228222096,7.511240454661155,64,37,0.7321544592013384,0.5668981481481481
64,38,68.94877618471305,9.724445846778337,64,38,0.25633783399972726,0.9564814814814815
64,39,41.62917309671991,7.9719012096171635,64,39,-0.0,1.0
64,40,45.53441820153006,6.567399457064975,64,40,0.21538389880477257,0.9555555555555556
64,41,79.80932590968271,10.767474663626084,64,41,0.25946862092265655,0.95625
64,42,55.52266456648396,8.758879979268794,64,42,0.17408120347128503,0.969212962962963
64,43,95.77591780412043,13.205726917665364,64,43,0.28943528718969014,0.9532407407407407
64,44,47.440095498923746,7.694148578680863,64,44,0.12899286941605811,0.975462962962963
64,45,26.90429145361342,5.166821108541023,64,45,-0.0,1.0
64,46,90.22037944462731,12.238384262649635,64,46,0.25946862092265655,0.95625
64,47,46.84640221565746,5.693210547639047,64,47,0.13740754272321343,0.9712962962962963
64,48,62.32284858138915,9.948542990868797,64,48,0.17408120347128503,0.969212962962963
64,49,25.082216369976848,4.1576403777507025,64,49,-0.0,1.0
64,50,29.603490202182893,4.500081028580378,64,50,-0.0,1.0
64,51,37.119679010270936,6.713949328646275,64,51,0.10342913216387865,0.9789351851851852
64,52,21.026172593310207,3.874508481068138,64,52,-0.0,1.0
64,53,56.952505257192314,9.257798136147253,64,53,0.12899286941605811,0.975462962962963
64,54,30.521459285469934,6.044173922264963,64,54,0.028255328366162367,0.9956018518518519
64,55,70.85231758227984,11.205884164094059,64,55,0.17408120347128503,0.969212962962963
64,56,32.85334446065966,6.3443497795182395,64,56,0.028255328366162367,0.9956018518518519
64,57,40.88582684712732,7.0147365247635385,64,57,-0.0,1.0
64,58,45.848225128141216,8.680173353266476,64,58,-0.0,1.0
64,59,68.23121017071064,11.2601303549672,64,59,0.12899286941605811,0.975462962962963
64,60,13.101446040629607,2.2123258933149903,64,60,-0.0,1.0
64,61,49.51217815700233,9.23326716170089,64,61,0.028255328366162367,0.9956018518518519
64,62,8.088146736465253,1.4679706896724631,64,62,-0.0,1.0
64,63,20.309716128305542,4.448505233607255,64,63,-0.0,1.0
64,64,0.0,0.0,64,64,-0.0,1.0
64,65,27.95259635056946,4.989400170982557,64,65,-0.0,1.0
64,66,53.777385897886596,17.4967062387297,64,66,-0.0,1.0
65,0,115.68673196479875,14.025102942922096,65,0,0.753264241217912,0.50625
65,1,inf,,65,1,-0.0,1.0
65,2,110.27168639906263,14.03586612855008,65,2,2.442717339633549,0.19328703703703703
65,3,115.64420221236391,13.870335520917878,65,3,1.7351835637903423,0.40625
65,4,101.83468835287248,13.354213613998361,65,4,1.6507451218114502,0.37824074074074077
65,5,118.43605539367384,14.817426663704762,65,5,2.0776975127730624,0.23402777777777778
65,6,inf,,65,6,-0.0,1.0
65,7,117.66900585992124,15.005511437010627,65,7,1.5869434725226905,0.38055555555555554
65,8,134.0016422718846,17.0906786347804,65,8,0.7989235256873479,0.5020833333333333
65,9,109.8390646440204,13.43837435276349,65,9,1.7351835637903423,0.40625
65,10,104.18504334225021,14.15142024556422,65,10,0.753264241217912,0.50625
65,11,104.94583622317128,12.598301160877307,65,11,1.9970550459762904,0.3472222222222222
65,12,94.34167826997452,12.523961434446814,65,12,1.6507451218114502,0.37824074074074077
65,13,inf,,65,13,-0.0,1.0
65,14,95.17902652074307,13.303232817578724,65,14,0.753264241217912,0.50625
65,15,99.26733556313194,11.886120976735498,65,15,1.924074835441199,0.3506944444444444
65,16,114.74970569877328,14.992120704806567,65,16,0.7989235256873479,0.5020833333333333
65,17,111.57156004103928,14.638578432665387,65,17,1.0571120145501771,0.4925925925925926
65,18,88.16444802860418,12.525671752636924,65,18,0.7318346800274772,0.5078703703703704
65,19,89.0091174425394,11.731303314303158,65,19,1.3245314952845897,0.4675925925925926
65,20,103.7679035158865,13.662973747307484,65,20,0.43126058231685305,0.930787037037037
65,21,84.38213164943767,11.329765304408788,65,21,1.3245314952845897,0.4675925925925926
65,22,106.91458227071527,13.912847820699973,65,22,0.43126058231685305,0.930787037037037
65,23,96.09756959108155,11.994289976036294,65,23,1.3108610614537366,0.47430555555555554
65,24,95.0767453575483,11.918512149327638,65,24,1.4847534905910673,0.45023148148148145
65,25,80.45797136918759,11.802231387202768,65,25,0.7298222472727374,0.5081018518518519
65,26,79.81553668330122,11.056238161775132,65,26,0.7502841052566598,0.5664351851851852
65,27,101.15768316241913,14.482006335445066,65,27,0.737529931262854,0.5076388888888889
65,28,89.71262030679397,11.600827356472797,65,28,1.3108610614537366,0.47430555555555554
65,29,102.44354936525934,13.657314152671828,65,29,0.3154044398169288,0.9502314814814815
65,30,123.22038206174994,15.62015713092895,65,30,0.7989235256873479,0.5020833333333333
65,31,117.5875918990094,15.747223422324451,65,31,1.0095774522286722,0.46875
65,32,68.55031103489142,10.392162948892647,65,32,0.7298222472727374,0.5081018518518519
65,33,92.94484554282633,12.711705400661899,65,33,0.28943528718969014,0.9532407407407407
65,34,107.90164886993267,14.182515158664378,65,34,0.3154044398169288,0.9502314814814815
65,35,76.18731655673368,10.675186059946299,65,35,1.0696474028142002,0.5122685185185185
65,36,99.2703313192616,13.720128186161913,65,36,0.28943528718969014,0.9532407407407407
65,37,69.16521008944426,10.005365857484298,65,37,0.7321544592013384,0.5668981481481481
65,38,83.20847204593528,12.02245190650119,65,38,0.25633783399972726,0.9564814814814815
65,39,55.88886895794222,10.050814715727022,65,39,-0.0,1.0
65,40,59.79411406275235,8.861921961634694,65,40,0.21538389880477257,0.9555555555555556
65,41,94.06902177090498,12.975433930773468,65,41,0.25946862092265655,0.95625
65,42,69.78236042770614,11.258699305059242,65,42,0.17408120347128503,0.969212962962963
65,43,110.03561366534267,15.330222373095094,65,43,0.28943528718969014,0.9532407407407407
65,44,61.69979136014577,10.189484193925187,65,44,0.12899286941605811,0.975462962962963
65,45,41.16398731483572,7.523935383150688,65,45,-0.0,1.0
65,46,104.48007530584961,14.415206253106424,65,46,0.25946862092265655,0.95625
65,47,61.10609807687955,8.071117514545637,65,47,0.13740754272321343,0.9712962962962963
65,48,76.58254444261117,12.354746583481257,65,48,0.17408120347128503,0.969212962962963
65,49,39.341912231199046,6.754602873024452,65,49,-0.0,1.0
65,50,43.86318606340512,7.08432216165835,65,50,-0.0,1.0
65,51,51.379374871493056,9.265337996298253,65,51,0.10342913216387865,0.9789351851851852
65,52,35.28586845453235,6.4387531240605,65,52,-0.0,1.0
65,53,71.21220111841417,11.677505793761371,65,53,0.12899286941605811,0.975462962962963
65,54,44.78115514669203,8.635480056740542,65,54,0.028255328366162367,0.9956018518518519
65,55,85.11201344350242,13.517593076541173,65,55,0.17408120347128503,0.969212962962963
65,56,47.113040321881975,8.921616090119587,65,56,0.028255328366162367,0.9956018518518519
65,57,55.14552270834944,9.211356279120167,65,57,-0.0,1.0
65,58,33.946333079976874,6.993998034029865,65,58,-0.0,1.0
65,59,82.49090603193302,13.564771420335973,65,59,0.12899286941605811,0.975462962962963
65,60,27.36114190185182,5.434168586166429,65,60,-0.0,1.0
65,61,63.77187401822451,11.59556167506168,65,61,0.028255328366162367,0.9956018518518519
65,62,22.34784259768749,4.946020601821447,65,62,-0.0,1.0
65,63,8.40782408014119,1.8270882307776892,65,63,-0.0,1.0
65,64,30.567888917201433,5.771864739042905,65,64,-0.0,1.0
65,65,0.0,0.0,65,65,-0.0,1.0
65,66,41.87549384972225,16.207992237345408,65,66,-0.0,1.0
66,0,135.498861251426,20.557477916540712,66,0,0.753264241217912,0.50625
66,1,inf,,66,1,-0.0,1.0
66,2,130.08381568568993,20.503655762977836,66,2,2.442717339633549,0.19328703703703703
66,3,135.45633149899066,20.5309577364766,66,3,1.7351835637903423,0.40625
66,4,121.64681763949996,19.795822080020425,66,4,1.6507451218114502,0.37824074074074077
66,5,138.24818468030105,21.36363009612421,66,5,2.0776975127730624,0.23402777777777778
66,6,inf,,66,6,-0.0,1.0
66,7,137.4811351465488,21.615291884613242,66,7,1.5869434725226905,0.38055555555555554
66,8,153.81377155851172,23.000557935951175,66,8,0.7989235256873479,0.5020833333333333
66,9,129.6511939306483,20.10926356203202,66,9,1.7351835637903423,0.40625
66,10,123.99717262887756,20.737399460531794,66,10,0.753264241217912,0.50625
66,11,124.75796550979872,19.320434076905084,66,11,1.9970550459762904,0.3472222222222222
66,12,114.15380755660156,19.15170194140477,66,12,1.6507451218114502,0.37824074074074077
66,13,inf,,66,13,-0.0,1.0
66,14,114.9911558073703,20.098151453121986,66,14,0.753264241217912,0.50625
66,15,119.0794648497591,18.68918088523306,66,15,1.924074835441199,0.3506944444444444
66,16,134.56183498540017,21.43676246943093,66,16,0.7989235256873479,0.5020833333333333
66,17,131.38368932766684,21.31611204755272,66,17,1.0571120145501771,0.4925925925925926
66,18,107.97657731523137,19.44734219687002,66,18,0.7318346800274772,0.5078703703703704
66,19,108.82124672916672,18.524441607144016,66,19,1.3245314952845897,0.4675925925925926
66,20,123.58003280251381,20.38731796099919,66,20,0.43126058231685305,0.930787037037037
66,21,104.19426093606475,18.182318364877133,66,21,1.3245314952845897,0.4675925925925926
66,22,126.72671155734244,20.65018459389854,66,22,0.43126058231685305,0.930787037037037
66,23,115.9096988777085,18.838665447389598,66,23,1.3108610614537366,0.47430555555555554
66,24,114.88887464417601,18.724553210228763,66,24,1.4847534905910673,0.45023148148148145
66,25,100.27010065581494,18.749924224571892,66,25,0.7298222472727374,0.5081018518518519
66,26,99.62766596992815,17.998559949776478,66,26,0.7502841052566598,0.5664351851851852
66,27,120.9698124490466,20.92224957330381,66,27,0.737529931262854,0.5076388888888889
66,28,109.52474959342116,18.45055411732801,66,28,1.3108610614537366,0.47430555555555554
66,29,122.25567865188671,20.378674591846046,66,29,0.3154044398169288,0.9502314814814815
66,30,143.03251134837697,21.98206013827577,66,30,0.7989235256873479,0.5020833333333333
66,31,137.39972118563648,22.087753379222136,66,31,1.0095774522286722,0.46875
66,32,88.36244032151868,17.58862743584899,66,32,0.7298222472727374,0.5081018518518519
66,33,112.7569748294538,19.524520307067316,66,33,0.28943528718969014,0.9532407407407407
66,34,127.71377815655998,20.86814208384163,66,34,0.3154044398169288,0.9502314814814815
66,35,95.99944584336075,17.620270790557903,66,35,1.0696474028142002,0.5122685185185185
66,36,119.08246060588885,20.52551742788157,66,36,0.28943528718969014,0.9532407407407407
66,37,88.97733937607168,17.086155455196145,66,37,0.7321544592013384,0.5668981481481481
66,38,103.02060133256249,18.917151796719857,66,38,0.25633783399972726,0.9564814814814815
66,39,75.70099824456969,16.933477161857727,66,39,-0.0,1.0
66,40,79.60624334937975,16.00774937223229,66,40,0.21538389880477257,0.9555555555555556
66,41,113.88115105753243,19.858391071797726,66,41,0.25946862092265655,0.95625
66,42,89.59448971433294,18.232719951190727,66,42,0.17408120347128503,0.969212962962963
66,43,129.84774295196948,22.10655238299789,66,43,0.28943528718969014,0.9532407407407407
66,44,81.51192064677326,17.278492782509623,66,44,0.12899286941605811,0.975462962962963
66,45,60.97611660146304,15.021277622708936,66,45,-0.0,1.0
66,46,124.29220459247689,21.160223095033682,66,46,0.25946862092265655,0.95625
66,47,80.91822736350696,15.498500997890957,66,47,0.13740754272321343,0.9712962962962963
66,48,96.39467372923825,19.384603333216063,66,48,0.17408120347128503,0.969212962962963
66,49,59.15404151782642,14.437295717647919,66,49,-0.0,1.0
66,50,63.675315350032356,14.695768697922606,66,50,-0.0,1.0
66,51,71.19150415812035,16.501358025564414,66,51,0.10342913216387865,0.9789351851851852
66,52,55.0979977411597,14.193475380949259,66,52,-0.0,1.0
66,53,91.02433040504192,18.671724624810523,66,53,0.12899286941605811,0.975462962962963
66,54,64.59328443331955,15.935650218934795,66,54,0.028255328366162367,0.9956018518518519
66,55,104.92414273012959,20.534271686382493,66,55,0.17408120347128503,0.969212962962963
66,56,66.92516960850917,16.187095701654773,66,56,0.028255328366162367,0.9956018518518519
66,57,74.95765199497697,16.399964793263365,66,57,-0.0,1.0
66,58,53.75846236660415,14.944011506084447,66,58,-0.0,1.0
66,59,102.30303531856012,20.460422767060656,66,59,0.12899286941605811,0.975462962962963
66,60,47.17327118847901,13.439067922850315,66,60,-0.0,1.0
66,61,83.58400330485208,18.632786758457165,66,61,0.028255328366162367,0.9956018518518519
66,62,42.15997188431481,13.131066834793986,66,62,-0.0,1.0
66,63,28.21995336676844,11.491876018566094,66,63,-0.0,1.0
66,64,50.380018203828776,14.051510993873181,66,64,-0.0,1.0
66,65,35.86283358903233,12.085964973683167,66,65,-0.0,1.0
66,66,0.0,0.0,66,66,-0.0,1.0
