time,avg_speed_kmh
2015-04-01 00:00:00,25.21801115823669
2015-04-01 00:10:00,24.827095683860716
2015-04-01 00:20:00,25.295439002754183
2015-04-01 00:30:00,25.776225406247363
2015-04-01 00:40:00,26.061958306249927
2015-04-01 00:50:00,26.40672911906763
2015-04-01 01:00:00,27.214831902045756
2015-04-01 01:10:00,27.31238610819818
2015-04-01 01:20:00,26.85930038104296
2015-04-01 01:30:00,26.70361748494469
2015-04-01 01:40:00,26.5035173299501
2015-04-01 01:50:00,26.184414584622534
2015-04-01 02:00:00,26.406522992802067
2015-04-01 02:10:00,26.584155338595156
2015-04-01 02:20:00,27.054896597910336
2015-04-01 02:30:00,27.683756163000396
2015-04-01 02:40:00,27.34756328594309
2015-04-01 02:50:00,27.164191500245604
2015-04-01 03:00:00,27.73764201637964
2015-04-01 03:10:00,28.49323885433446
2015-04-01 03:20:00,28.37178265949462
2015-04-01 03:30:00,28.981777430763795
2015-04-01 03:40:00,29.084091757376743
2015-04-01 03:50:00,27.848579355664498
2015-04-01 04:00:00,26.971157122330467
2015-04-01 04:10:00,26.318499093713946
2015-04-01 04:20:00,25.547336425511176
2015-04-01 04:30:00,25.725245747939656
2015-04-01 04:40:00,26.82934317994698
2015-04-01 04:50:00,27.05121041329171
2015-04-01 05:00:00,27.97343465977408
2015-04-01 05:10:00,28.939166822999784
2015-04-01 05:20:00,28.517442616959123
2015-04-01 05:30:00,27.90589215673095
2015-04-01 05:40:00,27.378744311202855
2015-04-01 05:50:00,27.112878550257754
2015-04-01 06:00:00,26.936449206124564
2015-04-01 06:10:00,26.64591871062402
2015-04-01 06:20:00,26.129865602179777
2015-04-01 06:30:00,25.498319184033285
2015-04-01 06:40:00,25.14407130658337
2015-04-01 06:50:00,24.693693352889323
2015-04-01 07:00:00,23.395754678817756
2015-04-01 07:10:00,21.744991750579068
2015-04-01 07:20:00,20.58712854400149
2015-04-01 07:30:00,19.751046847324357
2015-04-01 07:40:00,18.73278173649505
2015-04-01 07:50:00,18.09300148123292
2015-04-01 08:00:00,18.514966700785173
2015-04-01 08:10:00,19.10294680413717
2015-04-01 08:20:00,19.58270896695705
2015-04-01 08:30:00,19.793503590198878
2015-04-01 08:40:00,19.534270033227866
2015-04-01 08:50:00,19.800055577101862
2015-04-01 09:00:00,20.78291934178118
2015-04-01 09:10:00,20.994897336594804
2015-04-01 09:20:00,20.718014023763562
2015-04-01 09:30:00,20.804611567604244
2015-04-01 09:40:00,21.156938351307982
2015-04-01 09:50:00,21.34007731233941
2015-04-01 10:00:00,21.151641147920163
2015-04-01 10:10:00,21.077830313586446
2015-04-01 10:20:00,21.23741144340399
2015-04-01 10:30:00,21.842331099249034
2015-04-01 10:40:00,21.980918660913183
2015-04-01 10:50:00,21.73914482212572
2015-04-01 11:00:00,21.88714999244406
2015-04-01 11:10:00,21.90870649450438
2015-04-01 11:20:00,21.736426284238597
2015-04-01 11:30:00,21.70552465011031
2015-04-01 11:40:00,21.896300881458966
2015-04-01 11:50:00,22.06673037439726
2015-04-01 12:00:00,21.88036122719115
2015-04-01 12:10:00,21.505578177416627
2015-04-01 12:20:00,22.039553570400155
2015-04-01 12:30:00,22.218598222695007
2015-04-01 12:40:00,21.971385554551983
2015-04-01 12:50:00,21.834331635817176
2015-04-01 13:00:00,21.588844762696223
2015-04-01 13:10:00,21.822057620173116
2015-04-01 13:20:00,21.822007686224616
2015-04-01 13:30:00,21.598029961356975
2015-04-01 13:40:00,21.360755679774194
2015-04-01 13:50:00,21.37227354466002
2015-04-01 14:00:00,21.38004259043289
2015-04-01 14:10:00,21.31214253458358
2015-04-01 14:20:00,21.305884663781043
2015-04-01 14:30:00,21.197032268630903
2015-04-01 14:40:00,21.0490485679838
2015-04-01 14:50:00,20.883000934672893
2015-04-01 15:00:00,20.50224716117763
2015-04-01 15:10:00,20.104257417311658
2015-04-01 15:20:00,20.272122278577246
2015-04-01 15:30:00,20.112880048639564
2015-04-01 15:40:00,19.31769113854844
2015-04-01 15:50:00,18.945137760925707
2015-04-01 16:00:00,19.058434732989983
2015-04-01 16:10:00,19.158220494728994
2015-04-01 16:20:00,19.263460990963523
2015-04-01 16:30:00,19.242026850238492
2015-04-01 16:40:00,19.114425736935353
2015-04-01 16:50:00,19.466637016450242
2015-04-01 17:00:00,19.377206040319642
2015-04-01 17:10:00,19.125826678947373
2015-04-01 17:20:00,19.548128135778207
2015-04-01 17:30:00,20.353531506965727
2015-04-01 17:40:00,20.69127763503151
2015-04-01 17:50:00,20.2369543746479
2015-04-01 18:00:00,19.672988245066925
2015-04-01 18:10:00,19.644622534931198
2015-04-01 18:20:00,19.940227109606322
2015-04-01 18:30:00,20.204094590939896
2015-04-01 18:40:00,20.33238669183533
2015-04-01 18:50:00,20.34876226383866
2015-04-01 19:00:00,20.67304688333414
2015-04-01 19:10:00,20.695903695638474
2015-04-01 19:20:00,21.059707202728916
2015-04-01 19:30:00,21.424105882240205
2015-04-01 19:40:00,20.988054073032668
2015-04-01 19:50:00,20.531752909467357
2015-04-01 20:00:00,20.64693690426813
2015-04-01 20:10:00,21.49566329633083
2015-04-01 20:20:00,22.3194767118305
2015-04-01 20:30:00,22.188785423991686
2015-04-01 20:40:00,21.657068318850385
2015-04-01 20:50:00,21.61010044654184
2015-04-01 21:00:00,21.633420505136463
2015-04-01 21:10:00,21.85876280749077
2015-04-01 21:20:00,22.53641855011406
2015-04-01 21:30:00,22.988673250625833
2015-04-01 21:40:00,23.296090434032248
2015-04-01 21:50:00,23.359189008030132
2015-04-01 22:00:00,23.036016186668355
2015-04-01 22:10:00,23.09199107029588
2015-04-01 22:20:00,23.881605428104432
2015-04-01 22:30:00,24.395935285220396
2015-04-01 22:40:00,23.891691850245724
2015-04-01 22:50:00,23.90843992317592
2015-04-01 23:00:00,24.554976148543478
2015-04-01 23:10:00,24.756339216353062
2015-04-01 23:20:00,24.342400490907988
2015-04-01 23:30:00,24.22573218133846
2015-04-01 23:40:00,24.807504176800006
2015-04-01 23:50:00,25.223430252895707
2015-04-02 00:00:00,25.456948010426256
2015-04-02 00:10:00,26.018880417375197
2015-04-02 00:20:00,26.829041007541363
2015-04-02 00:30:00,27.207680151817996
2015-04-02 00:40:00,27.066241125136912
2015-04-02 00:50:00,26.980983783198155
2015-04-02 01:00:00,26.770703831914336
2015-04-02 01:10:00,26.682992358383427
2015-04-02 01:20:00,26.86549130588853
2015-04-02 01:30:00,26.98388426914289
2015-04-02 01:40:00,27.1432315206563
2015-04-02 01:50:00,27.252401057790077
2015-04-02 02:00:00,27.241278854337544
2015-04-02 02:10:00,27.58620370613049
2015-04-02 02:20:00,27.38316564952227
2015-04-02 02:30:00,26.92391346789711
2015-04-02 02:40:00,27.099896094955458
2015-04-02 02:50:00,26.7480891009065
2015-04-02 03:00:00,26.807569209064894
2015-04-02 03:10:00,27.14341343817751
2015-04-02 03:20:00,26.8930139954864
2015-04-02 03:30:00,26.773824261343155
2015-04-02 03:40:00,27.167281584648055
2015-04-02 03:50:00,26.898578562553595
2015-04-02 04:00:00,27.37668087107636
2015-04-02 04:10:00,27.980647395996105
2015-04-02 04:20:00,26.603578894545308
2015-04-02 04:30:00,26.220295799846813
2015-04-02 04:40:00,25.98538389071454
2015-04-02 04:50:00,25.14520138256804
2015-04-02 05:00:00,25.297034440298884
2015-04-02 05:10:00,25.859092778392917
2015-04-02 05:20:00,26.09273673058479
2015-04-02 05:30:00,26.439765398830705
2015-04-02 05:40:00,26.77283486475556
2015-04-02 05:50:00,26.561331002179504
2015-04-02 06:00:00,26.310439185509193
2015-04-02 06:10:00,26.65020930557707
2015-04-02 06:20:00,26.49099396050563
2015-04-02 06:30:00,25.50326062836742
2015-04-02 06:40:00,24.692003340807698
2015-04-02 06:50:00,23.542951752259704
2015-04-02 07:00:00,22.18528667470705
2015-04-02 07:10:00,20.998043909610285
2015-04-02 07:20:00,20.376959367477745
2015-04-02 07:30:00,19.638592731870297
2015-04-02 07:40:00,18.625519005465407
2015-04-02 07:50:00,17.900916858663162
2015-04-02 08:00:00,17.72968704877257
2015-04-02 08:10:00,18.46496909782785
2015-04-02 08:20:00,19.440484035849547
2015-04-02 08:30:00,19.495701729302947
2015-04-02 08:40:00,18.82256925882498
2015-04-02 08:50:00,18.81630791044096
2015-04-02 09:00:00,19.60357349983049
2015-04-02 09:10:00,20.312118894190064
2015-04-02 09:20:00,20.2108302379607
2015-04-02 09:30:00,19.899670412949842
2015-04-02 09:40:00,20.353475665095104
2015-04-02 09:50:00,21.036892790429768
2015-04-02 10:00:00,21.66424058682149
2015-04-02 10:10:00,21.795536904602532
2015-04-02 10:20:00,21.677637578896846
2015-04-02 10:30:00,21.940248936883535
2015-04-02 10:40:00,21.498084644423486
2015-04-02 10:50:00,20.91936622858919
2015-04-02 11:00:00,21.069058810259293
2015-04-02 11:10:00,21.52420301213202
2015-04-02 11:20:00,21.536599244498685
2015-04-02 11:30:00,21.407630424339903
2015-04-02 11:40:00,21.49857151517971
2015-04-02 11:50:00,21.366302207504376
2015-04-02 12:00:00,21.352916238092842
2015-04-02 12:10:00,21.27065342566327
2015-04-02 12:20:00,21.093300168535997
2015-04-02 12:30:00,21.14569451587816
2015-04-02 12:40:00,21.769438645317067
2015-04-02 12:50:00,21.804102628890814
2015-04-02 13:00:00,21.251424485967526
2015-04-02 13:10:00,21.427801214692863
2015-04-02 13:20:00,21.511840331212554
2015-04-02 13:30:00,21.50887784194648
2015-04-02 13:40:00,21.47499749243929
2015-04-02 13:50:00,21.04290328323262
2015-04-02 14:00:00,20.431663022704576
2015-04-02 14:10:00,20.4378189612237
2015-04-02 14:20:00,20.570058748686954
2015-04-02 14:30:00,20.352353444889076
2015-04-02 14:40:00,20.626214846429054
2015-04-02 14:50:00,21.01074876188087
2015-04-02 15:00:00,20.866781856194176
2015-04-02 15:10:00,20.275548582256544
2015-04-02 15:20:00,19.986883363254968
2015-04-02 15:30:00,20.330789755265016
2015-04-02 15:40:00,20.364020242224967
2015-04-02 15:50:00,19.915082570109718
2015-04-02 16:00:00,19.779217669370208
2015-04-02 16:10:00,20.065043354846285
2015-04-02 16:20:00,20.044219433964408
2015-04-02 16:30:00,19.578864656615504
2015-04-02 16:40:00,19.207737583114532
2015-04-02 16:50:00,18.54246517188921
2015-04-02 17:00:00,18.02595977462166
2015-04-02 17:10:00,18.00079928445176
2015-04-02 17:20:00,18.030878378268522
2015-04-02 17:30:00,18.20563060251929
2015-04-02 17:40:00,18.805285766236
2015-04-02 17:50:00,19.51841659070358
2015-04-02 18:00:00,19.539964684580557
2015-04-02 18:10:00,19.604947305904272
2015-04-02 18:20:00,20.118632187990336
2015-04-02 18:30:00,20.22322545760003
2015-04-02 18:40:00,19.961181563080526
2015-04-02 18:50:00,19.884709770726012
2015-04-02 19:00:00,20.043796404931427
2015-04-02 19:10:00,20.070631214000247
2015-04-02 19:20:00,20.093564205180137
2015-04-02 19:30:00,19.959472547097437
2015-04-02 19:40:00,19.762691445971534
2015-04-02 19:50:00,19.894711195337738
2015-04-02 20:00:00,20.40625482819419
2015-04-02 20:10:00,20.866958895131386
2015-04-02 20:20:00,20.814231902668137
2015-04-02 20:30:00,20.760862375812646
2015-04-02 20:40:00,20.802062393697504
2015-04-02 20:50:00,20.884654594080274
2015-04-02 21:00:00,21.233720794628073
2015-04-02 21:10:00,21.60402530529689
2015-04-02 21:20:00,21.543540141005412
2015-04-02 21:30:00,21.604507843137554
2015-04-02 21:40:00,21.879725819733533
2015-04-02 21:50:00,22.352912587702065
2015-04-02 22:00:00,22.523202641556722
2015-04-02 22:10:00,22.449570640541108
2015-04-02 22:20:00,22.992382376475263
2015-04-02 22:30:00,23.342124146462037
2015-04-02 22:40:00,23.714179509065538
2015-04-02 22:50:00,24.508226502767066
2015-04-02 23:00:00,25.044055993836444
2015-04-02 23:10:00,24.723514977518757
2015-04-02 23:20:00,24.6035346108224
2015-04-02 23:30:00,25.08918005946987
2015-04-02 23:40:00,25.792982825544566
2015-04-02 23:50:00,25.813767804097342
2015-04-03 00:00:00,25.457907751240125
2015-04-03 00:10:00,25.326210982265916
2015-04-03 00:20:00,25.19492262398826
2015-04-03 00:30:00,25.92435947870189
2015-04-03 00:40:00,25.66274822469648
2015-04-03 00:50:00,24.34967435822689
2015-04-03 01:00:00,24.25450397418945
2015-04-03 01:10:00,25.057937395588322
2015-04-03 01:20:00,25.279505934625465
2015-04-03 01:30:00,24.990748982191548
2015-04-03 01:40:00,24.740501992448362
2015-04-03 01:50:00,24.724677465286817
2015-04-03 02:00:00,25.140883830262176
2015-04-03 02:10:00,26.15445993316862
2015-04-03 02:20:00,26.572595903431964
2015-04-03 02:30:00,26.217550352852616
2015-04-03 02:40:00,26.28210434291438
2015-04-03 02:50:00,26.114062393703605
2015-04-03 03:00:00,25.750733183182913
2015-04-03 03:10:00,25.717652709409784
2015-04-03 03:20:00,26.325655207509126
2015-04-03 03:30:00,26.792707611072046
2015-04-03 03:40:00,25.931961679758487
2015-04-03 03:50:00,24.882777383848055
2015-04-03 04:00:00,25.0318932898554
2015-04-03 04:10:00,26.060812261707376
2015-04-03 04:20:00,27.078677928044154
2015-04-03 04:30:00,27.617973220778246
2015-04-03 04:40:00,27.43659880952079
2015-04-03 04:50:00,26.151764528304547
2015-04-03 05:00:00,25.785065977529317
2015-04-03 05:10:00,25.918813488400325
2015-04-03 05:20:00,25.90344239123043
2015-04-03 05:30:00,26.972551642113203
2015-04-03 05:40:00,27.858946913477194
2015-04-03 05:50:00,28.220266777449716
2015-04-03 06:00:00,28.46628218642992
2015-04-03 06:10:00,27.688093444793303
2015-04-03 06:20:00,26.43830175590294
2015-04-03 06:30:00,26.046629706630345
2015-04-03 06:40:00,25.287106085034907
2015-04-03 06:50:00,24.597028746280756
2015-04-03 07:00:00,23.77163423972648
2015-04-03 07:10:00,22.157592342397237
2015-04-03 07:20:00,20.91915282698417
2015-04-03 07:30:00,19.81426546542153
2015-04-03 07:40:00,18.7404936578266
2015-04-03 07:50:00,18.427203042947305
2015-04-03 08:00:00,18.354498019166858
2015-04-03 08:10:00,18.498047925823677
2015-04-03 08:20:00,18.976266786113545
2015-04-03 08:30:00,19.32164291615679
2015-04-03 08:40:00,19.408752930803086
2015-04-03 08:50:00,19.61140950930267
2015-04-03 09:00:00,19.90283848501283
2015-04-03 09:10:00,20.16067943100531
2015-04-03 09:20:00,20.223226705065702
2015-04-03 09:30:00,20.55170315143683
2015-04-03 09:40:00,20.97345865859797
2015-04-03 09:50:00,20.60590905306447
2015-04-03 10:00:00,20.35645727066478
2015-04-03 10:10:00,20.68868353164108
2015-04-03 10:20:00,20.724981582586942
2015-04-03 10:30:00,20.476907218741143
2015-04-03 10:40:00,20.573012514516527
2015-04-03 10:50:00,20.675458864348556
2015-04-03 11:00:00,20.560235893961764
2015-04-03 11:10:00,20.452367350485677
2015-04-03 11:20:00,20.835577945029197
2015-04-03 11:30:00,21.27810384153612
2015-04-03 11:40:00,21.31503704984991
2015-04-03 11:50:00,21.258289106458335
2015-04-03 12:00:00,21.205673154373997
2015-04-03 12:10:00,21.019104804680353
2015-04-03 12:20:00,21.08426660533082
2015-04-03 12:30:00,21.66431060373759
2015-04-03 12:40:00,21.76429579738598
2015-04-03 12:50:00,21.47701010299698
2015-04-03 13:00:00,21.25488211295642
2015-04-03 13:10:00,20.738205970060516
2015-04-03 13:20:00,20.462273767747867
2015-04-03 13:30:00,20.62849800394488
2015-04-03 13:40:00,20.743812509055626
2015-04-03 13:50:00,20.290135445937413
2015-04-03 14:00:00,19.647141803060546
2015-04-03 14:10:00,19.559556959693175
2015-04-03 14:20:00,19.523883272876187
2015-04-03 14:30:00,18.972665549293588
2015-04-03 14:40:00,18.429963091513375
2015-04-03 14:50:00,18.35610602067266
2015-04-03 15:00:00,18.884965166641525
2015-04-03 15:10:00,19.90756010764097
2015-04-03 15:20:00,20.365250006217966
2015-04-03 15:30:00,19.97427572820564
2015-04-03 15:40:00,19.901151961488555
2015-04-03 15:50:00,19.89473244241243
2015-04-03 16:00:00,19.537695432600785
2015-04-03 16:10:00,19.817877434357445
2015-04-03 16:20:00,20.618263304015382
2015-04-03 16:30:00,20.531461180088915
2015-04-03 16:40:00,20.154214609774797
2015-04-03 16:50:00,19.812783082525662
2015-04-03 17:00:00,19.08638389449944
2015-04-03 17:10:00,18.728368765523733
2015-04-03 17:20:00,18.724502115281375
2015-04-03 17:30:00,18.891120805266763
2015-04-03 17:40:00,19.155258698306397
2015-04-03 17:50:00,19.43775068857403
2015-04-03 18:00:00,19.32543571892138
2015-04-03 18:10:00,19.035968125104358
2015-04-03 18:20:00,19.3466653420437
2015-04-03 18:30:00,20.13054622271475
2015-04-03 18:40:00,20.925536193732224
2015-04-03 18:50:00,20.798842791629436
2015-04-03 19:00:00,20.140231504020168
2015-04-03 19:10:00,19.988709285063553
2015-04-03 19:20:00,20.40275445739764
2015-04-03 19:30:00,20.76101201304098
2015-04-03 19:40:00,21.02824360359975
2015-04-03 19:50:00,21.85073788399206
2015-04-03 20:00:00,22.34315483149616
2015-04-03 20:10:00,22.01359454375999
2015-04-03 20:20:00,21.87707833336064
2015-04-03 20:30:00,21.827022382299475
2015-04-03 20:40:00,21.39999966219386
2015-04-03 20:50:00,21.415064166049962
2015-04-03 21:00:00,21.666389518810455
2015-04-03 21:10:00,21.541638243895335
2015-04-03 21:20:00,22.089160779965887
2015-04-03 21:30:00,22.717907688225853
2015-04-03 21:40:00,22.600924609927624
2015-04-03 21:50:00,22.318380939733284
2015-04-03 22:00:00,22.296854005869164
2015-04-03 22:10:00,22.80140820042022
2015-04-03 22:20:00,23.444127607835956
2015-04-03 22:30:00,23.39875898475001
2015-04-03 22:40:00,23.110716573557546
2015-04-03 22:50:00,23.563420064535382
2015-04-03 23:00:00,24.076577148574906
2015-04-03 23:10:00,24.298010253469922
2015-04-03 23:20:00,24.324738426871644
2015-04-03 23:30:00,24.547454608554627
2015-04-03 23:40:00,25.433774797745208
2015-04-03 23:50:00,25.853542760802373
2015-04-04 00:00:00,25.706711150332477
2015-04-04 00:10:00,25.75175082519326
2015-04-04 00:20:00,25.832728387264904
2015-04-04 00:30:00,26.13844755963937
2015-04-04 00:40:00,26.32534233874939
2015-04-04 00:50:00,26.023980977732492
2015-04-04 01:00:00,26.213027245670986
2015-04-04 01:10:00,26.412663348311337
2015-04-04 01:20:00,25.664360215863855
2015-04-04 01:30:00,25.314646912209803
2015-04-04 01:40:00,25.89732421477823
2015-04-04 01:50:00,26.066304662003752
2015-04-04 02:00:00,25.97553342491413
2015-04-04 02:10:00,26.239663708467994
2015-04-04 02:20:00,26.61914790088822
2015-04-04 02:30:00,26.784452227509846
2015-04-04 02:40:00,26.434892559157014
2015-04-04 02:50:00,25.929311079835585
2015-04-04 03:00:00,25.973607718902265
2015-04-04 03:10:00,26.57363534809316
2015-04-04 03:20:00,26.835487914523863
2015-04-04 03:30:00,26.90503832074641
2015-04-04 03:40:00,27.051916613543863
2015-04-04 03:50:00,27.541567991769533
2015-04-04 04:00:00,27.665847980695755
2015-04-04 04:10:00,27.823156171325724
2015-04-04 04:20:00,28.94811744401135
2015-04-04 04:30:00,29.257403578814294
2015-04-04 04:40:00,28.44957276676651
2015-04-04 04:50:00,27.676461768781518
2015-04-04 05:00:00,27.144942000350785
2015-04-04 05:10:00,26.70667881423432
2015-04-04 05:20:00,26.319334251814887
2015-04-04 05:30:00,26.125398536714485
2015-04-04 05:40:00,26.471589216477316
2015-04-04 05:50:00,27.09397753963756
2015-04-04 06:00:00,26.991472848331107
2015-04-04 06:10:00,26.969915218672888
2015-04-04 06:20:00,26.92501121127535
2015-04-04 06:30:00,26.63997128065362
2015-04-04 06:40:00,26.411038403813436
2015-04-04 06:50:00,26.111421748579517
2015-04-04 07:00:00,26.49319295301365
2015-04-04 07:10:00,26.120614957993816
2015-04-04 07:20:00,25.014040490531197
2015-04-04 07:30:00,24.545100445601
2015-04-04 07:40:00,24.122479874540765
2015-04-04 07:50:00,23.33271066455123
2015-04-04 08:00:00,22.80018411701811
2015-04-04 08:10:00,22.433041629801174
2015-04-04 08:20:00,22.05388150234583
2015-04-04 08:30:00,21.843519818947087
2015-04-04 08:40:00,21.510515996152247
2015-04-04 08:50:00,21.540517398069642
2015-04-04 09:00:00,21.931195028370098
2015-04-04 09:10:00,22.094211840059995
2015-04-04 09:20:00,22.0250667558147
2015-04-04 09:30:00,21.800978415798873
2015-04-04 09:40:00,21.594711733480626
2015-04-04 09:50:00,21.483527005759385
2015-04-04 10:00:00,21.65175308201837
2015-04-04 10:10:00,21.776024480220432
2015-04-04 10:20:00,21.795841031492063
2015-04-04 10:30:00,21.968868945810108
2015-04-04 10:40:00,22.460359979305448
2015-04-04 10:50:00,22.451740931623394
2015-04-04 11:00:00,21.948314727766338
2015-04-04 11:10:00,22.121625746187654
2015-04-04 11:20:00,22.095317890156196
2015-04-04 11:30:00,21.65115267414827
2015-04-04 11:40:00,21.52499316931912
2015-04-04 11:50:00,21.914955386964575
2015-04-04 12:00:00,22.182937175710286
2015-04-04 12:10:00,22.11904190427933
2015-04-04 12:20:00,22.338844156553225
2015-04-04 12:30:00,22.598877783569044
2015-04-04 12:40:00,22.66290468754915
2015-04-04 12:50:00,22.55110821942083
2015-04-04 13:00:00,21.988553260689333
2015-04-04 13:10:00,21.425735869632206
2015-04-04 13:20:00,21.69040286725816
2015-04-04 13:30:00,22.183252847539958
2015-04-04 13:40:00,21.956466873286047
2015-04-04 13:50:00,21.523083614697637
2015-04-04 14:00:00,21.497273842322972
2015-04-04 14:10:00,21.51288755455704
2015-04-04 14:20:00,21.31581384250367
2015-04-04 14:30:00,21.3567467122307
2015-04-04 14:40:00,21.806474929833126
2015-04-04 14:50:00,21.977809226734124
2015-04-04 15:00:00,21.921294560737117
2015-04-04 15:10:00,22.387176090967493
2015-04-04 15:20:00,22.44617312767511
2015-04-04 15:30:00,21.778944535865975
2015-04-04 15:40:00,21.696920523222314
2015-04-04 15:50:00,21.88880970381788
2015-04-04 16:00:00,21.69509757239003
2015-04-04 16:10:00,21.84769742479116
2015-04-04 16:20:00,22.246419562551242
2015-04-04 16:30:00,22.621685938440635
2015-04-04 16:40:00,22.393099812720493
2015-04-04 16:50:00,21.851437672269977
2015-04-04 17:00:00,21.72763229177445
2015-04-04 17:10:00,21.53338008827648
2015-04-04 17:20:00,21.357491550284102
2015-04-04 17:30:00,21.5636344068753
2015-04-04 17:40:00,21.64025023088679
2015-04-04 17:50:00,21.522600365107557
2015-04-04 18:00:00,21.456303915711676
2015-04-04 18:10:00,21.27072152128208
2015-04-04 18:20:00,21.404329807235126
2015-04-04 18:30:00,21.657318189306253
2015-04-04 18:40:00,21.90664870838708
2015-04-04 18:50:00,22.379479788834544
2015-04-04 19:00:00,22.43727564692241
2015-04-04 19:10:00,21.895926493071872
2015-04-04 19:20:00,21.7956627245245
2015-04-04 19:30:00,22.155435721636643
2015-04-04 19:40:00,22.304976870525504
2015-04-04 19:50:00,22.33190282324541
2015-04-04 20:00:00,22.52808233941106
2015-04-04 20:10:00,22.48830174931929
2015-04-04 20:20:00,22.381171251476456
2015-04-04 20:30:00,22.859448087591673
2015-04-04 20:40:00,23.3028285579984
2015-04-04 20:50:00,22.840725358286363
2015-04-04 21:00:00,22.198941331193137
2015-04-04 21:10:00,22.163526642885408
2015-04-04 21:20:00,22.49520497273837
2015-04-04 21:30:00,22.757004023723603
2015-04-04 21:40:00,23.122567330875807
2015-04-04 21:50:00,23.47794948332079
2015-04-04 22:00:00,23.72363988060063
2015-04-04 22:10:00,24.18536579943595
2015-04-04 22:20:00,24.65890964471197
2015-04-04 22:30:00,24.536646544888224
2015-04-04 22:40:00,24.355567629317516
2015-04-04 22:50:00,25.084920309809313
2015-04-04 23:00:00,25.1790546083266
2015-04-04 23:10:00,24.758068657857272
2015-04-04 23:20:00,24.721150529542133
2015-04-04 23:30:00,24.95535931293324
2015-04-04 23:40:00,25.48127364924044
2015-04-04 23:50:00,26.247771214747665
2015-04-05 00:00:00,26.476848611206286
2015-04-05 00:10:00,26.008564258972836
2015-04-05 00:20:00,25.885822912345205
2015-04-05 00:30:00,26.550364713043457
2015-04-05 00:40:00,26.859226361659505
2015-04-05 00:50:00,27.163536463268102
2015-04-05 01:00:00,27.676036716907767
2015-04-05 01:10:00,27.55819013458335
2015-04-05 01:20:00,27.61833227076015
2015-04-05 01:30:00,26.959499184034012
2015-04-05 01:40:00,26.606480271542548
2015-04-05 01:50:00,27.542343320074178
2015-04-05 02:00:00,28.47427638273475
2015-04-05 02:10:00,28.981181848820004
2015-04-05 02:20:00,28.831055679041892
2015-04-05 02:30:00,28.821686718772664
2015-04-05 02:40:00,28.608620732449324
2015-04-05 02:50:00,28.07712886743431
2015-04-05 03:00:00,27.75677717412791
2015-04-05 03:10:00,27.6789747270086
2015-04-05 03:20:00,28.229635821256906
2015-04-05 03:30:00,28.591150185060904
2015-04-05 03:40:00,28.641569038986663
2015-04-05 03:50:00,29.064619512263132
2015-04-05 04:00:00,29.010678968642313
2015-04-05 04:10:00,28.761466563201093
2015-04-05 04:20:00,28.429404266980338
2015-04-05 04:30:00,27.818716287080644
2015-04-05 04:40:00,27.51278106689648
2015-04-05 04:50:00,26.608810142693564
2015-04-05 05:00:00,25.412378926218153
2015-04-05 05:10:00,24.862567846433837
2015-04-05 05:20:00,24.65105068653296
2015-04-05 05:30:00,24.863589244666134
2015-04-05 05:40:00,24.912667354719627
2015-04-05 05:50:00,24.694288162488267
2015-04-05 06:00:00,24.721327126722134
2015-04-05 06:10:00,25.025839144570792
2015-04-05 06:20:00,25.57973940788084
2015-04-05 06:30:00,25.79342659023826
2015-04-05 06:40:00,26.021329369706756
2015-04-05 06:50:00,25.92651991986662
2015-04-05 07:00:00,25.629689929073457
2015-04-05 07:10:00,26.20977800686352
2015-04-05 07:20:00,26.452280790424282
2015-04-05 07:30:00,25.660450655874026
2015-04-05 07:40:00,24.707044255509782
2015-04-05 07:50:00,24.243338320786954
2015-04-05 08:00:00,24.114243346924876
2015-04-05 08:10:00,23.99025469807366
2015-04-05 08:20:00,24.070207671036115
2015-04-05 08:30:00,23.845416517374634
2015-04-05 08:40:00,23.78016494434154
2015-04-05 08:50:00,24.540737009540223
2015-04-05 09:00:00,24.731799905276915
2015-04-05 09:10:00,23.83915414093366
2015-04-05 09:20:00,23.515471384985222
2015-04-05 09:30:00,23.284822194821672
2015-04-05 09:40:00,23.233462757270274
2015-04-05 09:50:00,23.416145744647018
2015-04-05 10:00:00,23.242010895049102
2015-04-05 10:10:00,22.978885534989907
2015-04-05 10:20:00,22.97514117890946
2015-04-05 10:30:00,23.534637116318184
2015-04-05 10:40:00,23.932829902143094
2015-04-05 10:50:00,24.026369348716234
2015-04-05 11:00:00,23.586970811852773
2015-04-05 11:10:00,23.482687350671203
2015-04-05 11:20:00,23.87826592342246
2015-04-05 11:30:00,23.833959726998586
2015-04-05 11:40:00,24.024127926045455
2015-04-05 11:50:00,24.049567966397692
2015-04-05 12:00:00,23.49738376776702
2015-04-05 12:10:00,23.54134465513707
2015-04-05 12:20:00,23.555193274886868
2015-04-05 12:30:00,23.196885875090338
2015-04-05 12:40:00,23.26143172122632
2015-04-05 12:50:00,23.507003203483027
2015-04-05 13:00:00,23.86581641285785
2015-04-05 13:10:00,23.880236005276476
2015-04-05 13:20:00,23.40227588750278
2015-04-05 13:30:00,23.10954080421682
2015-04-05 13:40:00,22.603402351078948
2015-04-05 13:50:00,22.218670213492697
2015-04-05 14:00:00,22.433049291334207
2015-04-05 14:10:00,22.995157992730245
2015-04-05 14:20:00,23.4631596157405
2015-04-05 14:30:00,23.40756488547339
2015-04-05 14:40:00,23.125905097383974
2015-04-05 14:50:00,22.803559270987826
2015-04-05 15:00:00,23.075903601475694
2015-04-05 15:10:00,23.245806372635805
2015-04-05 15:20:00,22.926304204585602
2015-04-05 15:30:00,22.984982005683424
2015-04-05 15:40:00,23.225633516460874
2015-04-05 15:50:00,23.350933180436776
2015-04-05 16:00:00,23.283800462826587
2015-04-05 16:10:00,22.985008900322054
2015-04-05 16:20:00,23.08935033470572
2015-04-05 16:30:00,23.395447259044584
2015-04-05 16:40:00,23.112331567815964
2015-04-05 16:50:00,22.75018350247152
2015-04-05 17:00:00,22.795917123388996
2015-04-05 17:10:00,23.08444807410757
2015-04-05 17:20:00,23.088554789673875
2015-04-05 17:30:00,22.54341126989986
2015-04-05 17:40:00,22.001485607919182
2015-04-05 17:50:00,21.719444572973373
2015-04-05 18:00:00,21.654703123565508
2015-04-05 18:10:00,21.717811658616437
2015-04-05 18:20:00,21.64432356108175
2015-04-05 18:30:00,21.954368165357238
2015-04-05 18:40:00,22.157886504206836
2015-04-05 18:50:00,21.829174882748482
2015-04-05 19:00:00,21.98558350209625
2015-04-05 19:10:00,21.842330570913425
2015-04-05 19:20:00,21.74274328057054
2015-04-05 19:30:00,22.022471679808948
2015-04-05 19:40:00,21.68726733001934
2015-04-05 19:50:00,21.819341918758003
2015-04-05 20:00:00,22.553958891450822
2015-04-05 20:10:00,22.65915724928356
2015-04-05 20:20:00,22.63413300002445
2015-04-05 20:30:00,22.536860547759368
2015-04-05 20:40:00,22.49996788616493
2015-04-05 20:50:00,22.567896062169165
2015-04-05 21:00:00,22.583786521788408
2015-04-05 21:10:00,23.02604148380705
2015-04-05 21:20:00,23.096528689669604
2015-04-05 21:30:00,22.85843944299438
2015-04-05 21:40:00,22.303884783181203
2015-04-05 21:50:00,22.22723794781593
2015-04-05 22:00:00,22.335620662883688
2015-04-05 22:10:00,21.69029362413169
2015-04-05 22:20:00,21.68351655452634
2015-04-05 22:30:00,22.143609188068073
2015-04-05 22:40:00,22.58047784121269
2015-04-05 22:50:00,23.15810767464233
2015-04-05 23:00:00,23.538174093553433
2015-04-05 23:10:00,23.43505985408902
2015-04-05 23:20:00,23.547546188835685
2015-04-05 23:30:00,23.657445156972035
2015-04-05 23:40:00,23.62146412059748
2015-04-05 23:50:00,23.869563822674284
2015-04-06 00:00:00,24.101724965945998
2015-04-06 00:10:00,24.104245496719038
2015-04-06 00:20:00,23.989930025114006
2015-04-06 00:30:00,24.344204218463766
2015-04-06 00:40:00,25.28646075731358
2015-04-06 00:50:00,26.150995014552638
2015-04-06 01:00:00,26.341556290439787
2015-04-06 01:10:00,26.305521195703722
2015-04-06 01:20:00,25.986507930938814
2015-04-06 01:30:00,25.74399767959287
2015-04-06 01:40:00,26.272154341802004
2015-04-06 01:50:00,27.466510698559016
2015-04-06 02:00:00,27.464901036011685
2015-04-06 02:10:00,26.817938033857317
2015-04-06 02:20:00,27.01423714118425
2015-04-06 02:30:00,27.29390520493642
2015-04-06 02:40:00,26.90012609112733
2015-04-06 02:50:00,25.959532821245823
2015-04-06 03:00:00,25.06048330568141
2015-04-06 03:10:00,24.873132853866892
2015-04-06 03:20:00,25.389226858662457
2015-04-06 03:30:00,25.48439574799945
2015-04-06 03:40:00,25.10907739438666
2015-04-06 03:50:00,24.953823555448018
2015-04-06 04:00:00,25.0564266401592
2015-04-06 04:10:00,25.48465685919353
2015-04-06 04:20:00,26.757180195107193
2015-04-06 04:30:00,27.38741119705585
2015-04-06 04:40:00,27.501007773442932
2015-04-06 04:50:00,27.722731475307008
2015-04-06 05:00:00,27.131813421521404
2015-04-06 05:10:00,26.587130758960374
2015-04-06 05:20:00,27.278896820121282
2015-04-06 05:30:00,27.673344509297866
2015-04-06 05:40:00,27.01211272373608
2015-04-06 05:50:00,26.36976990334444
2015-04-06 06:00:00,25.982029069027757
2015-04-06 06:10:00,25.767390844932823
2015-04-06 06:20:00,25.509695102046155
2015-04-06 06:30:00,25.142456338627266
2015-04-06 06:40:00,24.872543748940505
2015-04-06 06:50:00,25.24238464041364
2015-04-06 07:00:00,25.471641877210377
2015-04-06 07:10:00,25.20159148447038
2015-04-06 07:20:00,25.339635676930406
2015-04-06 07:30:00,25.34044693906507
2015-04-06 07:40:00,25.225036200827844
2015-04-06 07:50:00,24.85728095191711
2015-04-06 08:00:00,24.1571431055384
2015-04-06 08:10:00,24.182707638469562
2015-04-06 08:20:00,23.974661569875316
2015-04-06 08:30:00,23.627230606134674
2015-04-06 08:40:00,23.543611483981103
2015-04-06 08:50:00,23.369935578475936
2015-04-06 09:00:00,23.070453959390008
2015-04-06 09:10:00,22.680344463925422
2015-04-06 09:20:00,22.825502110625905
2015-04-06 09:30:00,22.867497447354168
2015-04-06 09:40:00,22.43499972034312
2015-04-06 09:50:00,22.30021408761802
2015-04-06 10:00:00,22.346162370572948
2015-04-06 10:10:00,22.365805330118082
2015-04-06 10:20:00,22.4781357216619
2015-04-06 10:30:00,22.593496630112032
2015-04-06 10:40:00,22.606846138114317
2015-04-06 10:50:00,22.388094397055493
2015-04-06 11:00:00,22.36026789796331
2015-04-06 11:10:00,22.237896252466644
2015-04-06 11:20:00,21.998469037432397
2015-04-06 11:30:00,22.4855652676003
2015-04-06 11:40:00,23.12248730014488
2015-04-06 11:50:00,23.111195155877493
2015-04-06 12:00:00,22.842957444401847
2015-04-06 12:10:00,22.504626816276886
2015-04-06 12:20:00,22.337778401553162
2015-04-06 12:30:00,22.27665501760371
2015-04-06 12:40:00,22.210937316969154
2015-04-06 12:50:00,22.45787200707418
2015-04-06 13:00:00,22.764304565923066
2015-04-06 13:10:00,22.569947318922694
2015-04-06 13:20:00,22.298645471347122
2015-04-06 13:30:00,22.178061650782038
2015-04-06 13:40:00,22.045415927965326
2015-04-06 13:50:00,22.002617062173385
2015-04-06 14:00:00,21.871927630073834
2015-04-06 14:10:00,22.182276198630195
2015-04-06 14:20:00,22.400608544811213
2015-04-06 14:30:00,22.380647474420794
2015-04-06 14:40:00,22.155916675794735
2015-04-06 14:50:00,21.551523036844756
2015-04-06 15:00:00,21.261262648845744
2015-04-06 15:10:00,21.661772250669696
2015-04-06 15:20:00,21.425197128430998
2015-04-06 15:30:00,20.886263066801774
2015-04-06 15:40:00,21.426253702434735
2015-04-06 15:50:00,21.943139440745483
2015-04-06 16:00:00,21.924272204928698
2015-04-06 16:10:00,21.72656754619531
2015-04-06 16:20:00,21.739896214390185
2015-04-06 16:30:00,21.499022348164853
2015-04-06 16:40:00,21.24108608099213
2015-04-06 16:50:00,21.328662799897927
2015-04-06 17:00:00,21.39112117868396
2015-04-06 17:10:00,21.54108874029989
2015-04-06 17:20:00,21.781756710872113
2015-04-06 17:30:00,22.08983432557037
2015-04-06 17:40:00,22.3058850686178
2015-04-06 17:50:00,22.07679132469906
2015-04-06 18:00:00,21.491463861770324
2015-04-06 18:10:00,21.197309451873434
2015-04-06 18:20:00,20.880524331376527
2015-04-06 18:30:00,20.803356813392018
2015-04-06 18:40:00,21.06836147201952
2015-04-06 18:50:00,20.962704897354318
2015-04-06 19:00:00,21.33383916144172
2015-04-06 19:10:00,22.363686766146316
2015-04-06 19:20:00,22.47549933197941
2015-04-06 19:30:00,21.878779376403
2015-04-06 19:40:00,21.76831633176486
2015-04-06 19:50:00,21.776994844101676
2015-04-06 20:00:00,21.97338898670697
2015-04-06 20:10:00,22.35114426741545
2015-04-06 20:20:00,22.798131694894625
2015-04-06 20:30:00,23.12140254956411
2015-04-06 20:40:00,22.996331723213643
2015-04-06 20:50:00,22.45856642606853
2015-04-06 21:00:00,22.383636845264025
2015-04-06 21:10:00,22.58305355424964
2015-04-06 21:20:00,22.7119391573365
2015-04-06 21:30:00,23.21422025159629
2015-04-06 21:40:00,23.516575876139125
2015-04-06 21:50:00,23.88899914883755
2015-04-06 22:00:00,24.148834569936064
2015-04-06 22:10:00,24.217803762388257
2015-04-06 22:20:00,24.194646420436825
2015-04-06 22:30:00,23.94618792470831
2015-04-06 22:40:00,24.024217280415986
2015-04-06 22:50:00,24.653077943230166
2015-04-06 23:00:00,25.08368622631485
2015-04-06 23:10:00,25.191883149810796
2015-04-06 23:20:00,25.45889787754375
2015-04-06 23:30:00,25.461070629192648
2015-04-06 23:40:00,25.18856522376977
2015-04-06 23:50:00,24.826805888379223
2015-04-07 00:00:00,24.24243141772298
2015-04-07 00:10:00,24.692471335460137
2015-04-07 00:20:00,25.50363077490818
2015-04-07 00:30:00,25.469537545634758
2015-04-07 00:40:00,26.06020284734009
2015-04-07 00:50:00,26.708544075183344
2015-04-07 01:00:00,26.400394925019963
2015-04-07 01:10:00,26.356826377704166
2015-04-07 01:20:00,26.68932752045772
2015-04-07 01:30:00,26.44783818013971
2015-04-07 01:40:00,26.00249059505386
2015-04-07 01:50:00,26.24001893661579
2015-04-07 02:00:00,26.557212871553045
2015-04-07 02:10:00,26.213637474996787
2015-04-07 02:20:00,26.160824498037975
2015-04-07 02:30:00,26.680584817161424
2015-04-07 02:40:00,26.563019413277136
2015-04-07 02:50:00,26.209746172307444
2015-04-07 03:00:00,25.8345527509315
2015-04-07 03:10:00,25.392770697308872
2015-04-07 03:20:00,25.942547418115648
2015-04-07 03:30:00,26.221526027762895
2015-04-07 03:40:00,25.52174716741413
2015-04-07 03:50:00,25.29265124506184
2015-04-07 04:00:00,26.140693579467932
2015-04-07 04:10:00,27.173086124172087
2015-04-07 04:20:00,27.780154202879302
2015-04-07 04:30:00,27.621751217780073
2015-04-07 04:40:00,26.679445715880213
2015-04-07 04:50:00,26.284912462881632
2015-04-07 05:00:00,26.352464653807967
2015-04-07 05:10:00,26.350095999891593
2015-04-07 05:20:00,26.804270686037434
2015-04-07 05:30:00,27.086626836692805
2015-04-07 05:40:00,26.589318439120223
2015-04-07 05:50:00,26.329832948177355
2015-04-07 06:00:00,26.253933260361258
2015-04-07 06:10:00,26.16576177122589
2015-04-07 06:20:00,26.431508428730684
2015-04-07 06:30:00,26.581604753621903
2015-04-07 06:40:00,25.980780109507712
2015-04-07 06:50:00,24.65320721648335
2015-04-07 07:00:00,23.024853428754987
2015-04-07 07:10:00,21.52001406229204
2015-04-07 07:20:00,20.34639366904213
2015-04-07 07:30:00,19.00433653561019
2015-04-07 07:40:00,17.85359672369981
2015-04-07 07:50:00,17.19447887248221
2015-04-07 08:00:00,17.20309321409759
2015-04-07 08:10:00,18.009586944809662
2015-04-07 08:20:00,18.81194001894162
2015-04-07 08:30:00,19.351680901511735
2015-04-07 08:40:00,19.87040771565139
2015-04-07 08:50:00,20.23424998447185
2015-04-07 09:00:00,20.527018941533836
2015-04-07 09:10:00,20.67871677667601
2015-04-07 09:20:00,20.97068951735549
2015-04-07 09:30:00,21.12352352540895
2015-04-07 09:40:00,20.91047155489965
2015-04-07 09:50:00,20.79129064310515
2015-04-07 10:00:00,20.884654657021585
2015-04-07 10:10:00,21.683099662096772
2015-04-07 10:20:00,22.20603741813181
2015-04-07 10:30:00,21.820696791502588
2015-04-07 10:40:00,21.53418768645385
2015-04-07 10:50:00,21.95041060579285
2015-04-07 11:00:00,21.954034024037167
2015-04-07 11:10:00,21.472409000282685
2015-04-07 11:20:00,21.463731989592855
2015-04-07 11:30:00,21.173395332773378
2015-04-07 11:40:00,20.856733636423478
2015-04-07 11:50:00,21.092927682736562
2015-04-07 12:00:00,21.462222300680786
2015-04-07 12:10:00,21.426862243970536
2015-04-07 12:20:00,21.171999056622983
2015-04-07 12:30:00,21.089223017600883
2015-04-07 12:40:00,20.9199116011098
2015-04-07 12:50:00,20.801959933847737
2015-04-07 13:00:00,20.531617668922852
2015-04-07 13:10:00,20.292847019274685
2015-04-07 13:20:00,20.384311561134208
2015-04-07 13:30:00,20.493258324501515
2015-04-07 13:40:00,20.287983090382006
2015-04-07 13:50:00,20.118757284223776
2015-04-07 14:00:00,20.419391119856865
2015-04-07 14:10:00,20.679094237814002
2015-04-07 14:20:00,20.509277678354252
2015-04-07 14:30:00,20.648319000921372
2015-04-07 14:40:00,20.714237147574355
2015-04-07 14:50:00,20.205061189176174
2015-04-07 15:00:00,20.010324495846735
2015-04-07 15:10:00,19.532537731820554
2015-04-07 15:20:00,19.216217553729706
2015-04-07 15:30:00,19.132180266651126
2015-04-07 15:40:00,18.827343739198685
2015-04-07 15:50:00,18.818925021628072
2015-04-07 16:00:00,18.906366662017252
2015-04-07 16:10:00,18.78906192739854
2015-04-07 16:20:00,18.8349581609924
2015-04-07 16:30:00,18.92139087319195
2015-04-07 16:40:00,18.69948326032718
2015-04-07 16:50:00,18.299937626980693
2015-04-07 17:00:00,17.7850781225183
2015-04-07 17:10:00,17.644470644323786
2015-04-07 17:20:00,18.10033453454744
2015-04-07 17:30:00,18.323940067115323
2015-04-07 17:40:00,18.04322886683199
2015-04-07 17:50:00,17.916432976145796
2015-04-07 18:00:00,18.06301127385199
2015-04-07 18:10:00,18.285427494465655
2015-04-07 18:20:00,18.554506367085338
2015-04-07 18:30:00,19.00565973621942
2015-04-07 18:40:00,19.547056706675903
2015-04-07 18:50:00,19.71564145068606
2015-04-07 19:00:00,19.57046086595523
2015-04-07 19:10:00,19.44472015042835
2015-04-07 19:20:00,19.813972933962468
2015-04-07 19:30:00,20.071009594117374
2015-04-07 19:40:00,20.010242752376914
2015-04-07 19:50:00,20.36559173137147
2015-04-07 20:00:00,20.898831196261206
2015-04-07 20:10:00,21.241815024493455
2015-04-07 20:20:00,21.40447933127704
2015-04-07 20:30:00,21.735235091785732
2015-04-07 20:40:00,22.06365323152345
2015-04-07 20:50:00,22.21293126902812
2015-04-07 21:00:00,22.07906914345358
2015-04-07 21:10:00,22.00235742290786
2015-04-07 21:20:00,22.360245740679478
2015-04-07 21:30:00,22.539818319658938
2015-04-07 21:40:00,22.747423292307587
2015-04-07 21:50:00,23.10592235657783
2015-04-07 22:00:00,23.532172606091354
2015-04-07 22:10:00,23.787612607515285
2015-04-07 22:20:00,23.885597602253995
2015-04-07 22:30:00,24.09159349749042
2015-04-07 22:40:00,24.089630247437334
2015-04-07 22:50:00,24.17058144110689
2015-04-07 23:00:00,24.34286756936348
2015-04-07 23:10:00,24.28212861011881
2015-04-07 23:20:00,24.74857322424338
2015-04-07 23:30:00,25.2401648675907
2015-04-07 23:40:00,25.450712529865417
2015-04-07 23:50:00,25.575053886277484
2015-04-08 00:00:00,25.3483562447116
2015-04-08 00:10:00,25.720596964530735
2015-04-08 00:20:00,26.017805802818476
2015-04-08 00:30:00,26.04317987551348
2015-04-08 00:40:00,26.97262653210897
2015-04-08 00:50:00,27.24725660060215
2015-04-08 01:00:00,26.46571723490746
2015-04-08 01:10:00,26.342680172823894
2015-04-08 01:20:00,26.660023984946775
2015-04-08 01:30:00,26.47440033680793
2015-04-08 01:40:00,26.192781780733494
2015-04-08 01:50:00,26.47561740319973
2015-04-08 02:00:00,26.7262777364008
2015-04-08 02:10:00,27.274672506697243
2015-04-08 02:20:00,27.850178381579216
2015-04-08 02:30:00,27.064793416176173
2015-04-08 02:40:00,25.83322514696952
2015-04-08 02:50:00,25.910410272150813
2015-04-08 03:00:00,26.857637434772652
2015-04-08 03:10:00,27.523863271188613
2015-04-08 03:20:00,27.67147409153237
2015-04-08 03:30:00,26.81473950754943
2015-04-08 03:40:00,25.619039594670774
2015-04-08 03:50:00,25.720440131453895
2015-04-08 04:00:00,26.995760832872467
2015-04-08 04:10:00,28.048444028144203
2015-04-08 04:20:00,28.07024207525362
2015-04-08 04:30:00,27.546722310447837
2015-04-08 04:40:00,27.05930201621643
2015-04-08 04:50:00,26.83195493243504
2015-04-08 05:00:00,26.584130649020288
2015-04-08 05:10:00,27.1615954553506
2015-04-08 05:20:00,27.98469061243675
2015-04-08 05:30:00,28.126407366921683
2015-04-08 05:40:00,28.401252655980908
2015-04-08 05:50:00,28.271194951075902
2015-04-08 06:00:00,27.438713151324894
2015-04-08 06:10:00,26.456130008237114
2015-04-08 06:20:00,25.711931609429907
2015-04-08 06:30:00,25.135126431943267
2015-04-08 06:40:00,24.608225039387268
2015-04-08 06:50:00,24.018375935321504
2015-04-08 07:00:00,23.009348208313515
2015-04-08 07:10:00,21.62643140385833
2015-04-08 07:20:00,20.62728710029034
2015-04-08 07:30:00,19.787344959690326
2015-04-08 07:40:00,18.89658453823342
2015-04-08 07:50:00,18.491178271071984
2015-04-08 08:00:00,18.36745196347507
2015-04-08 08:10:00,18.507080936240193
2015-04-08 08:20:00,18.824934134386524
2015-04-08 08:30:00,19.225289011930606
2015-04-08 08:40:00,19.762391958385262
2015-04-08 08:50:00,20.26424043447841
2015-04-08 09:00:00,20.52589488145919
2015-04-08 09:10:00,20.753073099850106
2015-04-08 09:20:00,21.07673264256489
2015-04-08 09:30:00,20.99754906538622
2015-04-08 09:40:00,20.584802399715365
2015-04-08 09:50:00,20.261131750750575
2015-04-08 10:00:00,20.112683050289125
2015-04-08 10:10:00,20.32179780288999
2015-04-08 10:20:00,20.712239995555937
2015-04-08 10:30:00,20.815866264096833
2015-04-08 10:40:00,20.646482414296877
2015-04-08 10:50:00,20.757119453315024
2015-04-08 11:00:00,21.14054072120795
2015-04-08 11:10:00,21.322545462174674
2015-04-08 11:20:00,21.136316399335975
2015-04-08 11:30:00,21.244197948865487
2015-04-08 11:40:00,21.336794549791094
2015-04-08 11:50:00,21.533884709956556
2015-04-08 12:00:00,21.86150948393818
2015-04-08 12:10:00,21.78111601729226
2015-04-08 12:20:00,21.78097235978145
2015-04-08 12:30:00,21.60886479529434
2015-04-08 12:40:00,21.38648350144772
2015-04-08 12:50:00,21.43443625819522
2015-04-08 13:00:00,21.3466421776806
2015-04-08 13:10:00,21.878992497289193
2015-04-08 13:20:00,22.42883509188214
2015-04-08 13:30:00,22.031601189026244
2015-04-08 13:40:00,21.699028468355117
2015-04-08 13:50:00,21.121353650341135
2015-04-08 14:00:00,20.72607595530282
2015-04-08 14:10:00,20.96898994594412
2015-04-08 14:20:00,21.064078412466092
2015-04-08 14:30:00,21.124398680397945
2015-04-08 14:40:00,20.960838411727636
2015-04-08 14:50:00,20.741831010739944
2015-04-08 15:00:00,20.342691572414825
2015-04-08 15:10:00,19.556721304148507
2015-04-08 15:20:00,19.029389339328652
2015-04-08 15:30:00,18.826403861041165
2015-04-08 15:40:00,19.054378525699786
2015-04-08 15:50:00,19.49066304059283
2015-04-08 16:00:00,20.170101428688533
2015-04-08 16:10:00,20.220178594889923
2015-04-08 16:20:00,19.785093155977627
2015-04-08 16:30:00,19.644651258041748
2015-04-08 16:40:00,19.26371824308068
2015-04-08 16:50:00,18.853665645568924
2015-04-08 17:00:00,18.42938774925968
2015-04-08 17:10:00,18.456113448057888
2015-04-08 17:20:00,18.98342644686722
2015-04-08 17:30:00,18.99181739406658
2015-04-08 17:40:00,19.100355077138374
2015-04-08 17:50:00,19.392259051815106
2015-04-08 18:00:00,19.571009588043655
2015-04-08 18:10:00,19.59566419898607
2015-04-08 18:20:00,19.433883802735835
2015-04-08 18:30:00,19.45479983926951
2015-04-08 18:40:00,19.640662305687357
2015-04-08 18:50:00,19.965786378510767
2015-04-08 19:00:00,19.963369466879897
2015-04-08 19:10:00,19.85245152862495
2015-04-08 19:20:00,20.43036518575752
2015-04-08 19:30:00,20.863060231736664
2015-04-08 19:40:00,21.25114879183495
2015-04-08 19:50:00,21.586591072722218
2015-04-08 20:00:00,21.035949196518107
2015-04-08 20:10:00,20.88280480695709
2015-04-08 20:20:00,21.592098641225796
2015-04-08 20:30:00,22.041522629952507
2015-04-08 20:40:00,22.29245961283861
2015-04-08 20:50:00,22.995039881116227
2015-04-08 21:00:00,23.145843694249905
2015-04-08 21:10:00,22.731731326953913
2015-04-08 21:20:00,22.459263930491097
2015-04-08 21:30:00,22.421564823283877
2015-04-08 21:40:00,22.49634134628703
2015-04-08 21:50:00,22.449060794078807
2015-04-08 22:00:00,22.737510201415184
2015-04-08 22:10:00,23.357341394607708
2015-04-08 22:20:00,23.70955998541095
2015-04-08 22:30:00,23.931549066144377
2015-04-08 22:40:00,24.224782134044943
2015-04-08 22:50:00,24.34846806698855
2015-04-08 23:00:00,24.260076356471078
2015-04-08 23:10:00,24.05375814328341
2015-04-08 23:20:00,24.247307011209777
2015-04-08 23:30:00,24.848049278857168
2015-04-08 23:40:00,25.593822818454093
2015-04-08 23:50:00,25.682344991922726
2015-04-09 00:00:00,25.086235193376087
2015-04-09 00:10:00,24.762583333148193
2015-04-09 00:20:00,25.061065515864946
2015-04-09 00:30:00,25.34310990633687
2015-04-09 00:40:00,25.375468796864425
2015-04-09 00:50:00,25.168430227952957
2015-04-09 01:00:00,25.463601092926556
2015-04-09 01:10:00,25.405813077216045
2015-04-09 01:20:00,25.13658698171377
2015-04-09 01:30:00,26.037224114433545
2015-04-09 01:40:00,26.59219042036936
2015-04-09 01:50:00,26.605678008570322
2015-04-09 02:00:00,27.04620055777579
2015-04-09 02:10:00,26.90486501149786
2015-04-09 02:20:00,26.17344538323238
2015-04-09 02:30:00,26.19265962054957
2015-04-09 02:40:00,26.689920469942756
2015-04-09 02:50:00,26.479516579309486
2015-04-09 03:00:00,25.597482836617562
2015-04-09 03:10:00,25.843087857419036
2015-04-09 03:20:00,26.98921686963372
2015-04-09 03:30:00,27.602653083491266
2015-04-09 03:40:00,27.300234511423486
2015-04-09 03:50:00,27.51510049951211
2015-04-09 04:00:00,27.70897243235795
2015-04-09 04:10:00,27.80642714366929
2015-04-09 04:20:00,28.0930625934656
2015-04-09 04:30:00,27.813838364868744
2015-04-09 04:40:00,27.413491581545657
2015-04-09 04:50:00,27.203409971291737
2015-04-09 05:00:00,27.14649473378434
2015-04-09 05:10:00,27.780447934653413
2015-04-09 05:20:00,28.503166189066096
2015-04-09 05:30:00,29.308570507440884
2015-04-09 05:40:00,29.458755939803332
2015-04-09 05:50:00,28.086612993172878
2015-04-09 06:00:00,27.570152272649146
2015-04-09 06:10:00,27.58520514101397
2015-04-09 06:20:00,27.125985127845208
2015-04-09 06:30:00,25.94113091272359
2015-04-09 06:40:00,24.89203697230901
2015-04-09 06:50:00,24.461055894553564
2015-04-09 07:00:00,23.259778966156034
2015-04-09 07:10:00,21.549782964246685
2015-04-09 07:20:00,19.9905456520421
2015-04-09 07:30:00,18.886104326788676
2015-04-09 07:40:00,18.448756067407917
2015-04-09 07:50:00,18.309627702720974
2015-04-09 08:00:00,18.72947111468962
2015-04-09 08:10:00,18.807750167687345
2015-04-09 08:20:00,18.76223453548244
2015-04-09 08:30:00,19.054156399027562
2015-04-09 08:40:00,18.75423552764696
2015-04-09 08:50:00,18.764226861704348
2015-04-09 09:00:00,19.478462817595616
2015-04-09 09:10:00,20.556852106921653
2015-04-09 09:20:00,21.164931838579786
2015-04-09 09:30:00,20.777524478919865
2015-04-09 09:40:00,20.833409665501318
2015-04-09 09:50:00,21.04817233774683
2015-04-09 10:00:00,21.072793259014045
2015-04-09 10:10:00,21.20736582880062
2015-04-09 10:20:00,21.014110790848463
2015-04-09 10:30:00,20.880683433604926
2015-04-09 10:40:00,20.905447968002164
2015-04-09 10:50:00,21.119793765227367
2015-04-09 11:00:00,20.931029625788288
2015-04-09 11:10:00,20.634728102499704
2015-04-09 11:20:00,20.79887713892742
2015-04-09 11:30:00,20.856230257073282
2015-04-09 11:40:00,21.022574830755968
2015-04-09 11:50:00,21.190499675659428
2015-04-09 12:00:00,21.26507302324166
2015-04-09 12:10:00,21.31330446082845
2015-04-09 12:20:00,21.196606179671974
2015-04-09 12:30:00,21.21835714854251
2015-04-09 12:40:00,21.433818610722327
2015-04-09 12:50:00,21.56202498183429
2015-04-09 13:00:00,21.340318328555067
2015-04-09 13:10:00,21.23364813012812
2015-04-09 13:20:00,21.365261141437635
2015-04-09 13:30:00,21.409129789307624
2015-04-09 13:40:00,21.393521179104685
2015-04-09 13:50:00,21.4549328648623
2015-04-09 14:00:00,20.856035176407293
2015-04-09 14:10:00,20.00303454395176
2015-04-09 14:20:00,20.270591225420986
2015-04-09 14:30:00,20.355541068463406
2015-04-09 14:40:00,20.332571102657138
2015-04-09 14:50:00,20.916642654873485
2015-04-09 15:00:00,20.758327025031285
2015-04-09 15:10:00,20.097730539136947
2015-04-09 15:20:00,19.705612324865726
2015-04-09 15:30:00,19.720904680904393
2015-04-09 15:40:00,19.72417433280052
2015-04-09 15:50:00,19.76743924963433
2015-04-09 16:00:00,19.6299991437713
2015-04-09 16:10:00,19.040016224975087
2015-04-09 16:20:00,18.790385948866327
2015-04-09 16:30:00,18.64217588175847
2015-04-09 16:40:00,18.64051084814214
2015-04-09 16:50:00,18.72134463717763
2015-04-09 17:00:00,18.440208947718595
2015-04-09 17:10:00,18.388271768959875
2015-04-09 17:20:00,18.558376038871927
2015-04-09 17:30:00,18.60528706850234
2015-04-09 17:40:00,18.80589086489188
2015-04-09 17:50:00,19.19040118850483
2015-04-09 18:00:00,19.58363330637624
2015-04-09 18:10:00,20.276292667406878
2015-04-09 18:20:00,20.47359822521392
2015-04-09 18:30:00,20.167382860512387
2015-04-09 18:40:00,20.04872472359254
2015-04-09 18:50:00,20.06369830579054
2015-04-09 19:00:00,20.431864427626195
2015-04-09 19:10:00,20.84895105447659
2015-04-09 19:20:00,20.817940240978633
2015-04-09 19:30:00,21.114908897382964
2015-04-09 19:40:00,21.550871408141365
2015-04-09 19:50:00,21.30981344857221
2015-04-09 20:00:00,21.088958853314455
2015-04-09 20:10:00,21.439913546116884
2015-04-09 20:20:00,21.943376077280263
2015-04-09 20:30:00,21.851727589445506
2015-04-09 20:40:00,21.968205452934413
2015-04-09 20:50:00,22.144087103056897
2015-04-09 21:00:00,21.724289287209558
2015-04-09 21:10:00,21.93640801566874
2015-04-09 21:20:00,22.395172117742185
2015-04-09 21:30:00,22.317143614727467
2015-04-09 21:40:00,22.1688069273326
2015-04-09 21:50:00,22.258340663773104
2015-04-09 22:00:00,22.676686166821337
2015-04-09 22:10:00,23.169294474816777
2015-04-09 22:20:00,23.26018464493266
2015-04-09 22:30:00,23.3453616891812
2015-04-09 22:40:00,23.58361987393353
2015-04-09 22:50:00,23.947578085761176
2015-04-09 23:00:00,24.555798041811556
2015-04-09 23:10:00,24.85348545755857
2015-04-09 23:20:00,25.057270645066463
2015-04-09 23:30:00,25.312130083294704
2015-04-09 23:40:00,25.543512062739946
2015-04-09 23:50:00,26.016240233210763
2015-04-10 00:00:00,26.178981265106874
2015-04-10 00:10:00,26.184807963295505
2015-04-10 00:20:00,26.303708570622057
2015-04-10 00:30:00,26.253730655098817
2015-04-10 00:40:00,26.241552842869584
2015-04-10 00:50:00,26.368430040786752
2015-04-10 01:00:00,26.82673704573747
2015-04-10 01:10:00,26.90691424772347
2015-04-10 01:20:00,26.545553638624895
2015-04-10 01:30:00,26.3264798123293
2015-04-10 01:40:00,26.79851835045022
2015-04-10 01:50:00,27.572967982911333
2015-04-10 02:00:00,27.854187386730366
2015-04-10 02:10:00,28.161593323034996
2015-04-10 02:20:00,27.6342429644548
2015-04-10 02:30:00,27.112073125574927
2015-04-10 02:40:00,28.033391262619723
2015-04-10 02:50:00,28.009558000634726
2015-04-10 03:00:00,26.820912204939066
2015-04-10 03:10:00,26.445773457167427
2015-04-10 03:20:00,26.489597718868616
2015-04-10 03:30:00,25.769553044795167
2015-04-10 03:40:00,25.75696807795123
2015-04-10 03:50:00,26.449282959270437
2015-04-10 04:00:00,26.50929146779653
2015-04-10 04:10:00,26.626025325159617
2015-04-10 04:20:00,27.212923374657073
2015-04-10 04:30:00,28.30147521378959
2015-04-10 04:40:00,28.914334771302247
2015-04-10 04:50:00,29.026569005250447
2015-04-10 05:00:00,28.584463090159073
2015-04-10 05:10:00,27.830575825482285
2015-04-10 05:20:00,27.85434627079759
2015-04-10 05:30:00,28.224073551831726
2015-04-10 05:40:00,27.324317401341066
2015-04-10 05:50:00,27.015067851307702
2015-04-10 06:00:00,27.352763762182605
2015-04-10 06:10:00,27.320975359997238
2015-04-10 06:20:00,27.133734776192668
2015-04-10 06:30:00,25.85998257967972
2015-04-10 06:40:00,25.00887517915181
2015-04-10 06:50:00,24.01933054545461
2015-04-10 07:00:00,22.500605996232117
2015-04-10 07:10:00,21.217312039648743
2015-04-10 07:20:00,20.114680388855916
2015-04-10 07:30:00,19.21316396623397
2015-04-10 07:40:00,18.534628654195203
2015-04-10 07:50:00,18.203009528973112
2015-04-10 08:00:00,18.249308426752087
2015-04-10 08:10:00,18.20362986859981
2015-04-10 08:20:00,18.286209768229742
2015-04-10 08:30:00,18.967238815686514
2015-04-10 08:40:00,19.69935878061321
2015-04-10 08:50:00,19.963404322546456
2015-04-10 09:00:00,20.305398130126914
2015-04-10 09:10:00,20.724893007193074
2015-04-10 09:20:00,21.104112985657387
2015-04-10 09:30:00,21.54385287017868
2015-04-10 09:40:00,21.78458194714472
2015-04-10 09:50:00,21.49153312830963
2015-04-10 10:00:00,20.977451603170685
2015-04-10 10:10:00,20.82267114241516
2015-04-10 10:20:00,20.766926982483536
2015-04-10 10:30:00,21.011606001941157
2015-04-10 10:40:00,21.086881468915106
2015-04-10 10:50:00,20.68091325547699
2015-04-10 11:00:00,20.82729603876488
2015-04-10 11:10:00,21.07944873978351
2015-04-10 11:20:00,20.813855494968973
2015-04-10 11:30:00,21.111185354920014
2015-04-10 11:40:00,21.4892661902101
2015-04-10 11:50:00,21.516584866444326
2015-04-10 12:00:00,21.695260754041552
2015-04-10 12:10:00,21.98240369435113
2015-04-10 12:20:00,22.212337779172938
2015-04-10 12:30:00,21.48135083510464
2015-04-10 12:40:00,20.902932856177625
2015-04-10 12:50:00,21.10165051963089
2015-04-10 13:00:00,21.110209676541118
2015-04-10 13:10:00,21.308308350099747
2015-04-10 13:20:00,20.762008252807593
2015-04-10 13:30:00,19.958271180092556
2015-04-10 13:40:00,19.890514398753883
2015-04-10 13:50:00,19.768109593074943
2015-04-10 14:00:00,19.468140816621297
2015-04-10 14:10:00,19.28797032974339
2015-04-10 14:20:00,19.348384572545335
2015-04-10 14:30:00,19.335327214124074
2015-04-10 14:40:00,19.48825494848142
2015-04-10 14:50:00,19.738111826722477
2015-04-10 15:00:00,19.93694303059183
2015-04-10 15:10:00,19.79772291412639
2015-04-10 15:20:00,19.652476660316072
2015-04-10 15:30:00,19.95757257580798
2015-04-10 15:40:00,20.070042234178928
2015-04-10 15:50:00,20.256071205908412
2015-04-10 16:00:00,20.63984174563859
2015-04-10 16:10:00,20.525972336104907
2015-04-10 16:20:00,20.18741427770302
2015-04-10 16:30:00,19.81173824054629
2015-04-10 16:40:00,19.630803973790552
2015-04-10 16:50:00,19.46621818266706
2015-04-10 17:00:00,19.0077689636866
2015-04-10 17:10:00,18.743221725328965
2015-04-10 17:20:00,18.818064272554942
2015-04-10 17:30:00,19.24655198441542
2015-04-10 17:40:00,19.843565928631303
2015-04-10 17:50:00,20.332393860623963
2015-04-10 18:00:00,20.444285332712848
2015-04-10 18:10:00,20.08353622805015
2015-04-10 18:20:00,19.79051683879623
2015-04-10 18:30:00,19.93441801561732
2015-04-10 18:40:00,19.814959043054184
2015-04-10 18:50:00,19.43218047249774
2015-04-10 19:00:00,19.689003568154178
2015-04-10 19:10:00,20.24407097138517
2015-04-10 19:20:00,20.579325483234673
2015-04-10 19:30:00,20.83172887067817
2015-04-10 19:40:00,20.875964515281428
2015-04-10 19:50:00,20.491688638800408
2015-04-10 20:00:00,20.21482096597438
2015-04-10 20:10:00,20.59626910157373
2015-04-10 20:20:00,21.551913461325576
2015-04-10 20:30:00,21.93494250423725
2015-04-10 20:40:00,21.252801257565824
2015-04-10 20:50:00,21.08612074882666
2015-04-10 21:00:00,21.573213790908575
2015-04-10 21:10:00,21.917288367704653
2015-04-10 21:20:00,22.194913939094256
2015-04-10 21:30:00,22.310267354535508
2015-04-10 21:40:00,22.187295916560306
2015-04-10 21:50:00,22.69732258744147
2015-04-10 22:00:00,22.996880988055278
2015-04-10 22:10:00,22.787368223858266
2015-04-10 22:20:00,22.67052748065515
2015-04-10 22:30:00,22.737284297961107
2015-04-10 22:40:00,23.123939851338143
2015-04-10 22:50:00,23.174707088713156
2015-04-10 23:00:00,23.113830414631387
2015-04-10 23:10:00,23.574998287604117
2015-04-10 23:20:00,24.3626362207645
2015-04-10 23:30:00,24.801092004382234
2015-04-10 23:40:00,24.866169862029242
2015-04-10 23:50:00,24.809266922684667
2015-04-11 00:00:00,25.06307861906745
2015-04-11 00:10:00,25.421413313863916
2015-04-11 00:20:00,25.61226182598717
2015-04-11 00:30:00,25.5142946788185
2015-04-11 00:40:00,25.537725550667403
2015-04-11 00:50:00,25.93055355498712
2015-04-11 01:00:00,26.047817585813974
2015-04-11 01:10:00,25.656327923759985
2015-04-11 01:20:00,25.922109775110723
2015-04-11 01:30:00,26.650467915811085
2015-04-11 01:40:00,26.464044628183412
2015-04-11 01:50:00,26.044066157614115
2015-04-11 02:00:00,26.384863155182337
2015-04-11 02:10:00,26.79452937960943
2015-04-11 02:20:00,26.22658024636492
2015-04-11 02:30:00,25.73511079012382
2015-04-11 02:40:00,26.399656099651637
2015-04-11 02:50:00,27.037473421848308
2015-04-11 03:00:00,26.696247670604635
2015-04-11 03:10:00,26.35723660755877
2015-04-11 03:20:00,26.601068173515298
2015-04-11 03:30:00,27.114104818688503
2015-04-11 03:40:00,27.188631559916583
2015-04-11 03:50:00,27.385696862835747
2015-04-11 04:00:00,27.90918238527722
2015-04-11 04:10:00,27.69763423409882
2015-04-11 04:20:00,27.44887587475467
2015-04-11 04:30:00,27.741479528400024
2015-04-11 04:40:00,27.558528132179884
2015-04-11 04:50:00,26.886150075062908
2015-04-11 05:00:00,26.298398918913634
2015-04-11 05:10:00,26.311758771287003
2015-04-11 05:20:00,26.931357282394035
2015-04-11 05:30:00,27.899960942889393
2015-04-11 05:40:00,28.575894736025138
2015-04-11 05:50:00,28.458969426278173
2015-04-11 06:00:00,28.544776159326986
2015-04-11 06:10:00,27.569262417985374
2015-04-11 06:20:00,25.85743853842955
2015-04-11 06:30:00,25.576726375033257
2015-04-11 06:40:00,26.560303810421228
2015-04-11 06:50:00,27.02007415700995
2015-04-11 07:00:00,26.27739851816454
2015-04-11 07:10:00,25.61473396721863
2015-04-11 07:20:00,24.98858526005917
2015-04-11 07:30:00,24.53749387304404
2015-04-11 07:40:00,24.347474440988435
2015-04-11 07:50:00,23.892474981635306
2015-04-11 08:00:00,23.561464780083206
2015-04-11 08:10:00,23.05381548744763
2015-04-11 08:20:00,22.46188031431696
2015-04-11 08:30:00,22.30608715413412
2015-04-11 08:40:00,22.1757124443942
2015-04-11 08:50:00,23.124042786942756
2015-04-11 09:00:00,23.41412673763545
2015-04-11 09:10:00,22.370181427921096
2015-04-11 09:20:00,21.863017041255723
2015-04-11 09:30:00,21.462545303266058
2015-04-11 09:40:00,21.083244550266166
2015-04-11 09:50:00,20.898691703332076
2015-04-11 10:00:00,20.861260299799532
2015-04-11 10:10:00,20.940189696323003
2015-04-11 10:20:00,21.09555908805308
2015-04-11 10:30:00,21.429927202364414
2015-04-11 10:40:00,21.72892472750725
2015-04-11 10:50:00,21.845062507588825
2015-04-11 11:00:00,22.106498462071134
2015-04-11 11:10:00,22.499483637529494
2015-04-11 11:20:00,22.449367681587365
2015-04-11 11:30:00,21.828356146661125
2015-04-11 11:40:00,21.389928155557776
2015-04-11 11:50:00,21.593968745160108
2015-04-11 12:00:00,22.094799762601077
2015-04-11 12:10:00,21.752348623842455
2015-04-11 12:20:00,21.314984837960747
2015-04-11 12:30:00,21.344397958354598
2015-04-11 12:40:00,21.21579238456435
2015-04-11 12:50:00,21.117715152694007
2015-04-11 13:00:00,21.23193178734851
2015-04-11 13:10:00,21.46292400930617
2015-04-11 13:20:00,21.423390292624227
2015-04-11 13:30:00,21.028423093655025
2015-04-11 13:40:00,21.15609444276149
2015-04-11 13:50:00,21.359243462431465
2015-04-11 14:00:00,21.13090395983416
2015-04-11 14:10:00,20.894591482329435
2015-04-11 14:20:00,20.758766552847018
2015-04-11 14:30:00,20.918338356067945
2015-04-11 14:40:00,21.189324805172905
2015-04-11 14:50:00,21.374931978733642
2015-04-11 15:00:00,21.279572305660743
2015-04-11 15:10:00,21.15715739894069
2015-04-11 15:20:00,21.503414715292813
2015-04-11 15:30:00,21.8679798287278
2015-04-11 15:40:00,22.06507376755254
2015-04-11 15:50:00,22.054767558429393
2015-04-11 16:00:00,21.831570982614856
2015-04-11 16:10:00,21.90562348440748
2015-04-11 16:20:00,21.672542180063534
2015-04-11 16:30:00,21.379717917642626
2015-04-11 16:40:00,21.637518539723946
2015-04-11 16:50:00,21.423631707057442
2015-04-11 17:00:00,20.626131031376474
2015-04-11 17:10:00,20.606463945803203
2015-04-11 17:20:00,21.181345984419927
2015-04-11 17:30:00,21.266636738089435
2015-04-11 17:40:00,21.226065378110718
2015-04-11 17:50:00,21.50880956921995
2015-04-11 18:00:00,21.812577807850275
2015-04-11 18:10:00,21.845938528876157
2015-04-11 18:20:00,21.618894074073634
2015-04-11 18:30:00,22.028515202949432
2015-04-11 18:40:00,22.195486758349634
2015-04-11 18:50:00,21.45752423756021
2015-04-11 19:00:00,21.08266770064508
2015-04-11 19:10:00,20.82372928638435
2015-04-11 19:20:00,20.70953586686778
2015-04-11 19:30:00,20.950688968298035
2015-04-11 19:40:00,21.540508086139848
2015-04-11 19:50:00,22.369390436290686
2015-04-11 20:00:00,22.418716658291284
2015-04-11 20:10:00,22.012891981452558
2015-04-11 20:20:00,21.974499253543023
2015-04-11 20:30:00,22.070044073803704
2015-04-11 20:40:00,22.2141644348093
2015-04-11 20:50:00,22.05885215711406
2015-04-11 21:00:00,21.86568273278647
2015-04-11 21:10:00,22.16987315930183
2015-04-11 21:20:00,22.219793041746122
2015-04-11 21:30:00,22.18478259614073
2015-04-11 21:40:00,22.455304782950453
2015-04-11 21:50:00,22.953807216208023
2015-04-11 22:00:00,22.778503965202482
2015-04-11 22:10:00,22.54478406345385
2015-04-11 22:20:00,23.23081273691129
2015-04-11 22:30:00,23.65024135337662
2015-04-11 22:40:00,23.47194621989295
2015-04-11 22:50:00,23.478160502092376
2015-04-11 23:00:00,23.87935356920776
2015-04-11 23:10:00,24.42126997221281
2015-04-11 23:20:00,24.953521965473076
2015-04-11 23:30:00,24.942073462255863
2015-04-11 23:40:00,24.744350692739253
2015-04-11 23:50:00,24.897513648224084
2015-04-12 00:00:00,24.951185658942478
2015-04-12 00:10:00,25.150753388203775
2015-04-12 00:20:00,25.769393847035225
2015-04-12 00:30:00,26.222355591507476
2015-04-12 00:40:00,26.023638681303968
2015-04-12 00:50:00,25.858327421329292
2015-04-12 01:00:00,25.93403573448804
2015-04-12 01:10:00,26.118678397864162
2015-04-12 01:20:00,26.227284224118005
2015-04-12 01:30:00,26.143367909516297
2015-04-12 01:40:00,26.247552072946526
2015-04-12 01:50:00,26.43198057742092
2015-04-12 02:00:00,27.34164787001746
2015-04-12 02:10:00,27.757960677115395
2015-04-12 02:20:00,26.94447651106472
2015-04-12 02:30:00,26.600456717093376
2015-04-12 02:40:00,26.848321051863138
2015-04-12 02:50:00,27.039275716296007
2015-04-12 03:00:00,26.867436435266562
2015-04-12 03:10:00,26.770752896760516
2015-04-12 03:20:00,27.22330423363912
2015-04-12 03:30:00,27.67143597366319
2015-04-12 03:40:00,27.44373631094052
2015-04-12 03:50:00,26.893114122439854
2015-04-12 04:00:00,27.137113990356145
2015-04-12 04:10:00,27.802257223156676
2015-04-12 04:20:00,27.81988472569
2015-04-12 04:30:00,27.52746933076624
2015-04-12 04:40:00,27.561754064808476
2015-04-12 04:50:00,27.711214332798892
2015-04-12 05:00:00,27.908730021046722
2015-04-12 05:10:00,27.9469870707704
2015-04-12 05:20:00,27.95087575665381
2015-04-12 05:30:00,28.1019633536085
2015-04-12 05:40:00,27.910030482755282
2015-04-12 05:50:00,27.652344524621423
2015-04-12 06:00:00,27.236649569889416
2015-04-12 06:10:00,26.726001170081442
2015-04-12 06:20:00,26.544058529277116
2015-04-12 06:30:00,26.547848548104156
2015-04-12 06:40:00,26.177812144077823
2015-04-12 06:50:00,25.697754201209573
2015-04-12 07:00:00,25.602811897056597
2015-04-12 07:10:00,25.624587982466327
2015-04-12 07:20:00,25.56354373480069
2015-04-12 07:30:00,25.05065646818011
2015-04-12 07:40:00,24.883196353784154
2015-04-12 07:50:00,24.56648575313394
2015-04-12 08:00:00,24.197602236695527
2015-04-12 08:10:00,23.902421865619115
2015-04-12 08:20:00,23.417102105407167
2015-04-12 08:30:00,23.727892029587526
2015-04-12 08:40:00,23.67554009540583
2015-04-12 08:50:00,22.97225875291402
2015-04-12 09:00:00,22.604023268507763
2015-04-12 09:10:00,22.12742134072973
2015-04-12 09:20:00,21.939976016687496
2015-04-12 09:30:00,22.359464558899496
2015-04-12 09:40:00,22.265187256430487
2015-04-12 09:50:00,22.03235728422272
2015-04-12 10:00:00,22.150431817673695
2015-04-12 10:10:00,22.19830649485
2015-04-12 10:20:00,22.177427081709418
2015-04-12 10:30:00,22.055251600114836
2015-04-12 10:40:00,21.816203351103066
2015-04-12 10:50:00,22.114898306738713
2015-04-12 11:00:00,22.105171188327624
2015-04-12 11:10:00,21.68956180614634
2015-04-12 11:20:00,21.91825254332851
2015-04-12 11:30:00,22.352404067776746
2015-04-12 11:40:00,22.68227551240888
2015-04-12 11:50:00,22.753521143984614
2015-04-12 12:00:00,22.711958283534926
2015-04-12 12:10:00,22.620784347748184
2015-04-12 12:20:00,22.670804737956004
2015-04-12 12:30:00,22.38349655815779
2015-04-12 12:40:00,22.492536279849187
2015-04-12 12:50:00,22.66723931030553
2015-04-12 13:00:00,22.251146826497497
2015-04-12 13:10:00,22.050496360326612
2015-04-12 13:20:00,21.853372789956186
2015-04-12 13:30:00,21.9680384760779
2015-04-12 13:40:00,22.07613428400364
2015-04-12 13:50:00,21.95113913088993
2015-04-12 14:00:00,22.295034430135047
2015-04-12 14:10:00,22.19396948642364
2015-04-12 14:20:00,21.700496547051177
2015-04-12 14:30:00,21.64069138728222
2015-04-12 14:40:00,21.5278614501208
2015-04-12 14:50:00,21.664663443814163
2015-04-12 15:00:00,21.560826772102192
2015-04-12 15:10:00,21.358002027759976
2015-04-12 15:20:00,21.728857003944928
2015-04-12 15:30:00,21.963453271278535
2015-04-12 15:40:00,21.55022707179459
2015-04-12 15:50:00,21.203775019583496
2015-04-12 16:00:00,21.118444258227846
2015-04-12 16:10:00,21.181162977173
2015-04-12 16:20:00,21.568135379434587
2015-04-12 16:30:00,22.05883290145361
2015-04-12 16:40:00,22.269496239194616
2015-04-12 16:50:00,21.813096568731716
2015-04-12 17:00:00,21.3443662550443
2015-04-12 17:10:00,21.444462902420803
2015-04-12 17:20:00,21.544489451990174
2015-04-12 17:30:00,21.73748888702034
2015-04-12 17:40:00,21.926264393278025
2015-04-12 17:50:00,21.882493688782596
2015-04-12 18:00:00,22.02563347263337
2015-04-12 18:10:00,22.260350098076643
2015-04-12 18:20:00,22.067320003151828
2015-04-12 18:30:00,21.655440631246094
2015-04-12 18:40:00,21.75023844589892
2015-04-12 18:50:00,22.105881358520403
2015-04-12 19:00:00,22.138819060212974
2015-04-12 19:10:00,21.834898297254014
2015-04-12 19:20:00,21.600027267266842
2015-04-12 19:30:00,21.66238943811703
2015-04-12 19:40:00,21.606921307318263
2015-04-12 19:50:00,22.03933031468636
2015-04-12 20:00:00,22.635765506785056
2015-04-12 20:10:00,22.463956923696077
2015-04-12 20:20:00,22.163085207789955
2015-04-12 20:30:00,22.76424908746029
2015-04-12 20:40:00,23.640061827309353
2015-04-12 20:50:00,23.339704647422533
2015-04-12 21:00:00,22.965885150634325
2015-04-12 21:10:00,22.78167198078892
2015-04-12 21:20:00,22.94281166286337
2015-04-12 21:30:00,23.571539372970467
2015-04-12 21:40:00,23.92396562154588
2015-04-12 21:50:00,23.910146572255297
2015-04-12 22:00:00,23.590436126188045
2015-04-12 22:10:00,23.534453656253344
2015-04-12 22:20:00,23.761700623070343
2015-04-12 22:30:00,24.18232182005639
2015-04-12 22:40:00,24.227871707074392
2015-04-12 22:50:00,24.276443612563135
2015-04-12 23:00:00,24.565804409980977
2015-04-12 23:10:00,24.299222607473787
2015-04-12 23:20:00,24.041514052792426
2015-04-12 23:30:00,24.133859069387775
2015-04-12 23:40:00,24.38615668246496
2015-04-12 23:50:00,25.107143424928125
2015-04-13 00:00:00,25.402143182013916
2015-04-13 00:10:00,25.186859241675737
2015-04-13 00:20:00,25.322963524560926
2015-04-13 00:30:00,25.458859438961237
2015-04-13 00:40:00,26.101383746843744
2015-04-13 00:50:00,26.323144189314043
2015-04-13 01:00:00,26.011047677893732
2015-04-13 01:10:00,26.07037259592062
2015-04-13 01:20:00,25.79051827938619
2015-04-13 01:30:00,25.543160443495065
2015-04-13 01:40:00,26.120893030632075
2015-04-13 01:50:00,26.36840623253308
2015-04-13 02:00:00,26.207463305318726
2015-04-13 02:10:00,26.770964787747126
2015-04-13 02:20:00,27.23127218509156
2015-04-13 02:30:00,26.262453803410356
2015-04-13 02:40:00,25.052287681407808
2015-04-13 02:50:00,24.91990042487271
2015-04-13 03:00:00,25.550899054146843
2015-04-13 03:10:00,25.925195486792088
2015-04-13 03:20:00,25.740701361293212
2015-04-13 03:30:00,25.217121491431545
2015-04-13 03:40:00,25.212471183560268
2015-04-13 03:50:00,26.45715646504343
2015-04-13 04:00:00,27.352369220728313
2015-04-13 04:10:00,27.561747474948614
2015-04-13 04:20:00,27.617526622408196
2015-04-13 04:30:00,27.299381357570493
2015-04-13 04:40:00,27.43821230694456
2015-04-13 04:50:00,27.568406792767046
2015-04-13 05:00:00,27.27888537325958
2015-04-13 05:10:00,26.971352687827476
2015-04-13 05:20:00,26.562258342522107
2015-04-13 05:30:00,26.75371852864694
2015-04-13 05:40:00,27.085649870816805
2015-04-13 05:50:00,26.886490330561628
2015-04-13 06:00:00,26.723024857118627
2015-04-13 06:10:00,26.436599869862675
2015-04-13 06:20:00,25.326206153801937
2015-04-13 06:30:00,24.463587382787004
2015-04-13 06:40:00,24.52662326648706
2015-04-13 06:50:00,24.36812403826856
2015-04-13 07:00:00,23.688455145413343
2015-04-13 07:10:00,22.697439071702664
2015-04-13 07:20:00,20.886644736812013
2015-04-13 07:30:00,19.41877340996805
2015-04-13 07:40:00,18.802272747524032
2015-04-13 07:50:00,18.464843431993366
2015-04-13 08:00:00,18.011623475001436
2015-04-13 08:10:00,17.574664516963004
2015-04-13 08:20:00,17.968784279971445
2015-04-13 08:30:00,18.514252468946616
2015-04-13 08:40:00,19.123884383011074
2015-04-13 08:50:00,19.732100466683775
2015-04-13 09:00:00,20.146750814221814
2015-04-13 09:10:00,20.24668398031569
2015-04-13 09:20:00,20.30575152248033
2015-04-13 09:30:00,20.799008995130688
2015-04-13 09:40:00,21.016066529431107
2015-04-13 09:50:00,20.777407234762812
2015-04-13 10:00:00,20.621186587110166
2015-04-13 10:10:00,20.942683204039504
2015-04-13 10:20:00,21.241418465976313
2015-04-13 10:30:00,21.098996291015755
2015-04-13 10:40:00,20.979290280624603
2015-04-13 10:50:00,21.140819447510726
2015-04-13 11:00:00,21.225637979600307
2015-04-13 11:10:00,21.379452215076007
2015-04-13 11:20:00,21.647504444389476
2015-04-13 11:30:00,21.70118399346
2015-04-13 11:40:00,21.43241123826722
2015-04-13 11:50:00,21.30142333968119
2015-04-13 12:00:00,21.389157983399045
2015-04-13 12:10:00,21.302046151585426
2015-04-13 12:20:00,21.174874953079073
2015-04-13 12:30:00,21.064641329442527
2015-04-13 12:40:00,21.3272232142904
2015-04-13 12:50:00,21.428646852983572
2015-04-13 13:00:00,21.327309217665277
2015-04-13 13:10:00,21.193291261260786
2015-04-13 13:20:00,20.50365650612151
2015-04-13 13:30:00,20.094969396077683
2015-04-13 13:40:00,20.481333021709474
2015-04-13 13:50:00,20.602164352552663
2015-04-13 14:00:00,20.390345111300196
2015-04-13 14:10:00,20.60993401591386
2015-04-13 14:20:00,21.06434510489307
2015-04-13 14:30:00,21.416874115284656
2015-04-13 14:40:00,21.196796550719217
2015-04-13 14:50:00,21.244227184121055
2015-04-13 15:00:00,21.512706004597156
2015-04-13 15:10:00,20.67120892466326
2015-04-13 15:20:00,19.964188604715815
2015-04-13 15:30:00,19.87877497687574
2015-04-13 15:40:00,20.0410832032085
2015-04-13 15:50:00,19.93194487141824
2015-04-13 16:00:00,19.420644853555434
2015-04-13 16:10:00,19.21986500415459
2015-04-13 16:20:00,19.040942014408
2015-04-13 16:30:00,19.239243943488926
2015-04-13 16:40:00,19.615029900382325
2015-04-13 16:50:00,19.449757154288196
2015-04-13 17:00:00,18.961771208147475
2015-04-13 17:10:00,18.975164196261492
2015-04-13 17:20:00,19.47549038495581
2015-04-13 17:30:00,19.89506623482519
2015-04-13 17:40:00,19.931470705676144
2015-04-13 17:50:00,20.352481885296356
2015-04-13 18:00:00,20.891612539492044
2015-04-13 18:10:00,21.037138506228214
2015-04-13 18:20:00,20.961306492888486
2015-04-13 18:30:00,20.412962395146717
2015-04-13 18:40:00,20.07896628907796
2015-04-13 18:50:00,20.04679492767801
2015-04-13 19:00:00,20.216490697185368
2015-04-13 19:10:00,20.74644294749018
2015-04-13 19:20:00,21.1720213799589
2015-04-13 19:30:00,21.18570794938556
2015-04-13 19:40:00,21.334564117689403
2015-04-13 19:50:00,21.50786546666998
2015-04-13 20:00:00,21.579127243389113
2015-04-13 20:10:00,21.596851000380674
2015-04-13 20:20:00,21.609527919199163
2015-04-13 20:30:00,21.890209294391045
2015-04-13 20:40:00,22.184373662881843
2015-04-13 20:50:00,22.44375509158364
2015-04-13 21:00:00,22.12735897444676
2015-04-13 21:10:00,21.349579238238334
2015-04-13 21:20:00,21.37262846855793
2015-04-13 21:30:00,21.968332471763087
2015-04-13 21:40:00,22.421666237327084
2015-04-13 21:50:00,22.57487873069069
2015-04-13 22:00:00,22.924178655132835
2015-04-13 22:10:00,23.45098462007181
2015-04-13 22:20:00,23.452359077137537
2015-04-13 22:30:00,23.598488793987865
2015-04-13 22:40:00,24.059367747290715
2015-04-13 22:50:00,24.133010895876858
2015-04-13 23:00:00,23.617825721285925
2015-04-13 23:10:00,23.503150811852667
2015-04-13 23:20:00,24.382781054315203
2015-04-13 23:30:00,25.067304521581516
2015-04-13 23:40:00,25.22653079542762
2015-04-13 23:50:00,25.359527173279805
2015-04-14 00:00:00,25.587609640979583
2015-04-14 00:10:00,25.585670939529194
2015-04-14 00:20:00,25.952287358837015
2015-04-14 00:30:00,26.521973182354124
2015-04-14 00:40:00,26.684321286395036
2015-04-14 00:50:00,26.94579393738505
2015-04-14 01:00:00,26.98400079536252
2015-04-14 01:10:00,27.04756417531258
2015-04-14 01:20:00,26.60984115481209
2015-04-14 01:30:00,26.351906413760243
2015-04-14 01:40:00,26.65986700303466
2015-04-14 01:50:00,26.24081214808242
2015-04-14 02:00:00,25.76410412324925
2015-04-14 02:10:00,25.315989727979087
2015-04-14 02:20:00,25.465714954990297
2015-04-14 02:30:00,26.117466647782383
2015-04-14 02:40:00,26.479792051732648
2015-04-14 02:50:00,26.973306372843314
2015-04-14 03:00:00,27.17719534004421
2015-04-14 03:10:00,27.169962465816486
2015-04-14 03:20:00,27.423272171181807
2015-04-14 03:30:00,27.318590196370085
2015-04-14 03:40:00,26.658462433692875
2015-04-14 03:50:00,26.28463784622945
2015-04-14 04:00:00,26.47668479570808
2015-04-14 04:10:00,26.51666990627872
2015-04-14 04:20:00,26.45517434229119
2015-04-14 04:30:00,26.25144707748803
2015-04-14 04:40:00,26.148195562114648
2015-04-14 04:50:00,26.328346921672946
2015-04-14 05:00:00,26.235241162787688
2015-04-14 05:10:00,26.92252096743876
2015-04-14 05:20:00,27.46356693895162
2015-04-14 05:30:00,27.2301724594355
2015-04-14 05:40:00,27.22768749103133
2015-04-14 05:50:00,27.142693365143614
2015-04-14 06:00:00,26.319192750244348
2015-04-14 06:10:00,25.582667810353062
2015-04-14 06:20:00,25.50415473176242
2015-04-14 06:30:00,25.606099592979326
2015-04-14 06:40:00,25.177954896347504
2015-04-14 06:50:00,23.82384341098508
2015-04-14 07:00:00,22.888764683857534
2015-04-14 07:10:00,22.019669480340827
2015-04-14 07:20:00,21.038353910367125
2015-04-14 07:30:00,20.234576976216392
2015-04-14 07:40:00,19.154186858777173
2015-04-14 07:50:00,18.22317651254278
2015-04-14 08:00:00,17.821096590017422
2015-04-14 08:10:00,18.126823251282968
2015-04-14 08:20:00,18.726212771455437
2015-04-14 08:30:00,19.569776279162603
2015-04-14 08:40:00,20.278614969761875
2015-04-14 08:50:00,20.429395013835812
2015-04-14 09:00:00,21.085201615496505
2015-04-14 09:10:00,21.56898220004282
2015-04-14 09:20:00,21.06197698785691
2015-04-14 09:30:00,20.973906281819463
2015-04-14 09:40:00,21.53460430324101
2015-04-14 09:50:00,21.563066481652907
2015-04-14 10:00:00,21.450953713190497
2015-04-14 10:10:00,21.52809960178862
2015-04-14 10:20:00,21.331341433697506
2015-04-14 10:30:00,21.127178683667893
2015-04-14 10:40:00,20.89860301383643
2015-04-14 10:50:00,21.07519248282117
2015-04-14 11:00:00,21.3482509983635
2015-04-14 11:10:00,21.245632242951846
2015-04-14 11:20:00,21.503047708513986
2015-04-14 11:30:00,21.85245875118422
2015-04-14 11:40:00,21.961946999865813
2015-04-14 11:50:00,21.804604922052697
2015-04-14 12:00:00,21.35840214575899
2015-04-14 12:10:00,20.9847687489306
2015-04-14 12:20:00,20.70646494043906
2015-04-14 12:30:00,20.91331671379671
2015-04-14 12:40:00,21.689166323060324
2015-04-14 12:50:00,21.86278293020274
2015-04-14 13:00:00,21.73431038602017
2015-04-14 13:10:00,21.466107082763667
2015-04-14 13:20:00,21.04552710886508
2015-04-14 13:30:00,21.178245594450875
2015-04-14 13:40:00,21.812858722988857
2015-04-14 13:50:00,21.92969060616496
2015-04-14 14:00:00,21.339034728555696
2015-04-14 14:10:00,20.949397857683334
2015-04-14 14:20:00,20.876904655236142
2015-04-14 14:30:00,20.883196473090404
2015-04-14 14:40:00,20.79174057715934
2015-04-14 14:50:00,20.770545529006515
2015-04-14 15:00:00,20.378933128057678
2015-04-14 15:10:00,19.88912256868802
2015-04-14 15:20:00,19.641143858380946
2015-04-14 15:30:00,19.315794324642855
2015-04-14 15:40:00,19.45084499537201
2015-04-14 15:50:00,19.811609540412256
2015-04-14 16:00:00,19.688462376517517
2015-04-14 16:10:00,19.623071004141295
2015-04-14 16:20:00,19.61665443235448
2015-04-14 16:30:00,19.348197431684603
2015-04-14 16:40:00,19.27304345564003
2015-04-14 16:50:00,19.41547794861184
2015-04-14 17:00:00,18.945381109132686
2015-04-14 17:10:00,18.871553212962855
2015-04-14 17:20:00,19.102659531544795
2015-04-14 17:30:00,19.12534088586584
2015-04-14 17:40:00,19.357714961417532
2015-04-14 17:50:00,19.517732240251227
2015-04-14 18:00:00,20.107122869643895
2015-04-14 18:10:00,20.460081339640777
2015-04-14 18:20:00,20.264514735175087
2015-04-14 18:30:00,20.32717940975703
2015-04-14 18:40:00,20.269796582709056
2015-04-14 18:50:00,19.76316760501505
2015-04-14 19:00:00,19.84343767825215
2015-04-14 19:10:00,20.435534180152462
2015-04-14 19:20:00,20.948176123748816
2015-04-14 19:30:00,21.24307713766182
2015-04-14 19:40:00,21.456530281687836
2015-04-14 19:50:00,21.521227176718433
2015-04-14 20:00:00,21.250459032022135
2015-04-14 20:10:00,21.273986497902026
2015-04-14 20:20:00,21.68767806257647
2015-04-14 20:30:00,21.851626595392545
2015-04-14 20:40:00,21.950009387073333
2015-04-14 20:50:00,22.425137500171612
2015-04-14 21:00:00,22.698551119656525
2015-04-14 21:10:00,22.77767578890144
2015-04-14 21:20:00,22.643077918646696
2015-04-14 21:30:00,22.56369629354227
2015-04-14 21:40:00,23.57626001100187
2015-04-14 21:50:00,24.25866192083052
2015-04-14 22:00:00,24.420918943542013
2015-04-14 22:10:00,24.51613014806979
2015-04-14 22:20:00,23.736223347675587
2015-04-14 22:30:00,23.66740094357544
2015-04-14 22:40:00,24.43224730379782
2015-04-14 22:50:00,24.660016654630414
2015-04-14 23:00:00,25.30916685950697
2015-04-14 23:10:00,26.054728486930575
2015-04-14 23:20:00,26.511931184331615
2015-04-14 23:30:00,26.412935349014134
2015-04-14 23:40:00,25.55393187068334
2015-04-14 23:50:00,25.52511877745119
2015-04-15 00:00:00,25.916406579201205
2015-04-15 00:10:00,25.495151609086285
2015-04-15 00:20:00,24.989726156813195
2015-04-15 00:30:00,25.48664392821937
2015-04-15 00:40:00,25.90260497080745
2015-04-15 00:50:00,25.673737556092092
2015-04-15 01:00:00,25.585155417969897
2015-04-15 01:10:00,25.5521638122717
2015-04-15 01:20:00,25.893891433085884
2015-04-15 01:30:00,26.132151236390374
2015-04-15 01:40:00,26.256420990133044
2015-04-15 01:50:00,26.436219662818797
2015-04-15 02:00:00,26.60376633291373
2015-04-15 02:10:00,26.990925052967814
2015-04-15 02:20:00,27.080997791537968
2015-04-15 02:30:00,27.33773516838876
2015-04-15 02:40:00,27.5559102189394
2015-04-15 02:50:00,27.189020407809828
2015-04-15 03:00:00,27.112036809879694
2015-04-15 03:10:00,27.900401912951484
2015-04-15 03:20:00,28.17825977234228
2015-04-15 03:30:00,28.21520258520715
2015-04-15 03:40:00,28.305257438531807
2015-04-15 03:50:00,28.2107778321536
2015-04-15 04:00:00,28.05666238712595
2015-04-15 04:10:00,27.578759743250767
2015-04-15 04:20:00,27.321822907502767
2015-04-15 04:30:00,27.587952843804068
2015-04-15 04:40:00,27.993674675464717
2015-04-15 04:50:00,28.206093260283453
2015-04-15 05:00:00,28.413972013656874
2015-04-15 05:10:00,28.591543467674118
2015-04-15 05:20:00,27.929381861721758
2015-04-15 05:30:00,27.198035616888166
2015-04-15 05:40:00,26.72386592414731
2015-04-15 05:50:00,26.224302606591184
2015-04-15 06:00:00,26.354517293572215
2015-04-15 06:10:00,26.520989395975704
2015-04-15 06:20:00,26.04898570201308
2015-04-15 06:30:00,25.375810449502676
2015-04-15 06:40:00,24.97628679570204
2015-04-15 06:50:00,24.50693443943937
2015-04-15 07:00:00,23.45646923651511
2015-04-15 07:10:00,21.807071892197563
2015-04-15 07:20:00,19.91423973106019
2015-04-15 07:30:00,18.651752751457877
2015-04-15 07:40:00,18.169376709699016
2015-04-15 07:50:00,17.94405776329724
2015-04-15 08:00:00,17.97434494407325
2015-04-15 08:10:00,18.550148512629757
2015-04-15 08:20:00,19.32862717556167
2015-04-15 08:30:00,19.505887370265153
2015-04-15 08:40:00,19.852600806373275
2015-04-15 08:50:00,20.21568458600875
2015-04-15 09:00:00,20.236512666330263
2015-04-15 09:10:00,20.269761095277584
2015-04-15 09:20:00,20.489118952336526
2015-04-15 09:30:00,20.648316880009308
2015-04-15 09:40:00,20.68484931490573
2015-04-15 09:50:00,20.989526225714645
2015-04-15 10:00:00,20.913177768910597
2015-04-15 10:10:00,20.89380937792615
2015-04-15 10:20:00,21.14073443188108
2015-04-15 10:30:00,20.749770763609774
2015-04-15 10:40:00,20.348112623979667
2015-04-15 10:50:00,20.64666398748533
2015-04-15 11:00:00,21.17790994491972
2015-04-15 11:10:00,21.443647554994396
2015-04-15 11:20:00,21.57704695645434
2015-04-15 11:30:00,21.676695051121477
2015-04-15 11:40:00,21.47714364600331
2015-04-15 11:50:00,20.961290438157107
2015-04-15 12:00:00,20.927762246829023
2015-04-15 12:10:00,21.256149949137832
2015-04-15 12:20:00,21.11744595431648
2015-04-15 12:30:00,20.972182788551862
2015-04-15 12:40:00,21.039586643160447
2015-04-15 12:50:00,20.627345805449085
2015-04-15 13:00:00,20.156378871179648
2015-04-15 13:10:00,20.236996084390064
2015-04-15 13:20:00,20.221358150779086
2015-04-15 13:30:00,20.13540094556096
2015-04-15 13:40:00,20.43925951505161
2015-04-15 13:50:00,20.900059988911845
2015-04-15 14:00:00,20.991625547782895
2015-04-15 14:10:00,20.666895671820985
2015-04-15 14:20:00,20.24040730724767
2015-04-15 14:30:00,20.179285454600606
2015-04-15 14:40:00,20.46098993083972
2015-04-15 14:50:00,20.389121044019937
2015-04-15 15:00:00,19.983971937365823
2015-04-15 15:10:00,19.989230670894422
2015-04-15 15:20:00,20.140560358360023
2015-04-15 15:30:00,19.87470793244477
2015-04-15 15:40:00,19.427695792932592
2015-04-15 15:50:00,19.060329296826243
2015-04-15 16:00:00,19.168000489701036
2015-04-15 16:10:00,19.271731924971625
2015-04-15 16:20:00,19.18410036837411
2015-04-15 16:30:00,18.99143969903076
2015-04-15 16:40:00,19.253702385233744
2015-04-15 16:50:00,19.520734066968288
2015-04-15 17:00:00,18.90637005249333
2015-04-15 17:10:00,18.639048335496852
2015-04-15 17:20:00,19.040709601846075
2015-04-15 17:30:00,19.22035953109322
2015-04-15 17:40:00,19.43651219539811
2015-04-15 17:50:00,19.53448138078711
2015-04-15 18:00:00,19.553842487628543
2015-04-15 18:10:00,19.716921445428078
2015-04-15 18:20:00,19.809165203760042
2015-04-15 18:30:00,19.949355034120728
2015-04-15 18:40:00,20.459826617235954
2015-04-15 18:50:00,20.98748271140107
2015-04-15 19:00:00,20.663533630025633
2015-04-15 19:10:00,20.33427250225947
2015-04-15 19:20:00,20.335280565721256
2015-04-15 19:30:00,20.42530742028792
2015-04-15 19:40:00,20.93488505213545
2015-04-15 19:50:00,21.594968134788477
2015-04-15 20:00:00,21.662338508001124
2015-04-15 20:10:00,21.27338241237676
2015-04-15 20:20:00,21.16094174071854
2015-04-15 20:30:00,21.343237177491456
2015-04-15 20:40:00,21.69603111563567
2015-04-15 20:50:00,22.01507436009769
2015-04-15 21:00:00,22.05580546541781
2015-04-15 21:10:00,22.143072412907816
2015-04-15 21:20:00,22.30641396680011
2015-04-15 21:30:00,22.62896575772306
2015-04-15 21:40:00,23.035831861559362
2015-04-15 21:50:00,23.21491325575619
2015-04-15 22:00:00,23.384400554979532
2015-04-15 22:10:00,23.336552097669262
2015-04-15 22:20:00,23.054977637873158
2015-04-15 22:30:00,23.140261579553187
2015-04-15 22:40:00,23.32615179019712
2015-04-15 22:50:00,23.83793872503887
2015-04-15 23:00:00,24.37041613510674
2015-04-15 23:10:00,24.539619690466477
2015-04-15 23:20:00,25.24280978015929
2015-04-15 23:30:00,25.91504008760725
2015-04-15 23:40:00,25.91875718020811
2015-04-15 23:50:00,25.808176060455665
2015-04-16 00:00:00,25.45692700446456
2015-04-16 00:10:00,25.47203075253243
2015-04-16 00:20:00,25.764442227545405
2015-04-16 00:30:00,25.70235609656337
2015-04-16 00:40:00,25.810157592401495
2015-04-16 00:50:00,25.857012681530716
2015-04-16 01:00:00,25.584084745354627
2015-04-16 01:10:00,25.763492776173297
2015-04-16 01:20:00,25.891317128815455
2015-04-16 01:30:00,26.109623481058332
2015-04-16 01:40:00,26.70652773758269
2015-04-16 01:50:00,26.39055650854192
2015-04-16 02:00:00,26.189172388251297
2015-04-16 02:10:00,26.106278527209277
2015-04-16 02:20:00,26.155169857654354
2015-04-16 02:30:00,26.79931057472222
2015-04-16 02:40:00,27.295047275026945
2015-04-16 02:50:00,27.956674572433478
2015-04-16 03:00:00,28.78445023221497
2015-04-16 03:10:00,28.464908208787353
2015-04-16 03:20:00,27.88538750412423
2015-04-16 03:30:00,27.915315191339193
2015-04-16 03:40:00,27.96872186941699
2015-04-16 03:50:00,28.254258268120747
2015-04-16 04:00:00,28.97989199696143
2015-04-16 04:10:00,29.221360309987375
2015-04-16 04:20:00,28.788223665244686
2015-04-16 04:30:00,28.303604828849622
2015-04-16 04:40:00,27.585645478487816
2015-04-16 04:50:00,26.938405259625696
2015-04-16 05:00:00,26.6545436930482
2015-04-16 05:10:00,26.9972077889259
2015-04-16 05:20:00,27.44499482321032
2015-04-16 05:30:00,27.533095796387105
2015-04-16 05:40:00,27.340282762323813
2015-04-16 05:50:00,27.208359305388647
2015-04-16 06:00:00,26.945971249328295
2015-04-16 06:10:00,26.086085365933624
2015-04-16 06:20:00,25.10468093645629
2015-04-16 06:30:00,24.809398160585104
2015-04-16 06:40:00,25.143246683682847
2015-04-16 06:50:00,25.138125935570095
2015-04-16 07:00:00,23.97226200909184
2015-04-16 07:10:00,22.128970128876354
2015-04-16 07:20:00,20.60197287931471
2015-04-16 07:30:00,19.670173887248705
2015-04-16 07:40:00,18.857259893399423
2015-04-16 07:50:00,18.29285036617844
2015-04-16 08:00:00,18.203434892121898
2015-04-16 08:10:00,18.445904914166867
2015-04-16 08:20:00,18.888860865545354
2015-04-16 08:30:00,19.72516079621063
2015-04-16 08:40:00,20.35227150550573
2015-04-16 08:50:00,20.18194677447897
2015-04-16 09:00:00,21.132976871806957
2015-04-16 09:10:00,21.419506024889028
2015-04-16 09:20:00,20.664272402267663
2015-04-16 09:30:00,20.71809928085444
2015-04-16 09:40:00,20.643300474696673
2015-04-16 09:50:00,20.67884236484597
2015-04-16 10:00:00,21.065606093822186
2015-04-16 10:10:00,21.118028706819306
2015-04-16 10:20:00,20.76004031765666
2015-04-16 10:30:00,20.878792049768588
2015-04-16 10:40:00,21.08598531143746
2015-04-16 10:50:00,20.945909330858157
2015-04-16 11:00:00,21.030269325776715
2015-04-16 11:10:00,21.216735452841604
2015-04-16 11:20:00,21.281515064451362
2015-04-16 11:30:00,21.177243194579642
2015-04-16 11:40:00,21.149021271779628
2015-04-16 11:50:00,21.20451784509597
2015-04-16 12:00:00,21.415935682569142
2015-04-16 12:10:00,21.614838342380615
2015-04-16 12:20:00,21.48621418461904
2015-04-16 12:30:00,21.38268192380586
2015-04-16 12:40:00,21.166176763375663
2015-04-16 12:50:00,21.10682378365931
2015-04-16 13:00:00,21.2858533612988
2015-04-16 13:10:00,21.28078672544648
2015-04-16 13:20:00,21.108705096495612
2015-04-16 13:30:00,20.94586344793526
2015-04-16 13:40:00,20.731127079320842
2015-04-16 13:50:00,20.76657798687629
2015-04-16 14:00:00,21.085125943093125
2015-04-16 14:10:00,21.241005216080357
2015-04-16 14:20:00,20.995913399725048
2015-04-16 14:30:00,20.761873722485443
2015-04-16 14:40:00,20.823309808977566
2015-04-16 14:50:00,21.10100776959932
2015-04-16 15:00:00,21.301844230242043
2015-04-16 15:10:00,20.692958834148637
2015-04-16 15:20:00,19.72280663885594
2015-04-16 15:30:00,19.0054598538682
2015-04-16 15:40:00,18.947610219816006
2015-04-16 15:50:00,19.208944378617996
2015-04-16 16:00:00,19.264902526024663
2015-04-16 16:10:00,19.294309508201533
2015-04-16 16:20:00,19.39273685719011
2015-04-16 16:30:00,19.48583334285142
2015-04-16 16:40:00,19.501296430622194
2015-04-16 16:50:00,19.326056456165016
2015-04-16 17:00:00,19.164363503527273
2015-04-16 17:10:00,19.26552309260485
2015-04-16 17:20:00,19.3694825099264
2015-04-16 17:30:00,19.34016018841283
2015-04-16 17:40:00,19.41611619512302
2015-04-16 17:50:00,19.727184382733487
2015-04-16 18:00:00,20.51196924309206
2015-04-16 18:10:00,20.647262807143726
2015-04-16 18:20:00,20.329548042245985
2015-04-16 18:30:00,20.48064144711825
2015-04-16 18:40:00,20.486536312523913
2015-04-16 18:50:00,20.33615723191371
2015-04-16 19:00:00,20.564744863143922
2015-04-16 19:10:00,20.823555905609442
2015-04-16 19:20:00,20.92040971908572
2015-04-16 19:30:00,21.689773236126392
2015-04-16 19:40:00,22.009301998633966
2015-04-16 19:50:00,21.80487960358283
2015-04-16 20:00:00,21.707615561777637
2015-04-16 20:10:00,21.914925574054898
2015-04-16 20:20:00,22.040786469029452
2015-04-16 20:30:00,22.14149650409675
2015-04-16 20:40:00,22.549850158432935
2015-04-16 20:50:00,22.427569240011902
2015-04-16 21:00:00,22.231989884666355
2015-04-16 21:10:00,22.412264907937452
2015-04-16 21:20:00,22.651195452231814
2015-04-16 21:30:00,23.04499896299501
2015-04-16 21:40:00,23.432193563692287
2015-04-16 21:50:00,23.185728488268133
2015-04-16 22:00:00,23.003398733159603
2015-04-16 22:10:00,22.880703691047646
2015-04-16 22:20:00,22.886364449363153
2015-04-16 22:30:00,23.742950749299226
2015-04-16 22:40:00,24.43603090370144
2015-04-16 22:50:00,24.839160757663457
2015-04-16 23:00:00,25.054355256905495
2015-04-16 23:10:00,25.160387057648787
2015-04-16 23:20:00,25.437724517601666
2015-04-16 23:30:00,25.6888684100536
2015-04-16 23:40:00,25.37963452254281
2015-04-16 23:50:00,25.347297623040806
2015-04-17 00:00:00,26.484197336086797
2015-04-17 00:10:00,27.437814382723708
2015-04-17 00:20:00,26.957405960571194
2015-04-17 00:30:00,26.186751779008123
2015-04-17 00:40:00,26.66272534089294
2015-04-17 00:50:00,27.324492172173116
2015-04-17 01:00:00,26.736720055635715
2015-04-17 01:10:00,26.617462249946513
2015-04-17 01:20:00,27.023555619594507
2015-04-17 01:30:00,26.177588868968577
2015-04-17 01:40:00,25.706005634841627
2015-04-17 01:50:00,26.11576522104601
2015-04-17 02:00:00,26.603323847699293
2015-04-17 02:10:00,26.465005214696742
2015-04-17 02:20:00,25.712663941931883
2015-04-17 02:30:00,25.877682736174478
2015-04-17 02:40:00,26.41674057165471
2015-04-17 02:50:00,26.505384319345048
2015-04-17 03:00:00,27.05272982207691
2015-04-17 03:10:00,27.175369365984004
2015-04-17 03:20:00,27.13321425449841
2015-04-17 03:30:00,27.203374527074722
2015-04-17 03:40:00,27.17833660950345
2015-04-17 03:50:00,26.97743304808232
2015-04-17 04:00:00,27.221810592729145
2015-04-17 04:10:00,27.820822080935077
2015-04-17 04:20:00,28.045994717825995
2015-04-17 04:30:00,28.54781170537681
2015-04-17 04:40:00,28.457532477240104
2015-04-17 04:50:00,28.18583295993407
2015-04-17 05:00:00,28.183246772693874
2015-04-17 05:10:00,28.355495031027033
2015-04-17 05:20:00,28.54865865875967
2015-04-17 05:30:00,29.114676328863773
2015-04-17 05:40:00,28.262360244700897
2015-04-17 05:50:00,27.57133487661752
2015-04-17 06:00:00,27.307082292090588
2015-04-17 06:10:00,26.221684630142338
2015-04-17 06:20:00,25.796860633294386
2015-04-17 06:30:00,24.856138831871338
2015-04-17 06:40:00,23.901755731271187
2015-04-17 06:50:00,23.32110609703522
2015-04-17 07:00:00,22.43887596782367
2015-04-17 07:10:00,21.35982761698535
2015-04-17 07:20:00,20.755075961664126
2015-04-17 07:30:00,20.0626704013705
2015-04-17 07:40:00,19.35181352809305
2015-04-17 07:50:00,18.800640702864584
2015-04-17 08:00:00,18.54704113548247
2015-04-17 08:10:00,18.86822626462818
2015-04-17 08:20:00,19.104431783286596
2015-04-17 08:30:00,19.85946359914955
2015-04-17 08:40:00,20.514717598180855
2015-04-17 08:50:00,20.854279173224725
2015-04-17 09:00:00,21.180807233659706
2015-04-17 09:10:00,20.83524255026866
2015-04-17 09:20:00,20.697009798717602
2015-04-17 09:30:00,20.75388632630413
2015-04-17 09:40:00,20.86173841210834
2015-04-17 09:50:00,20.81363071955859
2015-04-17 10:00:00,20.70049923383506
2015-04-17 10:10:00,20.745025823658377
2015-04-17 10:20:00,20.362032048274
2015-04-17 10:30:00,20.215654053039522
2015-04-17 10:40:00,20.374770486755143
2015-04-17 10:50:00,20.54499162525981
2015-04-17 11:00:00,20.640189631098604
2015-04-17 11:10:00,20.96775850232584
2015-04-17 11:20:00,21.447994132129736
2015-04-17 11:30:00,21.54626413313075
2015-04-17 11:40:00,21.82838902847908
2015-04-17 11:50:00,21.91293604112794
2015-04-17 12:00:00,21.6995215170147
2015-04-17 12:10:00,21.520345121933254
2015-04-17 12:20:00,21.00037617185739
2015-04-17 12:30:00,20.907510982267468
2015-04-17 12:40:00,21.133315694327184
2015-04-17 12:50:00,21.396210117618274
2015-04-17 13:00:00,21.31693506502171
2015-04-17 13:10:00,20.49185486685791
2015-04-17 13:20:00,19.987762554026624
2015-04-17 13:30:00,20.196253561695695
2015-04-17 13:40:00,20.08801009365113
2015-04-17 13:50:00,19.86804959783867
2015-04-17 14:00:00,20.084486454659974
2015-04-17 14:10:00,20.381649144642804
2015-04-17 14:20:00,20.340594622712395
2015-04-17 14:30:00,19.9199045578129
2015-04-17 14:40:00,19.89922586291965
2015-04-17 14:50:00,19.547596041456124
2015-04-17 15:00:00,18.99615183440683
2015-04-17 15:10:00,19.180912859025664
2015-04-17 15:20:00,19.513081640796592
2015-04-17 15:30:00,19.486351139783558
2015-04-17 15:40:00,19.53458501271945
2015-04-17 15:50:00,19.63707247000124
2015-04-17 16:00:00,19.913218375094118
2015-04-17 16:10:00,20.20176479150183
2015-04-17 16:20:00,20.144358537024463
2015-04-17 16:30:00,19.941714343735885
2015-04-17 16:40:00,19.713047430979778
2015-04-17 16:50:00,19.434313030533566
2015-04-17 17:00:00,19.340824382355656
2015-04-17 17:10:00,19.25500325787715
2015-04-17 17:20:00,19.389096085763295
2015-04-17 17:30:00,19.78161147419948
2015-04-17 17:40:00,20.12047257071195
2015-04-17 17:50:00,20.661321745472204
2015-04-17 18:00:00,21.640881203959072
2015-04-17 18:10:00,21.533794809841755
2015-04-17 18:20:00,20.325832108173262
2015-04-17 18:30:00,20.011689026533315
2015-04-17 18:40:00,20.06492534222979
2015-04-17 18:50:00,19.926004616718537
2015-04-17 19:00:00,20.01727892296461
2015-04-17 19:10:00,20.60665336284622
2015-04-17 19:20:00,20.987351999071628
2015-04-17 19:30:00,20.71964395001183
2015-04-17 19:40:00,20.59165823870516
2015-04-17 19:50:00,20.738880300004922
2015-04-17 20:00:00,21.09470923100459
2015-04-17 20:10:00,21.048503656461783
2015-04-17 20:20:00,20.725884712528845
2015-04-17 20:30:00,21.006041066074662
2015-04-17 20:40:00,21.320227700118078
2015-04-17 20:50:00,21.372952452750667
2015-04-17 21:00:00,21.273269328532205
2015-04-17 21:10:00,21.543498683194528
2015-04-17 21:20:00,21.953813806509242
2015-04-17 21:30:00,21.992726930533127
2015-04-17 21:40:00,21.901493752554625
2015-04-17 21:50:00,21.95865985377191
2015-04-17 22:00:00,21.983517818563506
2015-04-17 22:10:00,21.81053536876945
2015-04-17 22:20:00,22.131557033234667
2015-04-17 22:30:00,22.877812250944228
2015-04-17 22:40:00,23.133923599747334
2015-04-17 22:50:00,23.147501633616674
2015-04-17 23:00:00,23.6099249766774
2015-04-17 23:10:00,24.53819782684135
2015-04-17 23:20:00,25.143094600023765
2015-04-17 23:30:00,25.072073463290966
2015-04-17 23:40:00,25.127917685498325
2015-04-17 23:50:00,25.235635135173673
2015-04-18 00:00:00,25.225243963909527
2015-04-18 00:10:00,25.169284445469128
2015-04-18 00:20:00,25.180384907454716
2015-04-18 00:30:00,25.29996181601491
2015-04-18 00:40:00,25.35147021833887
2015-04-18 00:50:00,25.19390307218369
2015-04-18 01:00:00,24.780560838506382
2015-04-18 01:10:00,25.169911791054965
2015-04-18 01:20:00,25.819252781881133
2015-04-18 01:30:00,26.106031838741973
2015-04-18 01:40:00,26.046648616228442
2015-04-18 01:50:00,25.86443075532108
2015-04-18 02:00:00,26.09277022200305
2015-04-18 02:10:00,26.129484076215192
2015-04-18 02:20:00,26.156303524488585
2015-04-18 02:30:00,26.333808684441426
2015-04-18 02:40:00,26.81065602374353
2015-04-18 02:50:00,27.37985891082655
2015-04-18 03:00:00,27.561927735916598
2015-04-18 03:10:00,27.370059353935687
2015-04-18 03:20:00,27.099945717798462
2015-04-18 03:30:00,26.58750272568894
2015-04-18 03:40:00,26.341650735245693
2015-04-18 03:50:00,26.79096324236201
2015-04-18 04:00:00,27.334427880895735
2015-04-18 04:10:00,27.929531824597454
2015-04-18 04:20:00,28.019526172974963
2015-04-18 04:30:00,27.62518966881289
2015-04-18 04:40:00,28.042480674315332
2015-04-18 04:50:00,28.493292438801326
2015-04-18 05:00:00,27.854912454330204
2015-04-18 05:10:00,27.7830987014175
2015-04-18 05:20:00,27.600031003620444
2015-04-18 05:30:00,27.302694975306004
2015-04-18 05:40:00,28.066657202231454
2015-04-18 05:50:00,28.13661520715271
2015-04-18 06:00:00,28.045573125992924
2015-04-18 06:10:00,27.670720058365703
2015-04-18 06:20:00,26.727955383056397
2015-04-18 06:30:00,26.202931920209725
2015-04-18 06:40:00,25.690307487221766
2015-04-18 06:50:00,25.36870001359847
2015-04-18 07:00:00,25.204369266107474
2015-04-18 07:10:00,24.73460962672994
2015-04-18 07:20:00,24.164232944572948
2015-04-18 07:30:00,24.308907697454444
2015-04-18 07:40:00,23.98448322497936
2015-04-18 07:50:00,23.252495048588873
2015-04-18 08:00:00,23.06162827485388
2015-04-18 08:10:00,22.765526354622903
2015-04-18 08:20:00,22.342910667362
2015-04-18 08:30:00,22.155571819827554
2015-04-18 08:40:00,21.94619103262029
2015-04-18 08:50:00,21.58297882877803
2015-04-18 09:00:00,21.580770381123738
2015-04-18 09:10:00,21.62608770340914
2015-04-18 09:20:00,21.098942765710717
2015-04-18 09:30:00,20.702988387674253
2015-04-18 09:40:00,21.051187350221653
2015-04-18 09:50:00,21.373164993184226
2015-04-18 10:00:00,21.01201350183859
2015-04-18 10:10:00,20.884333403094477
2015-04-18 10:20:00,20.924453394547665
2015-04-18 10:30:00,21.11063201420533
2015-04-18 10:40:00,21.457297070796304
2015-04-18 10:50:00,21.592603351305122
2015-04-18 11:00:00,21.57914194537085
2015-04-18 11:10:00,21.44154329086758
2015-04-18 11:20:00,21.598651750038563
2015-04-18 11:30:00,21.910789817726243
2015-04-18 11:40:00,21.91717268670132
2015-04-18 11:50:00,21.258162833987726
2015-04-18 12:00:00,20.8820641348641
2015-04-18 12:10:00,21.14495763240254
2015-04-18 12:20:00,21.306837303746317
2015-04-18 12:30:00,21.347835795142398
2015-04-18 12:40:00,21.137580175638757
2015-04-18 12:50:00,20.89470400191233
2015-04-18 13:00:00,21.121425512683356
2015-04-18 13:10:00,21.248104563394328
2015-04-18 13:20:00,21.306601707738775
2015-04-18 13:30:00,21.12884980770219
2015-04-18 13:40:00,20.793077671430943
2015-04-18 13:50:00,20.669955794600302
2015-04-18 14:00:00,20.52289493938262
2015-04-18 14:10:00,20.708798998246582
2015-04-18 14:20:00,21.059934965200128
2015-04-18 14:30:00,21.192223120761152
2015-04-18 14:40:00,21.25274711432669
2015-04-18 14:50:00,21.410809391555325
2015-04-18 15:00:00,21.9134785775218
2015-04-18 15:10:00,22.423259457497895
2015-04-18 15:20:00,22.184570319359352
2015-04-18 15:30:00,21.62396150342102
2015-04-18 15:40:00,21.63013080239117
2015-04-18 15:50:00,21.456623977582822
2015-04-18 16:00:00,21.237806702680448
2015-04-18 16:10:00,21.52175995112638
2015-04-18 16:20:00,21.660728780255614
2015-04-18 16:30:00,21.796789220063484
2015-04-18 16:40:00,21.586390944621513
2015-04-18 16:50:00,20.917422967516487
2015-04-18 17:00:00,21.06972985001358
2015-04-18 17:10:00,21.240003117122967
2015-04-18 17:20:00,21.085794941418634
2015-04-18 17:30:00,21.23663212148106
2015-04-18 17:40:00,21.829437957348716
2015-04-18 17:50:00,22.23466715797188
2015-04-18 18:00:00,21.540741681482114
2015-04-18 18:10:00,20.950023790760543
2015-04-18 18:20:00,20.834000920904852
2015-04-18 18:30:00,20.934809098944825
2015-04-18 18:40:00,20.797640111295998
2015-04-18 18:50:00,20.43400268834198
2015-04-18 19:00:00,20.666762062517446
2015-04-18 19:10:00,21.096695519354796
2015-04-18 19:20:00,21.120447212186654
2015-04-18 19:30:00,21.167201800255427
2015-04-18 19:40:00,21.60825029771092
2015-04-18 19:50:00,21.682546277703324
2015-04-18 20:00:00,21.630484431325424
2015-04-18 20:10:00,21.684336264573012
2015-04-18 20:20:00,21.770469477339095
2015-04-18 20:30:00,21.963527649348663
2015-04-18 20:40:00,21.623524870766733
2015-04-18 20:50:00,21.425549160939926
2015-04-18 21:00:00,21.715704714691835
2015-04-18 21:10:00,21.934895152749405
2015-04-18 21:20:00,22.144826913873164
2015-04-18 21:30:00,22.27377596721099
2015-04-18 21:40:00,22.36324118457272
2015-04-18 21:50:00,22.50151236583063
2015-04-18 22:00:00,22.514471713426648
2015-04-18 22:10:00,22.757303270110313
2015-04-18 22:20:00,23.307372249916323
2015-04-18 22:30:00,23.636654164763875
2015-04-18 22:40:00,23.674630707863287
2015-04-18 22:50:00,23.45778477353654
2015-04-18 23:00:00,23.635761334829446
2015-04-18 23:10:00,24.456458235039893
2015-04-18 23:20:00,25.100768039273017
2015-04-18 23:30:00,25.237136152650155
2015-04-18 23:40:00,25.313603303035606
2015-04-18 23:50:00,25.129240897336334
2015-04-19 00:00:00,25.05668182711622
2015-04-19 00:10:00,25.37735327861974
2015-04-19 00:20:00,25.42407219167228
2015-04-19 00:30:00,25.50123945103268
2015-04-19 00:40:00,25.62963886157737
2015-04-19 00:50:00,25.56062857498259
2015-04-19 01:00:00,25.43821174860806
2015-04-19 01:10:00,25.966113538955476
2015-04-19 01:20:00,26.356668215603886
2015-04-19 01:30:00,25.793148383412642
2015-04-19 01:40:00,25.176283097411744
2015-04-19 01:50:00,25.1861407554231
2015-04-19 02:00:00,25.191772553128967
2015-04-19 02:10:00,24.876933231845598
2015-04-19 02:20:00,25.18544496768775
2015-04-19 02:30:00,25.660567276551237
2015-04-19 02:40:00,25.866695817710273
2015-04-19 02:50:00,26.27016444797561
2015-04-19 03:00:00,26.775889851103166
2015-04-19 03:10:00,27.087038035842525
2015-04-19 03:20:00,26.891046662192764
2015-04-19 03:30:00,26.648505246818566
2015-04-19 03:40:00,26.63231711455789
2015-04-19 03:50:00,27.229703017748097
2015-04-19 04:00:00,27.606292435619718
2015-04-19 04:10:00,27.187678103517573
2015-04-19 04:20:00,27.103961532759246
2015-04-19 04:30:00,27.264975810873803
2015-04-19 04:40:00,26.98593552558126
2015-04-19 04:50:00,26.29217600197263
2015-04-19 05:00:00,25.989316821447126
2015-04-19 05:10:00,26.26203817172244
2015-04-19 05:20:00,26.914426436790993
2015-04-19 05:30:00,27.2986340954388
2015-04-19 05:40:00,27.33055754342451
2015-04-19 05:50:00,27.78589274517205
2015-04-19 06:00:00,28.407290394224564
2015-04-19 06:10:00,27.475253442159875
2015-04-19 06:20:00,26.260364699469292
2015-04-19 06:30:00,26.17724803579926
2015-04-19 06:40:00,26.018946881929132
2015-04-19 06:50:00,25.87492521227756
2015-04-19 07:00:00,24.979462977011725
2015-04-19 07:10:00,24.48094790330768
2015-04-19 07:20:00,24.4636401680982
2015-04-19 07:30:00,24.7397002488024
2015-04-19 07:40:00,24.84312628438608
2015-04-19 07:50:00,24.23674571466878
2015-04-19 08:00:00,23.927100706631634
2015-04-19 08:10:00,23.677175828696537
2015-04-19 08:20:00,23.228464294957842
2015-04-19 08:30:00,22.337050652436254
2015-04-19 08:40:00,21.912931763728817
2015-04-19 08:50:00,22.108987540406083
2015-04-19 09:00:00,21.96022420654248
2015-04-19 09:10:00,21.563277172668766
2015-04-19 09:20:00,21.4870776810003
2015-04-19 09:30:00,21.64806843967415
2015-04-19 09:40:00,21.788660390339246
2015-04-19 09:50:00,21.629214318539
2015-04-19 10:00:00,21.53521898072251
2015-04-19 10:10:00,21.264371125689735
2015-04-19 10:20:00,21.166081306235828
2015-04-19 10:30:00,21.521437193860883
2015-04-19 10:40:00,21.592007674849512
2015-04-19 10:50:00,21.45556084856115
2015-04-19 11:00:00,21.671248613666844
2015-04-19 11:10:00,22.081248219051442
2015-04-19 11:20:00,21.871450524326796
2015-04-19 11:30:00,21.621387378809377
2015-04-19 11:40:00,21.907879225998457
2015-04-19 11:50:00,21.863059552167208
2015-04-19 12:00:00,21.866258800552416
2015-04-19 12:10:00,22.085743666160088
2015-04-19 12:20:00,21.863799680235967
2015-04-19 12:30:00,21.626904082393565
2015-04-19 12:40:00,21.587097360531182
2015-04-19 12:50:00,21.58421193101163
2015-04-19 13:00:00,21.523624994899933
2015-04-19 13:10:00,21.768211263278417
2015-04-19 13:20:00,21.924825952618676
2015-04-19 13:30:00,21.556330841745858
2015-04-19 13:40:00,21.57640048555464
2015-04-19 13:50:00,22.03504789658558
2015-04-19 14:00:00,21.85213391130377
2015-04-19 14:10:00,21.4896543010586
2015-04-19 14:20:00,21.47313359656186
2015-04-19 14:30:00,21.27255284378136
2015-04-19 14:40:00,21.634439384276213
2015-04-19 14:50:00,21.91820422965245
2015-04-19 15:00:00,22.004049603487193
2015-04-19 15:10:00,21.980872771929114
2015-04-19 15:20:00,21.726085820143375
2015-04-19 15:30:00,22.19427160083453
2015-04-19 15:40:00,22.002174692306678
2015-04-19 15:50:00,21.46126094268624
2015-04-19 16:00:00,21.75117768016585
2015-04-19 16:10:00,22.07874078860356
2015-04-19 16:20:00,21.987045077280335
2015-04-19 16:30:00,21.643075103695992
2015-04-19 16:40:00,21.36777927785559
2015-04-19 16:50:00,21.22017768775864
2015-04-19 17:00:00,21.228565411918925
2015-04-19 17:10:00,21.382700937209936
2015-04-19 17:20:00,21.387711935927843
2015-04-19 17:30:00,21.2049567218835
2015-04-19 17:40:00,21.530891682079854
2015-04-19 17:50:00,21.66266078137956
2015-04-19 18:00:00,21.376173256722147
2015-04-19 18:10:00,21.367093690389375
2015-04-19 18:20:00,21.366734058291062
2015-04-19 18:30:00,21.738618808572454
2015-04-19 18:40:00,21.619025084867435
2015-04-19 18:50:00,21.217725911709007
2015-04-19 19:00:00,21.489438085782865
2015-04-19 19:10:00,21.518138544204803
2015-04-19 19:20:00,21.56667268712313
2015-04-19 19:30:00,22.157707338097726
2015-04-19 19:40:00,22.322140038890975
2015-04-19 19:50:00,22.504776147947045
2015-04-19 20:00:00,22.786589412655502
2015-04-19 20:10:00,21.96579837216831
2015-04-19 20:20:00,21.319966463055216
2015-04-19 20:30:00,21.680294102566258
2015-04-19 20:40:00,21.670933680554548
2015-04-19 20:50:00,21.28239559591674
2015-04-19 21:00:00,21.305268598599184
2015-04-19 21:10:00,21.590921026494737
2015-04-19 21:20:00,21.742164883558484
2015-04-19 21:30:00,21.65905724443268
2015-04-19 21:40:00,21.630264850081915
2015-04-19 21:50:00,21.808879396959494
2015-04-19 22:00:00,21.800150883984234
2015-04-19 22:10:00,22.061520499018336
2015-04-19 22:20:00,22.278304146762114
2015-04-19 22:30:00,22.390528866191616
2015-04-19 22:40:00,23.07753477683056
2015-04-19 22:50:00,23.671205088552977
2015-04-19 23:00:00,23.926390320600856
2015-04-19 23:10:00,24.069112365288806
2015-04-19 23:20:00,24.311103765448735
2015-04-19 23:30:00,24.664185078296004
2015-04-19 23:40:00,24.765394211655252
2015-04-19 23:50:00,24.75609466727011
2015-04-20 00:00:00,24.68984545612926
2015-04-20 00:10:00,24.580608472466817
2015-04-20 00:20:00,24.754400365205573
2015-04-20 00:30:00,24.67860754124661
2015-04-20 00:40:00,24.877000233225065
2015-04-20 00:50:00,25.22673744293096
2015-04-20 01:00:00,25.592135336736547
2015-04-20 01:10:00,25.92215069442552
2015-04-20 01:20:00,25.871202773092207
2015-04-20 01:30:00,26.16166003802799
2015-04-20 01:40:00,26.277266091071816
2015-04-20 01:50:00,25.99378353948634
2015-04-20 02:00:00,26.04062452833091
2015-04-20 02:10:00,26.03309020692655
2015-04-20 02:20:00,25.657629079468027
2015-04-20 02:30:00,25.557824465630695
2015-04-20 02:40:00,25.757614673104822
2015-04-20 02:50:00,26.61267379602863
2015-04-20 03:00:00,27.574212967819978
2015-04-20 03:10:00,26.925260129401586
2015-04-20 03:20:00,26.407438601871608
2015-04-20 03:30:00,26.700690896902607
2015-04-20 03:40:00,26.67245794387378
2015-04-20 03:50:00,26.838307168453266
2015-04-20 04:00:00,27.108770831734734
2015-04-20 04:10:00,26.68398585232685
2015-04-20 04:20:00,26.104731563084865
2015-04-20 04:30:00,25.82619293588709
2015-04-20 04:40:00,25.375271258896046
2015-04-20 04:50:00,25.290449075194473
2015-04-20 05:00:00,25.51143061922013
2015-04-20 05:10:00,26.135505593986665
2015-04-20 05:20:00,27.221230593703883
2015-04-20 05:30:00,27.73756790479558
2015-04-20 05:40:00,27.409334682978063
2015-04-20 05:50:00,26.827293878872403
2015-04-20 06:00:00,25.89317290922322
2015-04-20 06:10:00,24.51994263033752
2015-04-20 06:20:00,23.812456149093997
2015-04-20 06:30:00,24.39876244869352
2015-04-20 06:40:00,24.72056611062649
2015-04-20 06:50:00,23.386218448556573
2015-04-20 07:00:00,21.98994011080944
2015-04-20 07:10:00,21.09955944255399
2015-04-20 07:20:00,20.141236111707357
2015-04-20 07:30:00,19.21597835114587
2015-04-20 07:40:00,18.726339066651654
2015-04-20 07:50:00,18.461854300403257
2015-04-20 08:00:00,18.18420354699351
2015-04-20 08:10:00,18.322831423268724
2015-04-20 08:20:00,18.486403785543864
2015-04-20 08:30:00,18.769555731079897
2015-04-20 08:40:00,18.690169762215884
2015-04-20 08:50:00,19.06204649639708
2015-04-20 09:00:00,20.059780408186644
2015-04-20 09:10:00,20.540964009494278
2015-04-20 09:20:00,21.01106835859692
2015-04-20 09:30:00,21.588454827214065
2015-04-20 09:40:00,21.828583904046617
2015-04-20 09:50:00,21.613195812041575
2015-04-20 10:00:00,21.49408174941202
2015-04-20 10:10:00,21.704549354498266
2015-04-20 10:20:00,21.96618897772896
2015-04-20 10:30:00,21.724735160265258
2015-04-20 10:40:00,21.27987407518695
2015-04-20 10:50:00,21.338220508748645
2015-04-20 11:00:00,21.478984717819397
2015-04-20 11:10:00,21.700265969530662
2015-04-20 11:20:00,21.909141886658638
2015-04-20 11:30:00,22.110017680175627
2015-04-20 11:40:00,22.171133754591363
2015-04-20 11:50:00,21.920450942384566
2015-04-20 12:00:00,21.62948863394301
2015-04-20 12:10:00,21.632112251357547
2015-04-20 12:20:00,21.880469111722924
2015-04-20 12:30:00,21.884703306422796
2015-04-20 12:40:00,21.850538344643297
2015-04-20 12:50:00,21.533139655681353
2015-04-20 13:00:00,21.258518194244445
2015-04-20 13:10:00,21.491853686989277
2015-04-20 13:20:00,21.314684145262625
2015-04-20 13:30:00,20.918841057473127
2015-04-20 13:40:00,20.986835969501143
2015-04-20 13:50:00,21.2488377310925
2015-04-20 14:00:00,21.46164535929627
2015-04-20 14:10:00,21.470564168357637
2015-04-20 14:20:00,21.467775189121276
2015-04-20 14:30:00,21.706126531161516
2015-04-20 14:40:00,21.57478533106586
2015-04-20 14:50:00,21.166643798314144
2015-04-20 15:00:00,20.92748353766381
2015-04-20 15:10:00,20.67159013781543
2015-04-20 15:20:00,20.33947664441549
2015-04-20 15:30:00,19.688232137164906
2015-04-20 15:40:00,19.23177316463793
2015-04-20 15:50:00,19.280044256217106
2015-04-20 16:00:00,19.334787175119803
2015-04-20 16:10:00,19.666566044127446
2015-04-20 16:20:00,19.761631937099544
2015-04-20 16:30:00,19.516580908226786
2015-04-20 16:40:00,19.5998698902064
2015-04-20 16:50:00,19.719398035206034
2015-04-20 17:00:00,19.657053027028965
2015-04-20 17:10:00,19.479766808367597
2015-04-20 17:20:00,19.497655513714964
2015-04-20 17:30:00,19.691930190799514
2015-04-20 17:40:00,19.794200980843485
2015-04-20 17:50:00,19.84015008451017
2015-04-20 18:00:00,19.84095255610909
2015-04-20 18:10:00,19.747000343646125
2015-04-20 18:20:00,19.74724123415804
2015-04-20 18:30:00,19.867500255665504
2015-04-20 18:40:00,20.094418237995804
2015-04-20 18:50:00,20.383793514758477
2015-04-20 19:00:00,20.58558368897524
2015-04-20 19:10:00,20.672548896451037
2015-04-20 19:20:00,20.923627459154975
2015-04-20 19:30:00,21.18949797203969
2015-04-20 19:40:00,21.7961106144523
2015-04-20 19:50:00,22.371999543476015
2015-04-20 20:00:00,22.266948683664257
2015-04-20 20:10:00,21.74911704363092
2015-04-20 20:20:00,22.25515879465441
2015-04-20 20:30:00,22.67932587318914
2015-04-20 20:40:00,22.388912548559766
2015-04-20 20:50:00,22.383618854719828
2015-04-20 21:00:00,22.280409319909214
2015-04-20 21:10:00,22.262255506027003
2015-04-20 21:20:00,22.384730583887567
2015-04-20 21:30:00,22.771273659239977
2015-04-20 21:40:00,22.516333769432347
2015-04-20 21:50:00,22.286589587363622
2015-04-20 22:00:00,22.285139664099695
2015-04-20 22:10:00,22.35478323523132
2015-04-20 22:20:00,23.022965084091595
2015-04-20 22:30:00,23.678141997734038
2015-04-20 22:40:00,24.142003889491708
2015-04-20 22:50:00,24.076450470269673
2015-04-20 23:00:00,23.68581762267939
2015-04-20 23:10:00,23.754915419227864
2015-04-20 23:20:00,24.21357772217653
2015-04-20 23:30:00,24.643584310985624
2015-04-20 23:40:00,24.873233997420495
2015-04-20 23:50:00,24.95378447723229
2015-04-21 00:00:00,25.185245462419616
2015-04-21 00:10:00,25.28441022030664
2015-04-21 00:20:00,24.61123414457713
2015-04-21 00:30:00,24.215267836350296
2015-04-21 00:40:00,25.0819407116046
2015-04-21 00:50:00,25.46378023969865
2015-04-21 01:00:00,25.21111761883024
2015-04-21 01:10:00,25.416449424349437
2015-04-21 01:20:00,25.863419605289817
2015-04-21 01:30:00,26.137209556635984
2015-04-21 01:40:00,26.523123291695775
2015-04-21 01:50:00,26.768626938001116
2015-04-21 02:00:00,26.610814940861072
2015-04-21 02:10:00,27.095830724270062
2015-04-21 02:20:00,27.392256067149518
2015-04-21 02:30:00,27.660045251755793
2015-04-21 02:40:00,27.960983853233685
2015-04-21 02:50:00,27.735482652291793
2015-04-21 03:00:00,27.646733039409575
2015-04-21 03:10:00,27.22197714623695
2015-04-21 03:20:00,26.694001276069255
2015-04-21 03:30:00,26.71643325035516
2015-04-21 03:40:00,26.497989162411457
2015-04-21 03:50:00,25.881684813070542
2015-04-21 04:00:00,26.128789439211175
2015-04-21 04:10:00,26.804750153928843
2015-04-21 04:20:00,26.586803565216876
2015-04-21 04:30:00,26.226942493715512
2015-04-21 04:40:00,26.718308916668214
2015-04-21 04:50:00,26.668711268758134
2015-04-21 05:00:00,25.971788860779544
2015-04-21 05:10:00,26.09746222383095
2015-04-21 05:20:00,27.236993850472466
2015-04-21 05:30:00,28.5984031921304
2015-04-21 05:40:00,28.537468131852222
2015-04-21 05:50:00,27.56777478548873
2015-04-21 06:00:00,26.543315544942715
2015-04-21 06:10:00,25.90560357248234
2015-04-21 06:20:00,25.813331539450726
2015-04-21 06:30:00,25.109085968486635
2015-04-21 06:40:00,23.870537394874507
2015-04-21 06:50:00,23.290614038417644
2015-04-21 07:00:00,22.550160808724257
2015-04-21 07:10:00,20.853734413997444
2015-04-21 07:20:00,20.29644935609126
2015-04-21 07:30:00,19.40310441095473
2015-04-21 07:40:00,17.843202181276602
2015-04-21 07:50:00,17.577679302971017
2015-04-21 08:00:00,17.33245640854988
2015-04-21 08:10:00,17.55960789901479
2015-04-21 08:20:00,18.939142752966593
2015-04-21 08:30:00,20.111793304938285
2015-04-21 08:40:00,19.887892212528065
2015-04-21 08:50:00,19.721977682996197
2015-04-21 09:00:00,20.152507234489843
2015-04-21 09:10:00,20.223819633038165
2015-04-21 09:20:00,20.12222806120247
2015-04-21 09:30:00,20.25710298206793
2015-04-21 09:40:00,20.633485502072492
2015-04-21 09:50:00,20.523650854797506
2015-04-21 10:00:00,20.155448567786497
2015-04-21 10:10:00,20.43855393532636
2015-04-21 10:20:00,20.82275429510207
2015-04-21 10:30:00,20.743633018509417
2015-04-21 10:40:00,20.60566138341654
2015-04-21 10:50:00,20.494603049852902
2015-04-21 11:00:00,20.645847699026636
2015-04-21 11:10:00,21.00023710417022
2015-04-21 11:20:00,20.963950631397037
2015-04-21 11:30:00,20.961444038843076
2015-04-21 11:40:00,21.12455580209942
2015-04-21 11:50:00,21.12851653545758
2015-04-21 12:00:00,20.991727206487568
2015-04-21 12:10:00,20.950755547029164
2015-04-21 12:20:00,21.20041300871551
2015-04-21 12:30:00,21.160672704762572
2015-04-21 12:40:00,21.074365538936558
2015-04-21 12:50:00,20.829736412987423
2015-04-21 13:00:00,20.248163440375063
2015-04-21 13:10:00,20.0905851992307
2015-04-21 13:20:00,20.06979214460187
2015-04-21 13:30:00,20.187858205877085
2015-04-21 13:40:00,20.448992823034608
2015-04-21 13:50:00,20.246097111356182
2015-04-21 14:00:00,20.112612178419006
2015-04-21 14:10:00,20.322565082457132
2015-04-21 14:20:00,20.635063468513952
2015-04-21 14:30:00,20.798661006355225
2015-04-21 14:40:00,20.604613291297394
2015-04-21 14:50:00,20.75238084666025
2015-04-21 15:00:00,20.40501569958364
2015-04-21 15:10:00,19.770799583412092
2015-04-21 15:20:00,19.589757476414263
2015-04-21 15:30:00,19.606305888075237
2015-04-21 15:40:00,20.212833437137395
2015-04-21 15:50:00,20.660079479412378
2015-04-21 16:00:00,20.4743947815339
2015-04-21 16:10:00,19.83175481898681
2015-04-21 16:20:00,19.4433719753707
2015-04-21 16:30:00,19.370391369804715
2015-04-21 16:40:00,19.255022194138053
2015-04-21 16:50:00,19.00711586825846
2015-04-21 17:00:00,18.788301168952383
2015-04-21 17:10:00,18.860512058839902
2015-04-21 17:20:00,19.0142627317378
2015-04-21 17:30:00,19.182851479480668
2015-04-21 17:40:00,19.747094932473722
2015-04-21 17:50:00,20.083484329564545
2015-04-21 18:00:00,19.994892513465263
2015-04-21 18:10:00,20.17746362949806
2015-04-21 18:20:00,20.28304121334306
2015-04-21 18:30:00,20.023401963709656
2015-04-21 18:40:00,19.762352569601514
2015-04-21 18:50:00,19.992382088535223
2015-04-21 19:00:00,20.07357553373442
2015-04-21 19:10:00,19.944116258648833
2015-04-21 19:20:00,20.250633887224787
2015-04-21 19:30:00,20.571346893096372
2015-04-21 19:40:00,20.770711596771555
2015-04-21 19:50:00,20.952216665046556
2015-04-21 20:00:00,21.00012433480347
2015-04-21 20:10:00,21.395308740977036
2015-04-21 20:20:00,21.9886451422775
2015-04-21 20:30:00,22.132442601299655
2015-04-21 20:40:00,21.96347265372579
2015-04-21 20:50:00,22.128576988109064
2015-04-21 21:00:00,22.054059095320042
2015-04-21 21:10:00,21.96949780475208
2015-04-21 21:20:00,22.574683950514643
2015-04-21 21:30:00,22.96851857083226
2015-04-21 21:40:00,23.071184066210815
2015-04-21 21:50:00,22.945257508142003
2015-04-21 22:00:00,22.88647280906703
2015-04-21 22:10:00,23.204344833216652
2015-04-21 22:20:00,23.484907292904275
2015-04-21 22:30:00,23.6671264698612
2015-04-21 22:40:00,23.924025077336186
2015-04-21 22:50:00,24.097037730924228
2015-04-21 23:00:00,24.472505355950236
2015-04-21 23:10:00,24.856045326569305
2015-04-21 23:20:00,24.72348261883166
2015-04-21 23:30:00,24.750918449168523
2015-04-21 23:40:00,24.952837671450016
2015-04-21 23:50:00,24.94608128590649
2015-04-22 00:00:00,25.37327840464173
2015-04-22 00:10:00,25.843754089729824
2015-04-22 00:20:00,25.842710602485393
2015-04-22 00:30:00,25.764960945201228
2015-04-22 00:40:00,25.703649353290135
2015-04-22 00:50:00,25.61876927843811
2015-04-22 01:00:00,25.900889672892053
2015-04-22 01:10:00,26.438707902078452
2015-04-22 01:20:00,26.508726020919674
2015-04-22 01:30:00,26.063027602851474
2015-04-22 01:40:00,25.472704508684735
2015-04-22 01:50:00,25.322358957579137
2015-04-22 02:00:00,25.537497278046022
2015-04-22 02:10:00,25.824464343623852
2015-04-22 02:20:00,25.948765483530842
2015-04-22 02:30:00,26.13112749878265
2015-04-22 02:40:00,26.50245537987399
2015-04-22 02:50:00,26.303658739334708
2015-04-22 03:00:00,26.313963653595028
2015-04-22 03:10:00,27.15184748130221
2015-04-22 03:20:00,27.478317022495066
2015-04-22 03:30:00,27.618473827392744
2015-04-22 03:40:00,27.871720704275557
2015-04-22 03:50:00,27.41113802744002
2015-04-22 04:00:00,27.247101260899434
2015-04-22 04:10:00,27.645040823282905
2015-04-22 04:20:00,28.28410279900977
2015-04-22 04:30:00,28.545527677686522
2015-04-22 04:40:00,28.18469608942664
2015-04-22 04:50:00,28.25471562657781
2015-04-22 05:00:00,28.48354840912552
2015-04-22 05:10:00,28.807901701850557
2015-04-22 05:20:00,29.063985558900065
2015-04-22 05:30:00,28.835701163965076
2015-04-22 05:40:00,28.33375745650662
2015-04-22 05:50:00,27.59458017550481
2015-04-22 06:00:00,26.597772725035927
2015-04-22 06:10:00,25.627299152895745
2015-04-22 06:20:00,25.186979648814805
2015-04-22 06:30:00,25.355074968213227
2015-04-22 06:40:00,24.973559103157115
2015-04-22 06:50:00,23.854286442320117
2015-04-22 07:00:00,22.591339987425847
2015-04-22 07:10:00,21.36829728937774
2015-04-22 07:20:00,20.308969876847346
2015-04-22 07:30:00,19.859039455636587
2015-04-22 07:40:00,19.208518891019356
2015-04-22 07:50:00,18.132238710020577
2015-04-22 08:00:00,17.457228988224408
2015-04-22 08:10:00,17.627474076363985
2015-04-22 08:20:00,18.711146893101574
2015-04-22 08:30:00,19.648196346406422
2015-04-22 08:40:00,20.232105228363586
2015-04-22 08:50:00,20.452642931428613
2015-04-22 09:00:00,21.180469238247035
2015-04-22 09:10:00,21.782075600279516
2015-04-22 09:20:00,21.74201157395288
2015-04-22 09:30:00,21.503719720283456
2015-04-22 09:40:00,20.88813955499449
2015-04-22 09:50:00,20.464761268336897
2015-04-22 10:00:00,20.530630217013556
2015-04-22 10:10:00,20.823064325981605
2015-04-22 10:20:00,21.04749170788038
2015-04-22 10:30:00,21.290771575893558
2015-04-22 10:40:00,21.720928039804694
2015-04-22 10:50:00,21.755015424181504
2015-04-22 11:00:00,21.511240965642944
2015-04-22 11:10:00,21.507278652799798
2015-04-22 11:20:00,21.678763356863108
2015-04-22 11:30:00,22.178806194187374
2015-04-22 11:40:00,22.218345456516534
2015-04-22 11:50:00,21.479227694518443
2015-04-22 12:00:00,20.819366007807123
2015-04-22 12:10:00,21.065591616271888
2015-04-22 12:20:00,21.853012419141518
2015-04-22 12:30:00,21.814647232793217
2015-04-22 12:40:00,21.375966696386715
2015-04-22 12:50:00,21.35565416392118
2015-04-22 13:00:00,21.194323322066104
2015-04-22 13:10:00,20.997863310341643
2015-04-22 13:20:00,21.046087185716882
2015-04-22 13:30:00,21.16710040015779
2015-04-22 13:40:00,21.203903163575422
2015-04-22 13:50:00,20.966518760586176
2015-04-22 14:00:00,20.785529704345052
2015-04-22 14:10:00,20.823411949239592
2015-04-22 14:20:00,20.645820320474662
2015-04-22 14:30:00,20.57486337142173
2015-04-22 14:40:00,20.98673063542773
2015-04-22 14:50:00,20.970115601011365
2015-04-22 15:00:00,20.69769726456043
2015-04-22 15:10:00,20.36824682009007
2015-04-22 15:20:00,20.131798855104726
2015-04-22 15:30:00,20.00513588479006
2015-04-22 15:40:00,19.95596388334706
2015-04-22 15:50:00,20.131080224254575
2015-04-22 16:00:00,20.07742826459828
2015-04-22 16:10:00,19.923734795919383
2015-04-22 16:20:00,19.62325264372502
2015-04-22 16:30:00,19.575790691755802
2015-04-22 16:40:00,19.610478857933035
2015-04-22 16:50:00,19.41458037148748
2015-04-22 17:00:00,19.281428315825995
2015-04-22 17:10:00,19.28101960156013
2015-04-22 17:20:00,19.206442314424702
2015-04-22 17:30:00,19.22604814400767
2015-04-22 17:40:00,19.39958087682758
2015-04-22 17:50:00,19.74717671725967
2015-04-22 18:00:00,19.912492826442456
2015-04-22 18:10:00,19.732942551678523
2015-04-22 18:20:00,19.782041564136684
2015-04-22 18:30:00,20.062745073640066
2015-04-22 18:40:00,20.41162906184437
2015-04-22 18:50:00,20.691423412252114
2015-04-22 19:00:00,20.722469723359307
2015-04-22 19:10:00,20.64879515374676
2015-04-22 19:20:00,20.5991913513333
2015-04-22 19:30:00,20.39399289862447
2015-04-22 19:40:00,20.679995042406574
2015-04-22 19:50:00,21.138069314061724
2015-04-22 20:00:00,21.17806294379605
2015-04-22 20:10:00,21.310365567364293
2015-04-22 20:20:00,21.579428621483416
2015-04-22 20:30:00,21.72704839084473
2015-04-22 20:40:00,21.932372349850045
2015-04-22 20:50:00,22.26171701186043
2015-04-22 21:00:00,22.3170721299247
2015-04-22 21:10:00,22.29757493776111
2015-04-22 21:20:00,22.54750221455872
2015-04-22 21:30:00,22.63047925435492
2015-04-22 21:40:00,22.434980675311806
2015-04-22 21:50:00,22.30473811438209
2015-04-22 22:00:00,22.25581608693953
2015-04-22 22:10:00,22.438674423496067
2015-04-22 22:20:00,22.89052716185179
2015-04-22 22:30:00,23.505087630067067
2015-04-22 22:40:00,23.881899692807227
2015-04-22 22:50:00,23.794783869083584
2015-04-22 23:00:00,24.247304423189245
2015-04-22 23:10:00,24.817445452592697
2015-04-22 23:20:00,25.011520889625526
2015-04-22 23:30:00,25.589975121777904
2015-04-22 23:40:00,25.81461199497065
2015-04-22 23:50:00,25.326616836673615
2015-04-23 00:00:00,25.035327026837443
2015-04-23 00:10:00,24.916485274249606
2015-04-23 00:20:00,24.767868890462424
2015-04-23 00:30:00,25.31435147574783
2015-04-23 00:40:00,25.916053321109096
2015-04-23 00:50:00,25.92189036623593
2015-04-23 01:00:00,25.688555007836165
2015-04-23 01:10:00,26.067128673819184
2015-04-23 01:20:00,26.39365703694507
2015-04-23 01:30:00,25.7201288221648
2015-04-23 01:40:00,25.602033704002586
2015-04-23 01:50:00,26.049498392110404
2015-04-23 02:00:00,26.33620225434197
2015-04-23 02:10:00,26.393047393605784
2015-04-23 02:20:00,26.264614938865368
2015-04-23 02:30:00,26.499203139632726
2015-04-23 02:40:00,27.574104292723593
2015-04-23 02:50:00,27.437520819435424
2015-04-23 03:00:00,26.458565782478356
2015-04-23 03:10:00,26.751772215909394
2015-04-23 03:20:00,26.912057124432657
2015-04-23 03:30:00,26.657753966037745
2015-04-23 03:40:00,27.189014575421172
2015-04-23 03:50:00,27.992286660130755
2015-04-23 04:00:00,28.47806856047234
2015-04-23 04:10:00,28.185224404034972
2015-04-23 04:20:00,27.515794665628537
2015-04-23 04:30:00,27.235289961614516
2015-04-23 04:40:00,27.180487178219384
2015-04-23 04:50:00,27.54694719353356
2015-04-23 05:00:00,28.02236270684849
2015-04-23 05:10:00,28.470301448468643
2015-04-23 05:20:00,29.098704962259244
2015-04-23 05:30:00,29.052908831383938
2015-04-23 05:40:00,28.60237009573505
2015-04-23 05:50:00,28.391524739289082
2015-04-23 06:00:00,27.202603317028387
2015-04-23 06:10:00,26.45375636498121
2015-04-23 06:20:00,26.23964456045652
2015-04-23 06:30:00,25.230323037818888
2015-04-23 06:40:00,25.03035309756179
2015-04-23 06:50:00,25.018512494636468
2015-04-23 07:00:00,23.619104284916784
2015-04-23 07:10:00,21.640413258737603
2015-04-23 07:20:00,20.170760120064386
2015-04-23 07:30:00,19.378547009841377
2015-04-23 07:40:00,19.037124798361347
2015-04-23 07:50:00,18.803346426223698
2015-04-23 08:00:00,18.716490094787144
2015-04-23 08:10:00,19.26585983480341
2015-04-23 08:20:00,19.5680586408413
2015-04-23 08:30:00,19.487481846016564
2015-04-23 08:40:00,19.816197199610762
2015-04-23 08:50:00,20.174968326757536
2015-04-23 09:00:00,20.241310218221088
2015-04-23 09:10:00,20.186919641424403
2015-04-23 09:20:00,20.403680996682215
2015-04-23 09:30:00,21.104201132804654
2015-04-23 09:40:00,20.91451383875385
2015-04-23 09:50:00,20.343051075583137
2015-04-23 10:00:00,20.62865779710459
2015-04-23 10:10:00,20.59613549661345
2015-04-23 10:20:00,20.478674643826388
2015-04-23 10:30:00,20.670142220393338
2015-04-23 10:40:00,21.073066564303037
2015-04-23 10:50:00,21.296202855666518
2015-04-23 11:00:00,22.003958469382937
2015-04-23 11:10:00,22.560919921277126
2015-04-23 11:20:00,21.854675046969835
2015-04-23 11:30:00,21.379604109069998
2015-04-23 11:40:00,21.351271397756566
2015-04-23 11:50:00,21.31388528171273
2015-04-23 12:00:00,21.48886967714862
2015-04-23 12:10:00,21.678275363944174
2015-04-23 12:20:00,21.514065790578787
2015-04-23 12:30:00,21.17966953617475
2015-04-23 12:40:00,20.742208428049743
2015-04-23 12:50:00,20.65387872908589
2015-04-23 13:00:00,20.786138467767355
2015-04-23 13:10:00,20.988477819686803
2015-04-23 13:20:00,21.10155933106323
2015-04-23 13:30:00,20.875834115403624
2015-04-23 13:40:00,20.99581350957225
2015-04-23 13:50:00,21.62745433256485
2015-04-23 14:00:00,21.594831028747556
2015-04-23 14:10:00,20.7829747001505
2015-04-23 14:20:00,20.131466545578448
2015-04-23 14:30:00,20.054571518314077
2015-04-23 14:40:00,20.410508145708793
2015-04-23 14:50:00,20.74545954877668
2015-04-23 15:00:00,20.520129239525914
2015-04-23 15:10:00,20.131702867181016
2015-04-23 15:20:00,19.636309781535065
2015-04-23 15:30:00,18.891955027770262
2015-04-23 15:40:00,18.924134317053774
2015-04-23 15:50:00,19.064130990203047
2015-04-23 16:00:00,19.078925889391833
2015-04-23 16:10:00,20.056836038406555
2015-04-23 16:20:00,20.65857205383806
2015-04-23 16:30:00,20.533307311385748
2015-04-23 16:40:00,20.450057444311046
2015-04-23 16:50:00,19.948888454415414
2015-04-23 17:00:00,19.83367110407095
2015-04-23 17:10:00,19.673218584675833
2015-04-23 17:20:00,19.145012007477433
2015-04-23 17:30:00,18.910776086463294
2015-04-23 17:40:00,19.099361516529545
2015-04-23 17:50:00,19.718650630614974
2015-04-23 18:00:00,19.896022790359183
2015-04-23 18:10:00,19.96660395265439
2015-04-23 18:20:00,20.1557229063261
2015-04-23 18:30:00,20.026309285189956
2015-04-23 18:40:00,19.904110174323613
2015-04-23 18:50:00,19.888901892258534
2015-04-23 19:00:00,20.165724827302242
2015-04-23 19:10:00,20.64987995825726
2015-04-23 19:20:00,20.745594602256133
2015-04-23 19:30:00,20.774436523925722
2015-04-23 19:40:00,21.296363914178635
2015-04-23 19:50:00,21.540270977077952
2015-04-23 20:00:00,21.670164081700094
2015-04-23 20:10:00,21.885376804447894
2015-04-23 20:20:00,21.694815948190453
2015-04-23 20:30:00,21.81017854760063
2015-04-23 20:40:00,22.14200885205018
2015-04-23 20:50:00,22.495959764490355
2015-04-23 21:00:00,22.637299779601662
2015-04-23 21:10:00,22.68192330129904
2015-04-23 21:20:00,22.68122497732752
2015-04-23 21:30:00,22.451583393396813
2015-04-23 21:40:00,22.39972039317046
2015-04-23 21:50:00,22.108277830991575
2015-04-23 22:00:00,22.103637432473644
2015-04-23 22:10:00,22.60026453032531
2015-04-23 22:20:00,23.04798420656445
2015-04-23 22:30:00,23.348164762891237
2015-04-23 22:40:00,23.58854503204862
2015-04-23 22:50:00,24.485679787350314
2015-04-23 23:00:00,25.21077241973365
2015-04-23 23:10:00,25.127087555005826
2015-04-23 23:20:00,24.98200643197089
2015-04-23 23:30:00,24.780813730910722
2015-04-23 23:40:00,25.113069701112373
2015-04-23 23:50:00,26.093344904844546
2015-04-24 00:00:00,26.464974423844033
2015-04-24 00:10:00,26.146023148492517
2015-04-24 00:20:00,25.626634620926062
2015-04-24 00:30:00,25.06239340438806
2015-04-24 00:40:00,25.724627726756037
2015-04-24 00:50:00,26.268679902809374
2015-04-24 01:00:00,25.96910000610461
2015-04-24 01:10:00,26.1251413738907
2015-04-24 01:20:00,25.982375289334314
2015-04-24 01:30:00,25.81072128827841
2015-04-24 01:40:00,26.413471828753163
2015-04-24 01:50:00,26.168544207517172
2015-04-24 02:00:00,25.311479691745223
2015-04-24 02:10:00,25.684272437306454
2015-04-24 02:20:00,26.10348669822956
2015-04-24 02:30:00,26.193549457271217
2015-04-24 02:40:00,26.429211151936762
2015-04-24 02:50:00,26.522615496174865
2015-04-24 03:00:00,26.430225427893756
2015-04-24 03:10:00,26.260476186509887
2015-04-24 03:20:00,26.775991751012672
2015-04-24 03:30:00,27.33676335201927
2015-04-24 03:40:00,27.308853373184682
2015-04-24 03:50:00,27.487049859755516
2015-04-24 04:00:00,26.797216201835443
2015-04-24 04:10:00,25.60901353208263
2015-04-24 04:20:00,25.161853946612627
2015-04-24 04:30:00,25.474372369942216
2015-04-24 04:40:00,26.4542800297113
2015-04-24 04:50:00,26.47296782895938
2015-04-24 05:00:00,26.510085433203393
2015-04-24 05:10:00,27.91282432968148
2015-04-24 05:20:00,28.760144576573612
2015-04-24 05:30:00,29.20098388726122
2015-04-24 05:40:00,29.292650068107122
2015-04-24 05:50:00,28.211629569817813
2015-04-24 06:00:00,26.921695466478514
2015-04-24 06:10:00,25.940310752440844
2015-04-24 06:20:00,25.31860811126825
2015-04-24 06:30:00,24.938159877708888
2015-04-24 06:40:00,24.382279653911194
2015-04-24 06:50:00,23.228182199353743
2015-04-24 07:00:00,21.67261248934916
2015-04-24 07:10:00,20.312106216001947
2015-04-24 07:20:00,19.445462476749015
2015-04-24 07:30:00,18.992270529778725
2015-04-24 07:40:00,18.729230480369537
2015-04-24 07:50:00,18.588597099872313
2015-04-24 08:00:00,18.56612905636169
2015-04-24 08:10:00,18.650513963938412
2015-04-24 08:20:00,18.961398851137265
2015-04-24 08:30:00,19.91365188148643
2015-04-24 08:40:00,20.840311651312707
2015-04-24 08:50:00,21.667204081904178
2015-04-24 09:00:00,22.115866877589557
2015-04-24 09:10:00,21.745144549259614
2015-04-24 09:20:00,21.48578565787052
2015-04-24 09:30:00,21.688339253305255
2015-04-24 09:40:00,21.434241718960926
2015-04-24 09:50:00,20.844142868629067
2015-04-24 10:00:00,20.768598024290363
2015-04-24 10:10:00,20.923495851032822
2015-04-24 10:20:00,21.30658097357581
2015-04-24 10:30:00,21.362736309184772
2015-04-24 10:40:00,21.024649676319335
2015-04-24 10:50:00,20.749287226451063
2015-04-24 11:00:00,20.690373100097702
2015-04-24 11:10:00,20.934324850662012
2015-04-24 11:20:00,21.24888844510312
2015-04-24 11:30:00,21.37121167757887
2015-04-24 11:40:00,22.305576256184015
2015-04-24 11:50:00,22.86777464499406
2015-04-24 12:00:00,21.947945645352455
2015-04-24 12:10:00,21.198466685441428
2015-04-24 12:20:00,21.082833244166423
2015-04-24 12:30:00,20.966326762165693
2015-04-24 12:40:00,20.43333290029991
2015-04-24 12:50:00,20.357092472615925
2015-04-24 13:00:00,20.63970744506478
2015-04-24 13:10:00,20.80024912330135
2015-04-24 13:20:00,20.755038959994774
2015-04-24 13:30:00,20.326887456537005
2015-04-24 13:40:00,20.146454744532655
2015-04-24 13:50:00,20.33756505631411
2015-04-24 14:00:00,20.513118675647913
2015-04-24 14:10:00,20.81030236752345
2015-04-24 14:20:00,21.33576601598669
2015-04-24 14:30:00,21.35821816749299
2015-04-24 14:40:00,20.852146417311033
2015-04-24 14:50:00,20.68783996436715
2015-04-24 15:00:00,20.781487302136977
2015-04-24 15:10:00,20.420018035122467
2015-04-24 15:20:00,19.71458024866517
2015-04-24 15:30:00,19.46855062574631
2015-04-24 15:40:00,19.503312484056522
2015-04-24 15:50:00,19.490973181218678
2015-04-24 16:00:00,19.552814810425776
2015-04-24 16:10:00,19.522557395275292
2015-04-24 16:20:00,19.729523380903522
2015-04-24 16:30:00,19.948773760516374
2015-04-24 16:40:00,20.329764307863936
2015-04-24 16:50:00,20.61837405229605
2015-04-24 17:00:00,20.663460117591892
2015-04-24 17:10:00,20.18565395359597
2015-04-24 17:20:00,19.387751887064063
2015-04-24 17:30:00,19.403144320527662
2015-04-24 17:40:00,19.55961839141588
2015-04-24 17:50:00,19.679310310207256
2015-04-24 18:00:00,19.643189048476618
2015-04-24 18:10:00,19.638297063765133
2015-04-24 18:20:00,20.00344256789199
2015-04-24 18:30:00,20.363704618128224
2015-04-24 18:40:00,20.354235314248736
2015-04-24 18:50:00,20.02094736543288
2015-04-24 19:00:00,20.040717552704276
2015-04-24 19:10:00,20.37603709890692
2015-04-24 19:20:00,20.775631754102676
2015-04-24 19:30:00,20.91099475223975
2015-04-24 19:40:00,20.718699696951848
2015-04-24 19:50:00,20.921679201418854
2015-04-24 20:00:00,20.847954304455182
2015-04-24 20:10:00,20.534807810072227
2015-04-24 20:20:00,20.598681516213485
2015-04-24 20:30:00,20.764589877110165
2015-04-24 20:40:00,20.87906568203751
2015-04-24 20:50:00,21.236700264912777
2015-04-24 21:00:00,21.58950905772971
2015-04-24 21:10:00,21.53011061503469
2015-04-24 21:20:00,21.937151397069066
2015-04-24 21:30:00,22.05994496349723
2015-04-24 21:40:00,21.7879807365758
2015-04-24 21:50:00,22.10417983447239
2015-04-24 22:00:00,22.138914553914425
2015-04-24 22:10:00,21.9896500314339
2015-04-24 22:20:00,22.43157830513718
2015-04-24 22:30:00,22.660476420865706
2015-04-24 22:40:00,22.702124295439983
2015-04-24 22:50:00,23.31205462345586
2015-04-24 23:00:00,24.053711712755785
2015-04-24 23:10:00,24.271340553249868
2015-04-24 23:20:00,24.515888045250605
2015-04-24 23:30:00,25.13796915351928
2015-04-24 23:40:00,26.07970614649851
2015-04-24 23:50:00,26.230454483438578
2015-04-25 00:00:00,25.60399762056883
2015-04-25 00:10:00,25.762005774358474
2015-04-25 00:20:00,25.90801481654365
2015-04-25 00:30:00,25.5957675264045
2015-04-25 00:40:00,25.798465795592108
2015-04-25 00:50:00,25.808467844028765
2015-04-25 01:00:00,25.382956135878164
2015-04-25 01:10:00,25.194505279890866
2015-04-25 01:20:00,25.479317710317243
2015-04-25 01:30:00,25.859946203832077
2015-04-25 01:40:00,25.935506919899648
2015-04-25 01:50:00,25.87540699943872
2015-04-25 02:00:00,26.415256099306497
2015-04-25 02:10:00,26.29529368560333
2015-04-25 02:20:00,25.146600630898813
2015-04-25 02:30:00,25.025532552603554
2015-04-25 02:40:00,25.66312662813249
2015-04-25 02:50:00,26.22204344792831
2015-04-25 03:00:00,26.63217308616214
2015-04-25 03:10:00,26.922941823532057
2015-04-25 03:20:00,27.26342620671646
2015-04-25 03:30:00,27.39943579913027
2015-04-25 03:40:00,26.902289357303008
2015-04-25 03:50:00,27.177648654309944
2015-04-25 04:00:00,28.131493751342667
2015-04-25 04:10:00,28.2192557394269
2015-04-25 04:20:00,27.682655821950227
2015-04-25 04:30:00,27.38233147402188
2015-04-25 04:40:00,27.79009141768325
2015-04-25 04:50:00,27.510260041221848
2015-04-25 05:00:00,26.587419910601245
2015-04-25 05:10:00,27.29842465569759
2015-04-25 05:20:00,28.388404938328502
2015-04-25 05:30:00,28.513199253156607
2015-04-25 05:40:00,27.902079554059537
2015-04-25 05:50:00,27.174160004388312
2015-04-25 06:00:00,27.2447616481196
2015-04-25 06:10:00,27.0991468225625
2015-04-25 06:20:00,26.696890374630968
2015-04-25 06:30:00,26.22474189586115
2015-04-25 06:40:00,25.397175737272967
2015-04-25 06:50:00,24.95047594306001
2015-04-25 07:00:00,25.11744911679352
2015-04-25 07:10:00,24.832602388299396
2015-04-25 07:20:00,24.04483469565941
2015-04-25 07:30:00,23.728421974957598
2015-04-25 07:40:00,23.544956967010542
2015-04-25 07:50:00,23.907800111326516
2015-04-25 08:00:00,23.66853422221684
2015-04-25 08:10:00,22.76416747374724
2015-04-25 08:20:00,22.30453198143793
2015-04-25 08:30:00,22.052211116617084
2015-04-25 08:40:00,21.90011743660355
2015-04-25 08:50:00,21.39798255971307
2015-04-25 09:00:00,21.193488238867847
2015-04-25 09:10:00,21.42886955790896
2015-04-25 09:20:00,21.447155283405216
2015-04-25 09:30:00,21.417672355192146
2015-04-25 09:40:00,21.11716684599986
2015-04-25 09:50:00,20.829501017947216
2015-04-25 10:00:00,20.734089515505577
2015-04-25 10:10:00,20.610292533934395
2015-04-25 10:20:00,20.570958280323246
2015-04-25 10:30:00,20.3672341653149
2015-04-25 10:40:00,20.77440796387709
2015-04-25 10:50:00,21.515024320745095
2015-04-25 11:00:00,21.739487638791807
2015-04-25 11:10:00,21.93642374102579
2015-04-25 11:20:00,21.918061133539855
2015-04-25 11:30:00,21.874208647906
2015-04-25 11:40:00,21.85552468054476
2015-04-25 11:50:00,21.55833160853108
2015-04-25 12:00:00,21.416368802704355
2015-04-25 12:10:00,21.713607004236678
2015-04-25 12:20:00,21.89202469136921
2015-04-25 12:30:00,21.700325480752568
2015-04-25 12:40:00,21.364421525085046
2015-04-25 12:50:00,20.946204938840758
2015-04-25 13:00:00,20.976383507555205
2015-04-25 13:10:00,21.133175832595107
2015-04-25 13:20:00,21.171913325388722
2015-04-25 13:30:00,21.46449299638754
2015-04-25 13:40:00,21.2679485334683
2015-04-25 13:50:00,20.929751671840297
2015-04-25 14:00:00,21.16881502997767
2015-04-25 14:10:00,21.92603879986246
2015-04-25 14:20:00,22.346403384156467
2015-04-25 14:30:00,21.749253979897965
2015-04-25 14:40:00,21.31757390043185
2015-04-25 14:50:00,21.453934374430123
2015-04-25 15:00:00,21.632667317432603
2015-04-25 15:10:00,21.773378863968777
2015-04-25 15:20:00,21.76628841567909
2015-04-25 15:30:00,21.100009825043482
2015-04-25 15:40:00,20.404743234098067
2015-04-25 15:50:00,20.62371704030501
2015-04-25 16:00:00,21.208087142785953
2015-04-25 16:10:00,21.779648321384126
2015-04-25 16:20:00,21.848870851223257
2015-04-25 16:30:00,21.499966477162644
2015-04-25 16:40:00,21.250339146200986
2015-04-25 16:50:00,20.78797091329953
2015-04-25 17:00:00,20.521614374869838
2015-04-25 17:10:00,20.72015273173847
2015-04-25 17:20:00,21.092540370840986
2015-04-25 17:30:00,21.52847270394028
2015-04-25 17:40:00,21.719337442843564
2015-04-25 17:50:00,21.547573317721454
2015-04-25 18:00:00,21.057908755618257
2015-04-25 18:10:00,20.769250439853874
2015-04-25 18:20:00,20.860948253129703
2015-04-25 18:30:00,20.793844915665805
2015-04-25 18:40:00,20.96008229218094
2015-04-25 18:50:00,21.267966777808358
2015-04-25 19:00:00,21.352977019688076
2015-04-25 19:10:00,21.284926948415155
2015-04-25 19:20:00,21.142703437089274
2015-04-25 19:30:00,20.925105544400406
2015-04-25 19:40:00,20.898870231354657
2015-04-25 19:50:00,21.267353208069036
2015-04-25 20:00:00,21.453023355322465
2015-04-25 20:10:00,21.52711012134484
2015-04-25 20:20:00,21.92327897938867
2015-04-25 20:30:00,22.157789175417964
2015-04-25 20:40:00,22.469627116266622
2015-04-25 20:50:00,22.36056490099906
2015-04-25 21:00:00,21.736503854331705
2015-04-25 21:10:00,21.737906362259366
2015-04-25 21:20:00,21.93684063723719
2015-04-25 21:30:00,21.947633981960145
2015-04-25 21:40:00,22.010508771024917
2015-04-25 21:50:00,22.128008501827047
2015-04-25 22:00:00,22.407647748956375
2015-04-25 22:10:00,22.694495174066212
2015-04-25 22:20:00,22.906789933561132
2015-04-25 22:30:00,23.166290847512
2015-04-25 22:40:00,23.54816553948227
2015-04-25 22:50:00,23.828964621147254
2015-04-25 23:00:00,23.904717530367716
2015-04-25 23:10:00,23.935118710154942
2015-04-25 23:20:00,24.570027923458717
2015-04-25 23:30:00,24.953987657495784
2015-04-25 23:40:00,24.852558868938473
2015-04-25 23:50:00,24.73454337415059
2015-04-26 00:00:00,24.368777758076437
2015-04-26 00:10:00,24.429931399577825
2015-04-26 00:20:00,24.955275016257904
2015-04-26 00:30:00,25.260984671303746
2015-04-26 00:40:00,25.510616442399034
2015-04-26 00:50:00,25.978834303424048
2015-04-26 01:00:00,26.05435022536923
2015-04-26 01:10:00,26.034346432230297
2015-04-26 01:20:00,25.9853111425844
2015-04-26 01:30:00,25.620716816907617
2015-04-26 01:40:00,25.22872074663554
2015-04-26 01:50:00,24.986225291978048
2015-04-26 02:00:00,25.270248445669687
2015-04-26 02:10:00,26.154804206676495
2015-04-26 02:20:00,26.520172051218353
2015-04-26 02:30:00,26.17866879879258
2015-04-26 02:40:00,25.978739684768808
2015-04-26 02:50:00,26.500809044837663
2015-04-26 03:00:00,27.18906216101902
2015-04-26 03:10:00,26.85820274105136
2015-04-26 03:20:00,26.120747494527787
2015-04-26 03:30:00,25.58982085726698
2015-04-26 03:40:00,25.214373042852163
2015-04-26 03:50:00,26.29638731014478
2015-04-26 04:00:00,27.564394453271735
2015-04-26 04:10:00,27.427505020808674
2015-04-26 04:20:00,27.31702522048303
2015-04-26 04:30:00,27.36865178269991
2015-04-26 04:40:00,27.455400739856334
2015-04-26 04:50:00,27.764095736920797
2015-04-26 05:00:00,27.978375916389222
2015-04-26 05:10:00,28.227095653064733
2015-04-26 05:20:00,28.676162845563756
2015-04-26 05:30:00,29.243896419142658
2015-04-26 05:40:00,28.77262707272734
2015-04-26 05:50:00,27.8554184993273
2015-04-26 06:00:00,27.532175343782363
2015-04-26 06:10:00,27.14673863179071
2015-04-26 06:20:00,26.38539793899372
2015-04-26 06:30:00,25.7877280010768
2015-04-26 06:40:00,25.2243429262255
2015-04-26 06:50:00,24.69212510012805
2015-04-26 07:00:00,24.939808103645316
2015-04-26 07:10:00,25.1784843497871
2015-04-26 07:20:00,24.561078990443814
2015-04-26 07:30:00,24.127171594437378
2015-04-26 07:40:00,23.892518673528645
2015-04-26 07:50:00,23.42722912885173
2015-04-26 08:00:00,23.39352742935126
2015-04-26 08:10:00,23.336773313960048
2015-04-26 08:20:00,23.045626623658798
2015-04-26 08:30:00,22.754892688449672
2015-04-26 08:40:00,22.465682162350085
2015-04-26 08:50:00,22.390974327642304
2015-04-26 09:00:00,22.383464829604993
2015-04-26 09:10:00,22.088255148128876
2015-04-26 09:20:00,22.009444028007284
2015-04-26 09:30:00,21.944205607511417
2015-04-26 09:40:00,21.81537579299951
2015-04-26 09:50:00,21.63732661839313
2015-04-26 10:00:00,21.567810758271786
2015-04-26 10:10:00,21.45521573501849
2015-04-26 10:20:00,21.26624244469114
2015-04-26 10:30:00,21.30511742944109
2015-04-26 10:40:00,21.816098412485015
2015-04-26 10:50:00,22.401522363889352
2015-04-26 11:00:00,22.412666034424355
2015-04-26 11:10:00,22.600999393833177
2015-04-26 11:20:00,22.944940749621612
2015-04-26 11:30:00,22.58925001522368
2015-04-26 11:40:00,22.040944214577475
2015-04-26 11:50:00,22.004116802759825
2015-04-26 12:00:00,21.955937310482696
2015-04-26 12:10:00,21.91910256821686
2015-04-26 12:20:00,21.874893447662533
2015-04-26 12:30:00,21.50706767799317
2015-04-26 12:40:00,21.207060381861428
2015-04-26 12:50:00,21.23867581970466
2015-04-26 13:00:00,21.31502082455631
2015-04-26 13:10:00,21.507296145190736
2015-04-26 13:20:00,21.89649899881115
2015-04-26 13:30:00,22.221465057392216
2015-04-26 13:40:00,22.422439135472207
2015-04-26 13:50:00,22.198769630079823
2015-04-26 14:00:00,21.73138030203435
2015-04-26 14:10:00,21.504012826310568
2015-04-26 14:20:00,21.446337724484636
2015-04-26 14:30:00,21.52963404541394
2015-04-26 14:40:00,21.785852798455124
2015-04-26 14:50:00,21.982193750962267
2015-04-26 15:00:00,22.29970028889409
2015-04-26 15:10:00,22.896743619545294
2015-04-26 15:20:00,22.515444488097426
2015-04-26 15:30:00,21.85557918086438
2015-04-26 15:40:00,21.63055301661597
2015-04-26 15:50:00,21.158964866841846
2015-04-26 16:00:00,21.03690295776088
2015-04-26 16:10:00,21.183986732041603
2015-04-26 16:20:00,21.09594251139948
2015-04-26 16:30:00,21.08013696889145
2015-04-26 16:40:00,21.239732689158473
2015-04-26 16:50:00,21.453398266206705
2015-04-26 17:00:00,21.649666872436892
2015-04-26 17:10:00,21.718776409446054
2015-04-26 17:20:00,21.661271395886793
2015-04-26 17:30:00,21.710920663935575
2015-04-26 17:40:00,21.601782860445688
2015-04-26 17:50:00,21.70168293136605
2015-04-26 18:00:00,21.77928611487983
2015-04-26 18:10:00,21.87223785199882
2015-04-26 18:20:00,21.93127131857678
2015-04-26 18:30:00,21.711127136456426
2015-04-26 18:40:00,21.648596661076496
2015-04-26 18:50:00,21.275356194972375
2015-04-26 19:00:00,20.815323795233443
2015-04-26 19:10:00,21.06677410462398
2015-04-26 19:20:00,21.7606821907167
2015-04-26 19:30:00,21.784031614059177
2015-04-26 19:40:00,21.310995555993717
2015-04-26 19:50:00,21.059401029419735
2015-04-26 20:00:00,21.459614137142964
2015-04-26 20:10:00,21.600255775744383
2015-04-26 20:20:00,21.564736603570648
2015-04-26 20:30:00,22.350626033095384
2015-04-26 20:40:00,22.822396674329813
2015-04-26 20:50:00,22.772218292550185
2015-04-26 21:00:00,22.867834451546166
2015-04-26 21:10:00,22.588804968470466
2015-04-26 21:20:00,22.233992393854017
2015-04-26 21:30:00,22.570247474884038
2015-04-26 21:40:00,22.752281368906527
2015-04-26 21:50:00,22.667163076605547
2015-04-26 22:00:00,23.003216938599724
2015-04-26 22:10:00,23.135474026042047
2015-04-26 22:20:00,23.47280142226656
2015-04-26 22:30:00,24.133900582998116
2015-04-26 22:40:00,23.935199336617572
2015-04-26 22:50:00,23.94113362896539
2015-04-26 23:00:00,24.518194287172157
2015-04-26 23:10:00,24.837550589636223
2015-04-26 23:20:00,25.272563537678494
2015-04-26 23:30:00,25.517136635374953
2015-04-26 23:40:00,25.023315963206276
2015-04-26 23:50:00,24.891740032905428
2015-04-27 00:00:00,25.083453375645774
2015-04-27 00:10:00,25.18983172710511
2015-04-27 00:20:00,25.424181659129356
2015-04-27 00:30:00,25.290497759373107
2015-04-27 00:40:00,25.27089645582217
2015-04-27 00:50:00,25.381683279338027
2015-04-27 01:00:00,26.275704103839818
2015-04-27 01:10:00,26.955586598645333
2015-04-27 01:20:00,26.462306753165073
2015-04-27 01:30:00,25.94510503180043
2015-04-27 01:40:00,26.01399497937607
2015-04-27 01:50:00,26.087440972886565
2015-04-27 02:00:00,26.289840073358064
2015-04-27 02:10:00,26.389785550959385
2015-04-27 02:20:00,25.781914602855554
2015-04-27 02:30:00,26.031867621902858
2015-04-27 02:40:00,26.543854426339866
2015-04-27 02:50:00,26.40122063064144
2015-04-27 03:00:00,25.80060550128743
2015-04-27 03:10:00,25.7752030835736
2015-04-27 03:20:00,26.646917229758337
2015-04-27 03:30:00,27.834576485832574
2015-04-27 03:40:00,28.61041868528752
2015-04-27 03:50:00,28.055307601120777
2015-04-27 04:00:00,27.00676753250019
2015-04-27 04:10:00,26.478971358736665
2015-04-27 04:20:00,26.794788290897625
2015-04-27 04:30:00,27.408937790789384
2015-04-27 04:40:00,27.20752108074915
2015-04-27 04:50:00,26.777413419538124
2015-04-27 05:00:00,26.793608117978145
2015-04-27 05:10:00,27.13909817905398
2015-04-27 05:20:00,27.27964087653742
2015-04-27 05:30:00,27.007738358306025
2015-04-27 05:40:00,27.154148339542246
2015-04-27 05:50:00,26.983268245460284
2015-04-27 06:00:00,26.46621453495626
2015-04-27 06:10:00,25.963162554909115
2015-04-27 06:20:00,25.382775003828392
2015-04-27 06:30:00,24.940853994844186
2015-04-27 06:40:00,24.383682669660967
2015-04-27 06:50:00,24.201749888572383
2015-04-27 07:00:00,23.162221644680766
2015-04-27 07:10:00,21.468233655668673
2015-04-27 07:20:00,20.39237114442447
2015-04-27 07:30:00,19.488313438046486
2015-04-27 07:40:00,18.68468251949857
2015-04-27 07:50:00,18.085241101351734
2015-04-27 08:00:00,18.226356226171713
2015-04-27 08:10:00,18.74243449226454
2015-04-27 08:20:00,18.65310100913342
2015-04-27 08:30:00,19.0380400545342
2015-04-27 08:40:00,20.426124325698858
2015-04-27 08:50:00,21.19510482022527
2015-04-27 09:00:00,21.079751747510155
2015-04-27 09:10:00,20.8945231147084
2015-04-27 09:20:00,20.93612744704345
2015-04-27 09:30:00,20.905112183486917
2015-04-27 09:40:00,20.83658178151379
2015-04-27 09:50:00,20.81988988016408
2015-04-27 10:00:00,20.658510679578978
2015-04-27 10:10:00,20.836026396861726
2015-04-27 10:20:00,21.163562631567345
2015-04-27 10:30:00,21.36785822288978
2015-04-27 10:40:00,21.614969406564512
2015-04-27 10:50:00,21.724952696322664
2015-04-27 11:00:00,22.091688996429472
2015-04-27 11:10:00,22.081329800660733
2015-04-27 11:20:00,21.662884611108932
2015-04-27 11:30:00,21.636289609044404
2015-04-27 11:40:00,21.68103589316377
2015-04-27 11:50:00,21.70797905214263
2015-04-27 12:00:00,21.91334425582188
2015-04-27 12:10:00,22.19689127595116
2015-04-27 12:20:00,21.849414988417198
2015-04-27 12:30:00,21.14048048918181
2015-04-27 12:40:00,20.73558360868724
2015-04-27 12:50:00,20.870449488086923
2015-04-27 13:00:00,21.410055606434806
2015-04-27 13:10:00,21.361779378892795
2015-04-27 13:20:00,20.827000077726478
2015-04-27 13:30:00,20.936417448855334
2015-04-27 13:40:00,21.773548187371997
2015-04-27 13:50:00,22.04703338647502
2015-04-27 14:00:00,21.210683550858867
2015-04-27 14:10:00,20.66563771365737
2015-04-27 14:20:00,20.82980972936313
2015-04-27 14:30:00,21.169399554556126
2015-04-27 14:40:00,21.393577558583665
2015-04-27 14:50:00,21.091957904235343
2015-04-27 15:00:00,20.356827809910566
2015-04-27 15:10:00,19.825670759947023
2015-04-27 15:20:00,19.910304090620066
2015-04-27 15:30:00,19.80901155208445
2015-04-27 15:40:00,19.454318134714143
2015-04-27 15:50:00,19.0781291877448
2015-04-27 16:00:00,19.155354025897918
2015-04-27 16:10:00,19.538233581469548
2015-04-27 16:20:00,19.365601425260472
2015-04-27 16:30:00,19.015234879742685
2015-04-27 16:40:00,19.103868543920104
2015-04-27 16:50:00,19.193736457054946
2015-04-27 17:00:00,18.86177079187422
2015-04-27 17:10:00,19.035094166545004
2015-04-27 17:20:00,19.21595908467487
2015-04-27 17:30:00,19.054432608751704
2015-04-27 17:40:00,19.294934570301482
2015-04-27 17:50:00,19.73558448517464
2015-04-27 18:00:00,20.332884440322722
2015-04-27 18:10:00,20.57182440396958
2015-04-27 18:20:00,20.505921078924867
2015-04-27 18:30:00,20.381319967285563
2015-04-27 18:40:00,20.327420201053066
2015-04-27 18:50:00,20.17101991777718
2015-04-27 19:00:00,19.796690036560683
2015-04-27 19:10:00,20.013167158043036
2015-04-27 19:20:00,20.35278311103418
2015-04-27 19:30:00,20.727118703199306
2015-04-27 19:40:00,21.261127862466157
2015-04-27 19:50:00,21.588597648257156
2015-04-27 20:00:00,22.15919402329185
2015-04-27 20:10:00,22.542518307609026
2015-04-27 20:20:00,22.410440099259112
2015-04-27 20:30:00,22.139317041405885
2015-04-27 20:40:00,21.882706309209816
2015-04-27 20:50:00,21.74243734575981
2015-04-27 21:00:00,22.57581036767214
2015-04-27 21:10:00,23.12143010693366
2015-04-27 21:20:00,22.620735994021715
2015-04-27 21:30:00,23.026918775691346
2015-04-27 21:40:00,23.356192350569945
2015-04-27 21:50:00,22.624869912141204
2015-04-27 22:00:00,22.28273379551334
2015-04-27 22:10:00,22.6114496346447
2015-04-27 22:20:00,22.966341457130124
2015-04-27 22:30:00,23.289049747130573
2015-04-27 22:40:00,23.75294849494978
2015-04-27 22:50:00,24.30315762751893
2015-04-27 23:00:00,24.66725469938877
2015-04-27 23:10:00,25.191320856261562
2015-04-27 23:20:00,25.966916371104094
2015-04-27 23:30:00,26.209496601082847
2015-04-27 23:40:00,25.71392742904771
2015-04-27 23:50:00,25.082923049300746
2015-04-28 00:00:00,25.205958375566933
2015-04-28 00:10:00,25.597745239859613
2015-04-28 00:20:00,25.444434515455672
2015-04-28 00:30:00,25.362778686232527
2015-04-28 00:40:00,25.63330660269161
2015-04-28 00:50:00,25.894364767618566
2015-04-28 01:00:00,25.54082823488536
2015-04-28 01:10:00,25.631121270869528
2015-04-28 01:20:00,26.836283771588977
2015-04-28 01:30:00,27.449002069518556
2015-04-28 01:40:00,27.21935754433297
2015-04-28 01:50:00,27.02431108559086
2015-04-28 02:00:00,27.22171284906024
2015-04-28 02:10:00,27.20536896653989
2015-04-28 02:20:00,26.106813928396175
2015-04-28 02:30:00,25.494617611096835
2015-04-28 02:40:00,25.806722433888524
2015-04-28 02:50:00,25.82386223319878
2015-04-28 03:00:00,26.036088511451
2015-04-28 03:10:00,26.590601473975614
2015-04-28 03:20:00,26.634684414000557
2015-04-28 03:30:00,26.937794894071878
2015-04-28 03:40:00,27.7892153518088
2015-04-28 03:50:00,27.646468567905668
2015-04-28 04:00:00,27.029634090883818
2015-04-28 04:10:00,27.535863027140223
2015-04-28 04:20:00,27.773646452855807
2015-04-28 04:30:00,27.159819726811083
2015-04-28 04:40:00,26.50836350053037
2015-04-28 04:50:00,26.336341900192355
2015-04-28 05:00:00,26.970665695960477
2015-04-28 05:10:00,28.067250903238136
2015-04-28 05:20:00,28.769103185370334
2015-04-28 05:30:00,28.765950661770546
2015-04-28 05:40:00,28.633638486158734
2015-04-28 05:50:00,28.142728120037763
2015-04-28 06:00:00,27.16898583974552
2015-04-28 06:10:00,26.571599623168765
2015-04-28 06:20:00,26.10410892694645
2015-04-28 06:30:00,25.15971790744181
2015-04-28 06:40:00,24.22113470129015
2015-04-28 06:50:00,23.30655864678044
2015-04-28 07:00:00,22.413393493332205
2015-04-28 07:10:00,21.37594398859912
2015-04-28 07:20:00,20.35237399249038
2015-04-28 07:30:00,19.62183965814076
2015-04-28 07:40:00,18.996846460439226
2015-04-28 07:50:00,18.658976657791275
2015-04-28 08:00:00,18.540808161623243
2015-04-28 08:10:00,18.5722273479993
2015-04-28 08:20:00,18.866429217852367
2015-04-28 08:30:00,18.939806334985633
2015-04-28 08:40:00,19.0453724280204
2015-04-28 08:50:00,19.541434072603685
2015-04-28 09:00:00,19.792050159059933
2015-04-28 09:10:00,20.165347002838114
2015-04-28 09:20:00,20.639150381939597
2015-04-28 09:30:00,20.63411695519969
2015-04-28 09:40:00,20.503297096663694
2015-04-28 09:50:00,20.666312957836524
2015-04-28 10:00:00,20.662744377275448
2015-04-28 10:10:00,20.324882625599873
2015-04-28 10:20:00,20.281677802670348
2015-04-28 10:30:00,20.753631640334657
2015-04-28 10:40:00,21.26032514405817
2015-04-28 10:50:00,21.204962462434345
2015-04-28 11:00:00,21.134599407977813
2015-04-28 11:10:00,20.868374508206962
2015-04-28 11:20:00,20.367546361742335
2015-04-28 11:30:00,20.444482073202124
2015-04-28 11:40:00,20.742230818857916
2015-04-28 11:50:00,20.773230043543172
2015-04-28 12:00:00,21.108318261431886
2015-04-28 12:10:00,21.465941388353166
2015-04-28 12:20:00,21.511390713524932
2015-04-28 12:30:00,21.363481075060754
2015-04-28 12:40:00,21.285592411940037
2015-04-28 12:50:00,21.48488335012657
2015-04-28 13:00:00,21.49615897458763
2015-04-28 13:10:00,21.376988830543226
2015-04-28 13:20:00,21.24437528923994
2015-04-28 13:30:00,21.43345822957047
2015-04-28 13:40:00,21.660008862076868
2015-04-28 13:50:00,21.236559633947007
2015-04-28 14:00:00,21.21884202447813
2015-04-28 14:10:00,21.464843374874334
2015-04-28 14:20:00,21.374826157700785
2015-04-28 14:30:00,21.511649715001997
2015-04-28 14:40:00,21.420915895077957
2015-04-28 14:50:00,21.029474190482006
2015-04-28 15:00:00,20.58008282229525
2015-04-28 15:10:00,19.910314284520027
2015-04-28 15:20:00,19.489053173639725
2015-04-28 15:30:00,19.593335191163707
2015-04-28 15:40:00,19.906964789958657
2015-04-28 15:50:00,19.78171131917844
2015-04-28 16:00:00,19.5028584734012
2015-04-28 16:10:00,19.351986575878488
2015-04-28 16:20:00,19.464320438070278
2015-04-28 16:30:00,19.633561068772515
2015-04-28 16:40:00,19.446596561118955
2015-04-28 16:50:00,19.22044006476851
2015-04-28 17:00:00,19.164873104224306
2015-04-28 17:10:00,19.291231361901062
2015-04-28 17:20:00,19.083447430705437
2015-04-28 17:30:00,18.847842649572964
2015-04-28 17:40:00,19.21031083683172
2015-04-28 17:50:00,19.663582623487937
2015-04-28 18:00:00,19.655573407169527
2015-04-28 18:10:00,19.760239153028213
2015-04-28 18:20:00,20.64521858620933
2015-04-28 18:30:00,20.84130786545308
2015-04-28 18:40:00,20.026046758707587
2015-04-28 18:50:00,19.86878247619856
2015-04-28 19:00:00,20.049698979511266
2015-04-28 19:10:00,20.196436040539123
2015-04-28 19:20:00,20.228046820542446
2015-04-28 19:30:00,20.345044783720507
2015-04-28 19:40:00,20.704319684323757
2015-04-28 19:50:00,21.21281514850225
2015-04-28 20:00:00,21.673672801031824
2015-04-28 20:10:00,21.980191606319078
2015-04-28 20:20:00,22.272255044386846
2015-04-28 20:30:00,22.37531552503935
2015-04-28 20:40:00,22.123871642074047
2015-04-28 20:50:00,22.19828024060924
2015-04-28 21:00:00,22.13855695010931
2015-04-28 21:10:00,21.911654227017944
2015-04-28 21:20:00,22.049504032368617
2015-04-28 21:30:00,22.116218142243536
2015-04-28 21:40:00,22.395801292438325
2015-04-28 21:50:00,22.094952812594098
2015-04-28 22:00:00,21.34469585466264
2015-04-28 22:10:00,20.346586499277805
2015-04-28 22:20:00,19.96083534746114
2015-04-28 22:30:00,20.54423354384896
2015-04-28 22:40:00,21.319328360760874
2015-04-28 22:50:00,22.32452502026732
2015-04-28 23:00:00,23.41383735667934
2015-04-28 23:10:00,23.550859307825313
2015-04-28 23:20:00,23.565458517770775
2015-04-28 23:30:00,23.559008321247603
2015-04-28 23:40:00,22.836805263575464
2015-04-28 23:50:00,22.992113403777278
2015-04-29 00:00:00,23.330541708034435
2015-04-29 00:10:00,23.960942210946484
2015-04-29 00:20:00,24.826789748896
2015-04-29 00:30:00,25.23295450362059
2015-04-29 00:40:00,26.154199571330754
2015-04-29 00:50:00,26.02711215902997
2015-04-29 01:00:00,25.181432055984168
2015-04-29 01:10:00,25.168017961334137
2015-04-29 01:20:00,25.189822623349542
2015-04-29 01:30:00,25.44568005139719
2015-04-29 01:40:00,26.423080394822907
2015-04-29 01:50:00,27.264386307388097
2015-04-29 02:00:00,27.09757029073373
2015-04-29 02:10:00,26.471623340429744
2015-04-29 02:20:00,25.718139297019682
2015-04-29 02:30:00,25.317008864264388
2015-04-29 02:40:00,25.196723580224113
2015-04-29 02:50:00,24.69681500351788
2015-04-29 03:00:00,24.570180383663722
2015-04-29 03:10:00,25.09192249690141
2015-04-29 03:20:00,25.461054530197828
2015-04-29 03:30:00,25.348234383637635
2015-04-29 03:40:00,25.263129030049654
2015-04-29 03:50:00,25.226885546172333
2015-04-29 04:00:00,25.310425705908074
2015-04-29 04:10:00,26.487268060578092
2015-04-29 04:20:00,27.273569562941564
2015-04-29 04:30:00,26.84537447193775
2015-04-29 04:40:00,26.370116886981897
2015-04-29 04:50:00,26.19648880150143
2015-04-29 05:00:00,26.525454569219036
2015-04-29 05:10:00,26.431052335313087
2015-04-29 05:20:00,26.20733268398387
2015-04-29 05:30:00,26.39827893769816
2015-04-29 05:40:00,26.237379070985714
2015-04-29 05:50:00,25.957574990030665
2015-04-29 06:00:00,25.885891260432814
2015-04-29 06:10:00,25.933650412302676
2015-04-29 06:20:00,25.5085947164414
2015-04-29 06:30:00,25.497428550283505
2015-04-29 06:40:00,24.8271238962077
2015-04-29 06:50:00,23.229141476003885
2015-04-29 07:00:00,22.065958322771206
2015-04-29 07:10:00,21.2455539284086
2015-04-29 07:20:00,20.826817689803555
2015-04-29 07:30:00,19.639313775264124
2015-04-29 07:40:00,18.48588262983215
2015-04-29 07:50:00,18.16188562834153
2015-04-29 08:00:00,18.15557124048477
2015-04-29 08:10:00,18.408701769402523
2015-04-29 08:20:00,19.113239140200122
2015-04-29 08:30:00,19.970212293770118
2015-04-29 08:40:00,20.27624935260911
2015-04-29 08:50:00,20.664023700523614
2015-04-29 09:00:00,20.968754331418484
2015-04-29 09:10:00,20.84691198164832
2015-04-29 09:20:00,20.65286434908659
2015-04-29 09:30:00,20.61399742072775
2015-04-29 09:40:00,20.933565373226454
2015-04-29 09:50:00,20.852630877765215
2015-04-29 10:00:00,20.815093593829836
2015-04-29 10:10:00,20.817350016281246
2015-04-29 10:20:00,20.721770610094243
2015-04-29 10:30:00,20.94508975784404
2015-04-29 10:40:00,21.099498560195617
2015-04-29 10:50:00,21.08057384700017
2015-04-29 11:00:00,21.422867856944283
2015-04-29 11:10:00,21.841700089636422
2015-04-29 11:20:00,21.570098381170762
2015-04-29 11:30:00,21.200060902801898
2015-04-29 11:40:00,21.30911651423199
2015-04-29 11:50:00,21.27689282008313
2015-04-29 12:00:00,20.99535190961853
2015-04-29 12:10:00,20.992534989332974
2015-04-29 12:20:00,21.115592896448263
2015-04-29 12:30:00,21.59551078283628
2015-04-29 12:40:00,21.545222618412172
2015-04-29 12:50:00,20.674053173307843
2015-04-29 13:00:00,20.422300463956557
2015-04-29 13:10:00,20.408752341961463
2015-04-29 13:20:00,20.334503125082307
2015-04-29 13:30:00,20.431028041594868
2015-04-29 13:40:00,20.576168276673204
2015-04-29 13:50:00,20.88950073179695
2015-04-29 14:00:00,20.949975883495846
2015-04-29 14:10:00,21.157500738180413
2015-04-29 14:20:00,21.195165786274075
2015-04-29 14:30:00,21.03393897432191
2015-04-29 14:40:00,21.226797179475973
2015-04-29 14:50:00,20.88895316596637
2015-04-29 15:00:00,20.094888599455064
2015-04-29 15:10:00,19.867942908484864
2015-04-29 15:20:00,19.92606280041962
2015-04-29 15:30:00,19.86173076227754
2015-04-29 15:40:00,19.90617261526147
2015-04-29 15:50:00,19.963731201375566
2015-04-29 16:00:00,19.520624993969413
2015-04-29 16:10:00,19.085191691890596
2015-04-29 16:20:00,19.134280952605987
2015-04-29 16:30:00,19.654867851481885
2015-04-29 16:40:00,20.249058515209835
2015-04-29 16:50:00,20.151248902325822
2015-04-29 17:00:00,19.817432047653753
2015-04-29 17:10:00,19.557811015567992
2015-04-29 17:20:00,19.452860437768884
2015-04-29 17:30:00,19.43219342556871
2015-04-29 17:40:00,19.452114494896904
2015-04-29 17:50:00,19.693380059649833
2015-04-29 18:00:00,19.97087514993833
2015-04-29 18:10:00,19.844580810712568
2015-04-29 18:20:00,19.87025577948245
2015-04-29 18:30:00,20.040475881099937
2015-04-29 18:40:00,19.93347343396331
2015-04-29 18:50:00,20.010303486785077
2015-04-29 19:00:00,20.316699703072825
2015-04-29 19:10:00,20.664923081663627
2015-04-29 19:20:00,20.81007986438202
2015-04-29 19:30:00,21.037732672530364
2015-04-29 19:40:00,21.24169309030074
2015-04-29 19:50:00,21.10452415727541
2015-04-29 20:00:00,20.94228948712105
2015-04-29 20:10:00,21.258250864118956
2015-04-29 20:20:00,21.507968850423005
2015-04-29 20:30:00,21.310338676220187
2015-04-29 20:40:00,21.298409865609468
2015-04-29 20:50:00,21.43377681505501
2015-04-29 21:00:00,21.44818639191152
2015-04-29 21:10:00,21.181835402721656
2015-04-29 21:20:00,21.395964657643344
2015-04-29 21:30:00,22.380306730018436
2015-04-29 21:40:00,22.92910889308581
2015-04-29 21:50:00,22.788943624954634
2015-04-29 22:00:00,22.937243653840873
2015-04-29 22:10:00,23.4617999844198
2015-04-29 22:20:00,23.32256191376224
2015-04-29 22:30:00,23.228026502159725
2015-04-29 22:40:00,23.9911891763215
2015-04-29 22:50:00,24.708737320993176
2015-04-29 23:00:00,25.187294823228115
2015-04-29 23:10:00,25.461606037644977
2015-04-29 23:20:00,25.831970826348766
2015-04-29 23:30:00,26.25381159043887
2015-04-29 23:40:00,26.59096204845897
2015-04-29 23:50:00,26.167557690055148
2015-04-30 00:00:00,25.420685833570396
2015-04-30 00:10:00,25.655061731393136
2015-04-30 00:20:00,26.482056241337407
2015-04-30 00:30:00,26.93277083479468
2015-04-30 00:40:00,26.777266046116683
2015-04-30 00:50:00,26.8366865322756
2015-04-30 01:00:00,26.57856751269592
2015-04-30 01:10:00,25.93202272266785
2015-04-30 01:20:00,25.471743880651037
2015-04-30 01:30:00,25.6682451725371
2015-04-30 01:40:00,26.527487900473798
2015-04-30 01:50:00,27.311548028276928
2015-04-30 02:00:00,27.121008223192092
2015-04-30 02:10:00,26.249059638893552
2015-04-30 02:20:00,26.074189563011164
2015-04-30 02:30:00,26.072947162685498
2015-04-30 02:40:00,26.159561804541777
2015-04-30 02:50:00,26.707623446607215
2015-04-30 03:00:00,27.301873687083454
2015-04-30 03:10:00,27.64935611450696
2015-04-30 03:20:00,27.82284119989109
2015-04-30 03:30:00,27.981722366407933
2015-04-30 03:40:00,27.704910128401018
2015-04-30 03:50:00,27.499085340577032
2015-04-30 04:00:00,27.788080465478778
2015-04-30 04:10:00,28.916954277791646
2015-04-30 04:20:00,29.30916532352866
2015-04-30 04:30:00,28.47139895966997
2015-04-30 04:40:00,28.227719591964025
2015-04-30 04:50:00,27.65261467735326
2015-04-30 05:00:00,26.218800291158303
2015-04-30 05:10:00,25.712792540616324
2015-04-30 05:20:00,27.077305181403947
2015-04-30 05:30:00,27.853353555799533
2015-04-30 05:40:00,28.037825610087648
2015-04-30 05:50:00,28.259479834140564
2015-04-30 06:00:00,27.35885864937517
2015-04-30 06:10:00,26.13137187327073
2015-04-30 06:20:00,25.370480690517144
2015-04-30 06:30:00,24.78324280633444
2015-04-30 06:40:00,23.709384685821732
2015-04-30 06:50:00,23.130455720458016
2015-04-30 07:00:00,22.62697424065332
2015-04-30 07:10:00,21.344418547991143
2015-04-30 07:20:00,20.17907731106
2015-04-30 07:30:00,19.238153037075843
2015-04-30 07:40:00,18.644353020535057
2015-04-30 07:50:00,18.690085302072703
2015-04-30 08:00:00,18.865557876725543
2015-04-30 08:10:00,18.997810645407665
2015-04-30 08:20:00,19.2618245757561
2015-04-30 08:30:00,19.129006017933914
2015-04-30 08:40:00,18.878393121860974
2015-04-30 08:50:00,19.389051513318105
2015-04-30 09:00:00,20.066507700871053
2015-04-30 09:10:00,20.269753999166713
2015-04-30 09:20:00,20.358094429310615
2015-04-30 09:30:00,20.249007645205083
2015-04-30 09:40:00,20.051668415177012
2015-04-30 09:50:00,20.129294864869472
2015-04-30 10:00:00,20.300773442085784
2015-04-30 10:10:00,20.480692633533796
2015-04-30 10:20:00,20.560315728932473
2015-04-30 10:30:00,20.533908871730066
2015-04-30 10:40:00,20.740771957621007
2015-04-30 10:50:00,20.879814937717597
2015-04-30 11:00:00,20.67836732258738
2015-04-30 11:10:00,20.590187976162472
2015-04-30 11:20:00,20.420027294140773
2015-04-30 11:30:00,20.45570083355692
2015-04-30 11:40:00,20.93898265427107
2015-04-30 11:50:00,21.213366853037314
2015-04-30 12:00:00,21.248755992809727
2015-04-30 12:10:00,21.001158366580416
2015-04-30 12:20:00,20.69250777265092
2015-04-30 12:30:00,20.750093866445887
2015-04-30 12:40:00,20.833138121802396
2015-04-30 12:50:00,20.574667441953572
2015-04-30 13:00:00,20.401755731511038
2015-04-30 13:10:00,20.77815930450359
2015-04-30 13:20:00,21.159883219937203
2015-04-30 13:30:00,21.343370144356633
2015-04-30 13:40:00,21.15709052979783
2015-04-30 13:50:00,20.757496918385886
2015-04-30 14:00:00,20.570546964428598
2015-04-30 14:10:00,20.9001948584657
2015-04-30 14:20:00,21.16921656549467
2015-04-30 14:30:00,20.77514416578613
2015-04-30 14:40:00,20.35667276177657
2015-04-30 14:50:00,19.89049400742226
2015-04-30 15:00:00,19.40193810411804
2015-04-30 15:10:00,18.924647644605145
2015-04-30 15:20:00,18.651305004291807
2015-04-30 15:30:00,18.626336960393736
2015-04-30 15:40:00,18.718018824798936
2015-04-30 15:50:00,18.713014653929843
2015-04-30 16:00:00,18.606447305027825
2015-04-30 16:10:00,18.56815921591113
2015-04-30 16:20:00,18.60056610962839
2015-04-30 16:30:00,18.759926028884575
2015-04-30 16:40:00,19.01464531864316
2015-04-30 16:50:00,19.389884744018698
2015-04-30 17:00:00,19.271413151193972
2015-04-30 17:10:00,18.970979729578886
2015-04-30 17:20:00,19.087328530118025
2015-04-30 17:30:00,19.226946555679415
2015-04-30 17:40:00,19.46393316989643
2015-04-30 17:50:00,19.725792479130387
2015-04-30 18:00:00,19.731887437273144
2015-04-30 18:10:00,19.664945425295656
2015-04-30 18:20:00,19.866698964534553
2015-04-30 18:30:00,19.77371150311856
2015-04-30 18:40:00,19.46937216212217
2015-04-30 18:50:00,19.66737950873664
2015-04-30 19:00:00,20.08302144249575
2015-04-30 19:10:00,20.34257031772137
2015-04-30 19:20:00,20.396266243320344
2015-04-30 19:30:00,21.50440459145755
2015-04-30 19:40:00,22.1095989804488
2015-04-30 19:50:00,21.614788057947756
2015-04-30 20:00:00,21.426156041582086
2015-04-30 20:10:00,21.34003509057821
2015-04-30 20:20:00,21.547495125233702
2015-04-30 20:30:00,21.80505273338257
2015-04-30 20:40:00,21.56496660858185
2015-04-30 20:50:00,21.06135201456932
2015-04-30 21:00:00,21.00462317756912
2015-04-30 21:10:00,21.374767467449463
2015-04-30 21:20:00,21.843057929144827
2015-04-30 21:30:00,21.80582338308477
2015-04-30 21:40:00,21.602117330025596
2015-04-30 21:50:00,21.53779923291147
2015-04-30 22:00:00,21.807423647912902
2015-04-30 22:10:00,22.516973160711405
2015-04-30 22:20:00,22.688507957201182
2015-04-30 22:30:00,22.467634329978168
2015-04-30 22:40:00,22.9247699882265
2015-04-30 22:50:00,23.598328635135587
2015-04-30 23:00:00,24.15944340763048
2015-04-30 23:10:00,24.51751867228204
2015-04-30 23:20:00,24.41399134037081
2015-04-30 23:30:00,24.41309268904343
2015-04-30 23:40:00,24.42632005186797
2015-04-30 23:50:00,24.06786624618585
